file,line,keywords,text
avalonbench_dev/avalon/engine.py,10,quest,        QUEST_PRESET:
avalonbench_dev/avalon/engine.py,11,quest,            - Detail: Presets for each quest under various game settings (number of players)
avalonbench_dev/avalon/engine.py,12,"quest,fail","            - Typing: Dict[num_players: List[List[num_good, num_evil], List[num_players_for_quest], List[num_fails_for_quest]]]"
avalonbench_dev/avalon/engine.py,14,phase,        PHASES: Map from id to different phases
avalonbench_dev/avalon/engine.py,15,role,        ROLES: Map from id to different roles
avalonbench_dev/avalon/engine.py,18,Merlin,        merlin (bool): Whether Merlin is in the game
avalonbench_dev/avalon/engine.py,27,quest,        num_players_for_quest (list): Number of players for each quest
avalonbench_dev/avalon/engine.py,28,"quest,fail",        num_fails_for_quest (list): Number of rejects required for the failure of each quest
avalonbench_dev/avalon/engine.py,37,quest,"    QUEST_PRESET: ClassVar =   {5 : [[3,2] , [2,3,2,3,3], [1,1,1,1,1], ] , "
avalonbench_dev/avalon/engine.py,45,"Assassin,team,quest,phase","    PHASES: ClassVar = {0 : ""Team Selection"", 1 : ""Team Voting"", 2 : ""Quest Voting"", 3 : ""Assassination""}"
avalonbench_dev/avalon/engine.py,46,"Merlin,Minion,Assassin,Servant,role","    ROLES: ClassVar = {0 : ""Merlin"", 1 : ""Percival"", 2 : ""Morgana"", 3 : ""Mordred"", 4 : ""Oberon"", 5 : ""Servant"", 6 : ""Minion"", 7 : ""Assassin""}"
avalonbench_dev/avalon/engine.py,47,role,"    ROLES_REVERSE: ClassVar = {v: k for k, v in ROLES.items()}"
avalonbench_dev/avalon/engine.py,49,Merlin,    merlin: bool = True
avalonbench_dev/avalon/engine.py,58,quest,    num_players_for_quest: list
avalonbench_dev/avalon/engine.py,59,"quest,fail",    num_fails_for_quest: list
avalonbench_dev/avalon/engine.py,66,quest,        num_evil = cls.QUEST_PRESET[num_players][0][1]
avalonbench_dev/avalon/engine.py,68,quest,        num_players_for_quest = cls.QUEST_PRESET[num_players][1]
avalonbench_dev/avalon/engine.py,69,"quest,fail",        num_fails_for_quest = cls.QUEST_PRESET[num_players][2]
avalonbench_dev/avalon/engine.py,75,quest,"            num_players_for_quest=num_players_for_quest,"
avalonbench_dev/avalon/engine.py,76,"quest,fail","            num_fails_for_quest=num_fails_for_quest,"
avalonbench_dev/avalon/engine.py,85,quest,        num_evil = cls.QUEST_PRESET[num_players][0][1]
avalonbench_dev/avalon/engine.py,87,quest,        num_players_for_quest = cls.QUEST_PRESET[num_players][1]
avalonbench_dev/avalon/engine.py,88,"quest,fail",        num_fails_for_quest = cls.QUEST_PRESET[num_players][2]
avalonbench_dev/avalon/engine.py,94,quest,"            num_players_for_quest=num_players_for_quest,"
avalonbench_dev/avalon/engine.py,95,"quest,fail","            num_fails_for_quest=num_fails_for_quest,"
avalonbench_dev/avalon/engine.py,105,role,"    2. Call the class method :method:`from_presets` to instantiate the environment with game presets, which includes role information"
avalonbench_dev/avalon/engine.py,108,role,    - role_names (List[str]): List of role names for each player
avalonbench_dev/avalon/engine.py,110,quest,    - quest_leader (int): The id of the quest leader
avalonbench_dev/avalon/engine.py,139,quest,        quest_leader = presets['quest_leader']
avalonbench_dev/avalon/engine.py,140,role,        role_names = presets['role_names']
avalonbench_dev/avalon/engine.py,141,role,        role_ids = [config.ROLES_REVERSE[role_name] for role_name in role_names]
avalonbench_dev/avalon/engine.py,144,role,"        for idx, role in enumerate(role_names):"
avalonbench_dev/avalon/engine.py,145,"Minion,Assassin,role","            if role in [""Morgana"", ""Mordred"", ""Oberon"", ""Minion"", ""Assassin""]:"
avalonbench_dev/avalon/engine.py,148,role,        cls.roles = np.array(role_ids)
avalonbench_dev/avalon/engine.py,149,role,        cls.role_names = role_names
avalonbench_dev/avalon/engine.py,151,quest,        cls.quest_leader = quest_leader
avalonbench_dev/avalon/engine.py,154,quest,        cls.quest = 0
avalonbench_dev/avalon/engine.py,155,phase,        cls.phase = 0
avalonbench_dev/avalon/engine.py,160,quest,        cls.quest_results = []
avalonbench_dev/avalon/engine.py,161,"team,quest",        cls.quest_team = []
avalonbench_dev/avalon/engine.py,162,"team,vote",        cls.team_votes = []
avalonbench_dev/avalon/engine.py,163,"vote,quest",        cls.quest_votes = []
avalonbench_dev/avalon/engine.py,175,quest,        self.quest = 0
avalonbench_dev/avalon/engine.py,176,phase,        self.phase = 0
avalonbench_dev/avalon/engine.py,180,quest,"        self.quest_leader = np.random.randint(0, self.num_players - 1)"
avalonbench_dev/avalon/engine.py,182,quest,        self.quest_results = []
avalonbench_dev/avalon/engine.py,183,"team,quest",        self.quest_team = []
avalonbench_dev/avalon/engine.py,184,"team,vote",        self.team_votes = []
avalonbench_dev/avalon/engine.py,185,"vote,quest",        self.quest_votes = []
avalonbench_dev/avalon/engine.py,187,role,        # reassign roles
avalonbench_dev/avalon/engine.py,188,role,        return self.assign_roles()
avalonbench_dev/avalon/engine.py,190,role,    def assign_roles(self):
avalonbench_dev/avalon/engine.py,192,role,        assigns roles to players
avalonbench_dev/avalon/engine.py,194,role,"        self.roles = np.full(self.num_players, 5)"
avalonbench_dev/avalon/engine.py,201,role,        # create evil roles
avalonbench_dev/avalon/engine.py,202,role,        evil_roles = [7]
avalonbench_dev/avalon/engine.py,204,role,            evil_roles.append(2)
avalonbench_dev/avalon/engine.py,206,role,            evil_roles.append(3)
avalonbench_dev/avalon/engine.py,208,role,            evil_roles.append(4)
avalonbench_dev/avalon/engine.py,210,role,        # fill rest of evil roles with 6
avalonbench_dev/avalon/engine.py,211,role,        evil_roles += [6] * (self.num_evil - len(evil_roles))
avalonbench_dev/avalon/engine.py,213,role,        # assign evil roles randomly
avalonbench_dev/avalon/engine.py,214,role,"        self.roles[evil_players] = np.random.choice(evil_roles, self.num_evil, replace = False)"
avalonbench_dev/avalon/engine.py,216,role,        # create good roles
avalonbench_dev/avalon/engine.py,217,role,        good_roles = []
avalonbench_dev/avalon/engine.py,218,Merlin,        if self.merlin:
avalonbench_dev/avalon/engine.py,219,role,            good_roles.append(0)
avalonbench_dev/avalon/engine.py,221,role,            good_roles.append(1)
avalonbench_dev/avalon/engine.py,223,role,        # fill rest of good roles with 5
avalonbench_dev/avalon/engine.py,224,role,        good_roles += [5] * (self.num_good - len(good_roles))
avalonbench_dev/avalon/engine.py,226,role,        # assign good roles randomly
avalonbench_dev/avalon/engine.py,228,role,"        self.roles[good_players] = np.random.choice(good_roles, self.num_good, replace = False)"
avalonbench_dev/avalon/engine.py,230,role,        # return list of role names
avalonbench_dev/avalon/engine.py,231,role,        return [self.config.ROLES[role] for role in self.roles]
avalonbench_dev/avalon/engine.py,233,role,"    def get_role(self, player):"
avalonbench_dev/avalon/engine.py,235,role,"        returns tuple of role index, role name, and whether player is good"
avalonbench_dev/avalon/engine.py,237,role,"        return (self.roles[player], self.config.ROLES[self.roles[player]], self.is_good[player])"
avalonbench_dev/avalon/engine.py,239,role,    def get_roles(self):
avalonbench_dev/avalon/engine.py,241,role,"        returns list of tuples of role index, role name, and whether player is good"
avalonbench_dev/avalon/engine.py,243,role,"        return [(role, self.config.ROLES[role], self.is_good[player]) for player, role in enumerate(self.roles)]"
avalonbench_dev/avalon/engine.py,250,Merlin,"        # if player is Merlin or evil, return all sides"
avalonbench_dev/avalon/engine.py,251,role,        if self.roles[player] == 0 or not self.is_good[player]:
avalonbench_dev/avalon/engine.py,257,phase,    def get_phase(self):
avalonbench_dev/avalon/engine.py,259,phase,        returns tuple of phase index and phase name
avalonbench_dev/avalon/engine.py,261,phase,"        return (self.phase, self.config.PHASES[self.phase])"
avalonbench_dev/avalon/engine.py,263,quest,    def get_quest_leader(self):
avalonbench_dev/avalon/engine.py,265,quest,        returns quest leader
avalonbench_dev/avalon/engine.py,267,quest,        return self.quest_leader
avalonbench_dev/avalon/engine.py,269,team,    def get_team_size(self):
avalonbench_dev/avalon/engine.py,271,team,        returns team size
avalonbench_dev/avalon/engine.py,273,quest,        return self.num_players_for_quest[self.turn]
avalonbench_dev/avalon/engine.py,275,"team,quest","    def choose_quest_team(self, team: frozenset, leader):"
avalonbench_dev/avalon/engine.py,277,"team,quest",        chooses quest team
avalonbench_dev/avalon/engine.py,278,team,        team: list of players on team
avalonbench_dev/avalon/engine.py,279,"quest,phase","        returns: (next phase, whether game is done, next quest leader)"
avalonbench_dev/avalon/engine.py,285,"team,phase","        # check if it is team selection phase. if not, raise error"
avalonbench_dev/avalon/engine.py,286,phase,        if self.phase != 0:
avalonbench_dev/avalon/engine.py,287,"team,phase","            raise AvalonEnvException(""Not in team selection phase"")"
avalonbench_dev/avalon/engine.py,289,team,        # check if team size is valid
avalonbench_dev/avalon/engine.py,290,"team,quest",        # if np.sum(team) != self.num_players_for_quest[self.round]:
avalonbench_dev/avalon/engine.py,291,team,"        #     raise AvalonEnvException(""Invalid team size"")"
avalonbench_dev/avalon/engine.py,293,"team,quest",        if len(team) != self.num_players_for_quest[self.turn]:
avalonbench_dev/avalon/engine.py,294,team,"            raise AvalonEnvException(""Invalid team size"")"
avalonbench_dev/avalon/engine.py,296,quest,        # check if leader is quest leader
avalonbench_dev/avalon/engine.py,297,quest,        if leader != self.quest_leader:
avalonbench_dev/avalon/engine.py,298,quest,"            raise AvalonEnvException(""Not quest leader"")"
avalonbench_dev/avalon/engine.py,300,"team,quest",        self.quest_team = team
avalonbench_dev/avalon/engine.py,302,phase,        # move to next phase
avalonbench_dev/avalon/engine.py,303,phase,        self.phase += 1
avalonbench_dev/avalon/engine.py,304,quest,        self.quest_leader = (self.quest_leader + 1) % self.num_players
avalonbench_dev/avalon/engine.py,306,"quest,phase","        return (self.phase, self.done, self.quest_leader)"
avalonbench_dev/avalon/engine.py,308,"team,quest",    def get_current_quest_team(self):
avalonbench_dev/avalon/engine.py,310,"team,quest",        returns list of players on quest team
avalonbench_dev/avalon/engine.py,312,"team,quest",        return self.quest_team
avalonbench_dev/avalon/engine.py,314,"team,vote","    def gather_team_votes(self, votes: List):"
avalonbench_dev/avalon/engine.py,316,"team,vote,quest","        votes on quest team: list, 0 for reject, 1 for accept"
avalonbench_dev/avalon/engine.py,317,"team,phase","        returns (next phase, whether game is done, whether team is accepted)"
avalonbench_dev/avalon/engine.py,323,"team,phase","        # check if it is team voting phase. if not, raise error"
avalonbench_dev/avalon/engine.py,324,phase,        if self.phase != 1:
avalonbench_dev/avalon/engine.py,325,"team,phase","            raise AvalonEnvException(""Not in team voting phase"")"
avalonbench_dev/avalon/engine.py,327,vote,        # check if votes is valid
avalonbench_dev/avalon/engine.py,328,vote,        if len(votes) != self.num_players:
avalonbench_dev/avalon/engine.py,329,vote,"            raise AvalonEnvException(""Invalid number of votes"")"
avalonbench_dev/avalon/engine.py,331,"team,vote",        self.team_votes = votes
avalonbench_dev/avalon/engine.py,333,team,"        # if this is the MAX_ROUNDS round, then team automatically passes"
avalonbench_dev/avalon/engine.py,335,phase,            self.phase += 1
avalonbench_dev/avalon/engine.py,337,phase,"            return (self.phase, self.done, True)"
avalonbench_dev/avalon/engine.py,339,"team,phase","        # if strict majority accepts, move to next phase. Otherwise back to team selection"
avalonbench_dev/avalon/engine.py,340,vote,        if sum(votes) > self.num_players / 2:
avalonbench_dev/avalon/engine.py,341,phase,            self.phase += 1
avalonbench_dev/avalon/engine.py,343,phase,"            return (self.phase, self.done, True)"
avalonbench_dev/avalon/engine.py,345,phase,            self.phase = 0
avalonbench_dev/avalon/engine.py,347,phase,"            return (self.phase, self.done, False)"
avalonbench_dev/avalon/engine.py,349,"team,vote,quest",    def get_quest_team_votes(self):
avalonbench_dev/avalon/engine.py,351,"team,vote,quest",        returns list of votes on quest team
avalonbench_dev/avalon/engine.py,353,"team,vote,quest",        return self.quest_team_votes
avalonbench_dev/avalon/engine.py,355,"vote,quest","    def gather_quest_votes(self, votes: List):"
avalonbench_dev/avalon/engine.py,357,"vote,quest,fail","        votes on quest: list, 0 for fail, 1 for pass"
avalonbench_dev/avalon/engine.py,358,"quest,fail,phase","        returns: (next phase, whether game is done, whether the quest succeeded, number of fails)"
avalonbench_dev/avalon/engine.py,364,"quest,phase","        # check if it is quest voting phase. if not, raise error"
avalonbench_dev/avalon/engine.py,365,phase,        if self.phase != 2:
avalonbench_dev/avalon/engine.py,366,"quest,phase","            raise AvalonEnvException(""Not in quest voting phase"")"
avalonbench_dev/avalon/engine.py,368,vote,        # check if votes is valid
avalonbench_dev/avalon/engine.py,369,"vote,quest",        if len(votes) != self.num_players_for_quest[self.turn]:
avalonbench_dev/avalon/engine.py,370,vote,"            raise AvalonEnvException(""Invalid number of votes"")"
avalonbench_dev/avalon/engine.py,372,"vote,quest",        self.quest_votes = votes
avalonbench_dev/avalon/engine.py,374,"vote,fail",        num_fails = len(votes) - sum(votes)
avalonbench_dev/avalon/engine.py,376,"quest,fail","        # if number of fails is greater to or equal to number of fails allowed, quest fails"
avalonbench_dev/avalon/engine.py,377,"quest,fail",        if (num_fails) >= self.num_fails_for_quest[self.turn]:
avalonbench_dev/avalon/engine.py,379,quest,            self.quest_results.append(False)
avalonbench_dev/avalon/engine.py,382,"team,quest,fail,phase",            # end game if 3 quests failed. Otherwise go to team selection phase
avalonbench_dev/avalon/engine.py,383,quest,            if len(self.quest_results) - sum(self.quest_results) == 3:
avalonbench_dev/avalon/engine.py,386,"fail,phase","                return (self.phase, self.done, False, num_fails)"
avalonbench_dev/avalon/engine.py,388,phase,                self.phase = 0
avalonbench_dev/avalon/engine.py,389,"fail,phase","                return (self.phase, self.done, False, num_fails)"
avalonbench_dev/avalon/engine.py,392,quest,            self.quest_results.append(True)
avalonbench_dev/avalon/engine.py,395,"Assassin,team,quest,phase",            # go to assassination phase if 3 quests succeeded. Otherwise go to team selection phase
avalonbench_dev/avalon/engine.py,396,quest,            if sum(self.quest_results) == 3:
avalonbench_dev/avalon/engine.py,397,phase,                self.phase += 1
avalonbench_dev/avalon/engine.py,399,phase,                self.phase = 0
avalonbench_dev/avalon/engine.py,400,"fail,phase","            return (self.phase, self.done, True, num_fails)"
avalonbench_dev/avalon/engine.py,402,Assassin,    def get_assassin(self):
avalonbench_dev/avalon/engine.py,404,Assassin,        returns assassin
avalonbench_dev/avalon/engine.py,406,role,        return np.where(self.roles == 7)[0][0]
avalonbench_dev/avalon/engine.py,408,Assassin,"    def choose_assassination_target(self, player, target):"
avalonbench_dev/avalon/engine.py,410,Assassin,        chooses assassination target
avalonbench_dev/avalon/engine.py,411,phase,"        returns: (next phase, whether game is done, whether good wins)"
avalonbench_dev/avalon/engine.py,418,"Assassin,phase","        # check if it is assassination phase. if not, raise error"
avalonbench_dev/avalon/engine.py,419,phase,        if self.phase != 3:
avalonbench_dev/avalon/engine.py,420,"Assassin,phase","            raise AvalonEnvException(""Not in assassination phase"")"
avalonbench_dev/avalon/engine.py,422,Assassin,        # check if player is assassin
avalonbench_dev/avalon/engine.py,423,role,        if self.roles[player] != 7:
avalonbench_dev/avalon/engine.py,424,Assassin,"            raise AvalonEnvException(""Not assassin"")"
avalonbench_dev/avalon/engine.py,428,Assassin,"            raise AvalonEnvException(""Assassin cannot be good"")"
avalonbench_dev/avalon/engine.py,432,Merlin,        # check if target is merlin
avalonbench_dev/avalon/engine.py,433,role,        if self.roles[target] == 0:
avalonbench_dev/avalon/engine.py,435,phase,"            return (self.phase, self.done, False)"
avalonbench_dev/avalon/engine.py,437,"quest,success",        # check if at least 3 successfuel quests
avalonbench_dev/avalon/engine.py,438,quest,        if sum(self.quest_results) >= 3:
avalonbench_dev/avalon/engine.py,440,phase,"            return (self.phase, self.done, True)"
avalonbench_dev/avalon/engine.py,444,phase,"        return (self.phase, self.done, False)"
avalonbench_dev/avalon/engine.py,450,quest,"        'quest_leader': 0,"
avalonbench_dev/avalon/engine.py,451,"Servant,role","        'role_names': ['Servant', 'Percival', 'Morgana', 'Mordred', 'Oberon']"
avalonbench_dev/avalon/engine.py,454,role,    print(env.get_role(0))
avalonbench_dev/avalon/engine.py,458,role,    print(env.get_role(0))
avalonbench_dev/avalon/engine.py,460,role,    # print(env.roles)
avalonbench_dev/avalon/engine.py,462,role,    # print(config.ROLES)
avalonbench_dev/avalon/engine.py,463,role,    # print(config.ROLES_REVERSE)
avalonbench_dev/avalon/test_engine.py,9,role,    # print roles from env
avalonbench_dev/avalon/test_engine.py,10,role,    print(env.get_roles())
avalonbench_dev/avalon/test_engine.py,13,phase,        # print phase from env
avalonbench_dev/avalon/test_engine.py,14,phase,        phase = env.get_phase()[0]
avalonbench_dev/avalon/test_engine.py,15,phase,        print(env.get_phase()[1])
avalonbench_dev/avalon/test_engine.py,17,"team,phase","        # if phase is team selection phase, ask for team"
avalonbench_dev/avalon/test_engine.py,18,phase,        if phase == 0:
avalonbench_dev/avalon/test_engine.py,19,team,"            print(f""Please choose {env.get_team_size()} players in this round."")"
avalonbench_dev/avalon/test_engine.py,20,quest,            leader = env.get_quest_leader()
avalonbench_dev/avalon/test_engine.py,21,team,"            team = [int(x) for x in input(f""Enter team player {leader}: "").split()]"
avalonbench_dev/avalon/test_engine.py,22,"team,quest","            env.choose_quest_team(team, leader)"
avalonbench_dev/avalon/test_engine.py,24,"team,vote,phase","        # if phase is team voting phase, ask for votes"
avalonbench_dev/avalon/test_engine.py,25,phase,        elif phase == 1:
avalonbench_dev/avalon/test_engine.py,26,"team,vote","            votes = [int(x) for x in input(""Enter team votes: "").split()]"
avalonbench_dev/avalon/test_engine.py,27,"team,vote",            env.vote_on_team(votes)
avalonbench_dev/avalon/test_engine.py,29,"vote,quest,phase","        # if phase is quest voting phase, ask for votes"
avalonbench_dev/avalon/test_engine.py,30,phase,        elif phase == 2:
avalonbench_dev/avalon/test_engine.py,31,"vote,quest","            votes = [int(x) for x in input(""Enter quest votes: "").split()]"
avalonbench_dev/avalon/test_engine.py,32,"vote,quest",            env.vote_on_quest(votes)
avalonbench_dev/avalon/test_engine.py,34,"Assassin,phase","        # if phase is assassination phase, ask for assassination"
avalonbench_dev/avalon/test_engine.py,35,phase,        elif phase == 3:
avalonbench_dev/avalon/test_engine.py,36,Assassin,            assassin = env.get_assassin()
avalonbench_dev/avalon/test_engine.py,37,Assassin,"            target = int(input(f""Enter assassination target: ""))"
avalonbench_dev/avalon/test_engine.py,38,Assassin,"            env.choose_assassination_target(assassin, target)"
good_examples/Avalon/dialogue_guide/list.py,1,"Merlin,role,quest","guides = [""""""Six questions to fill out before speaking as the Merlin role"
good_examples/Avalon/dialogue_guide/list.py,7,team,Q3: Who is the current round leader and which players are you considering to suggest for the team?
good_examples/Avalon/dialogue_guide/list.py,9,team,Q4: Create a subtle suggestion that influences the leader's team decision towards your preferred team without revealing your knowledge.
good_examples/Avalon/dialogue_guide/list.py,13,role,"Q6: Craft a statement to share these observations subtly without giving away your role."""""", "
good_examples/Avalon/dialogue_guide/list.py,14,"Merlin,role,quest","""""""Questions to fill out before speaking as the Merlin role"
good_examples/Avalon/dialogue_guide/list.py,20,team,Q3: Who is the current round leader and which players are you considering to suggest for the team?
good_examples/Avalon/dialogue_guide/list.py,22,team,Q4: Create a subtle suggestion that influences the leader's team decision towards your preferred team without revealing your knowledge.
good_examples/Avalon/dialogue_guide/list.py,26,"role,team",Q6: Analyze the voting patterns and team compositions proposed by each player to identify potential alliances or suspicious behaviors. Craft a statement to subtly address these observations without revealing your role.
good_examples/Avalon/dialogue_guide/list.py,28,"discussion,team,success,phase",Q7: Which player seems the most supportive of Good and how can you align with them during the discussion phase to better ensure success for your team?
good_examples/Avalon/dialogue_guide/list.py,30,discussion,"Q8: Assess your level of suspicion towards each player and craft a statement addressing how you will interact with those players during the discussion."""""",      "
good_examples/Avalon/dialogue_guide/list.py,31,"Merlin,role,quest","""""""Questions to fill out before speaking as the Merlin role"
good_examples/Avalon/dialogue_guide/list.py,37,team,Q3: Who is the current round leader and which players are you considering to suggest for the team?
good_examples/Avalon/dialogue_guide/list.py,39,team,Q4: Create a subtle suggestion that influences the leader's team decision towards your preferred team without revealing your knowledge.
good_examples/Avalon/dialogue_guide/list.py,43,role,Q6: Craft a statement to share these observations subtly without giving away your role.
good_examples/Avalon/dialogue_guide/list.py,47,"discussion,phase","Q8: Produce a statement to subtly align yourself with the player you feel most aligned with during the discussion phase."""""","
good_examples/Avalon/dialogue_guide/list.py,48,"Merlin,role,quest","""""""Questions to fill out before speaking as the Merlin role"
good_examples/Avalon/dialogue_guide/list.py,54,team,Q3: Who is the current round leader and which players are you considering to suggest for the team?
good_examples/Avalon/dialogue_guide/list.py,56,team,Q4: Create a subtle suggestion that influences the leader's team decision towards your preferred team without revealing your knowledge.
good_examples/Avalon/dialogue_guide/list.py,60,role,Q6: Craft a statement to share these observations subtly without giving away your role.
good_examples/Avalon/dialogue_guide/list.py,64,"discussion,phase",Q8: Produce a statement to subtly align yourself with the player you feel most aligned with during the discussion phase.
good_examples/Avalon/english.py,1,"Merlin,role,quest","role_to_guide = {0: """"""Six questions to fill out before speaking as the Merlin role"
good_examples/Avalon/english.py,7,team,Q3: Who is the current round leader and which players are you considering to suggest for the team?
good_examples/Avalon/english.py,9,team,Q4: Create a subtle suggestion that influences the leader's team decision towards your preferred team without revealing your knowledge.
good_examples/Avalon/english.py,13,role,"Q6: Craft a statement to share these observations subtly without giving away your role."""""", "
good_examples/Avalon/english.py,14,"Minion,role,quest","6: """"""Six questions to fill out before speaking as the Minion role"
good_examples/Avalon/english.py,18,"team,vote",Q2: Construct a statement to deflect suspicion and support the interpretation of your votes in a way that seems consistent with the Good team's intentions.
good_examples/Avalon/english.py,22,"Merlin,Servant","Q4: Devise a statement that reinforces their trust in you, subtly reinforcing any perception they might have that you are a Servant of Arthur or Merlin."
good_examples/Avalon/english.py,24,"Merlin,Servant,role,discussion",Q5: Write down a strategy on how you could create confusion in the discussion without making it too obvious that you're steering the conversation towards uncertainty. How can you subtly cast doubt on the real Merlin or other Servants' roles/statements?
good_examples/Avalon/english.py,26,"Merlin,Servant,role,action","Q6: If the opportunity arises, jot down a convincing claim to the role of Servant of Arthur or Merlin. Consider your previous statements and actions. How will you substantiate this claim convincingly?"""""","
good_examples/Avalon/english.py,27,"Servant,role,quest","5: """"""Six questions to fill out before speaking as the Servant role"
good_examples/Avalon/english.py,29,discussion,"Q1: From the discussion so far, who do you suspect might be a member of the Evil side and why?"
good_examples/Avalon/english.py,33,vote,"Q3: Who have you identified as potentially being on the Good side, based on their behavior and votes?"
good_examples/Avalon/english.py,37,discussion,"Q5: Prepare a statement that addresses these contradictions, promoting a discussion about it while not becoming too assertive."
good_examples/Avalon/english.py,39,Servant,Q6: Note down your voting decisions in past rounds and their outcomes. Does the pattern support your claim of being a Servant?
good_examples/Avalon/english.py,41,Servant,"Q7: Without revealing you are a Servant, formulate a statement that suggests your consistency and trustworthiness based on your voting pattern."
good_examples/Avalon/english.py,43,"Servant,role,discussion,quest,phase","Remember, the goal of these questions is to aid you in designing effective communication during the discussion phase of the game, aligning with the objectives of the Servant role. Be cautious, observant, and adaptive."""""","
good_examples/Avalon/english.py,44,"Assassin,role,quest","7: """"""Six questions to fill out before speaking as the Assassin role"
good_examples/Avalon/english.py,46,Servant,Q1: Which player seems to have a deeper understanding of the game flow than normal Servants should possess?
good_examples/Avalon/english.py,50,team,Q3: Who has been the most influential in the team selection and voting process?
good_examples/Avalon/english.py,52,discussion,Q4: Devise a statement to express agreement with this player's viewpoint subtly. This should make you less suspicious while enabling you to manipulate the discussion.
good_examples/Avalon/english.py,54,action,Q5: Which player seems the most supportive of your views and actions in the game?
good_examples/Avalon/english.py,56,"team,quest",Q6: Craft a statement subtly emphasizing your alignment with this supportive player’s thoughts. This should increase your chances of being included in quest teams and reduce suspicion around you.
good_examples/Avalon/english.py,58,"Merlin,discussion","Q7: Based on the discussions so far, who do you suspect to be Merlin the most and why?"
good_examples/Avalon/english.py,60,"Merlin,action","Q8: Without revealing your suspicion, devise a statement to interact with this suspected Merlin. This should help gauge their reactions and verify or rule out your suspicion without raising any alarms."""""""
good_examples/Avalon/recon.py,1,"Merlin,role,quest","role_to_guide = {0: """"""Six questions to fill out before speaking as the Merlin role"
good_examples/Avalon/recon.py,3,role,"Q1: What roles do you think the other players have, and why?"
good_examples/Avalon/recon.py,7,role,"Q3: What role do the other players think I have, and why?"
good_examples/Avalon/recon.py,9,role,"Q4: Given the suspected roles of the other players, what should I say next?"
good_examples/Avalon/recon.py,14,"Minion,role,quest","6: """"""Six questions to fill out before speaking as the Minion role"
good_examples/Avalon/recon.py,16,role,"Q1: What roles do you think the other players have, and why?"
good_examples/Avalon/recon.py,20,role,"Q3: What role do the other players think I have, and why?"
good_examples/Avalon/recon.py,22,role,"Q4: Given the suspected roles of the other players, what should I say next?"
good_examples/Avalon/recon.py,27,"Servant,role,quest","5: """"""Six questions to fill out before speaking as the Servant role"
good_examples/Avalon/recon.py,29,role,"Q1: What roles do you think the other players have, and why?"
good_examples/Avalon/recon.py,33,role,"Q3: What role do the other players think I have, and why?"
good_examples/Avalon/recon.py,35,role,"Q4: Given the suspected roles of the other players, what should I say next?"
good_examples/Avalon/recon.py,40,"Assassin,role,quest","7: """"""Six questions to fill out before speaking as the Assassin role"
good_examples/Avalon/recon.py,42,role,"Q1: What roles do you think the other players have, and why?"
good_examples/Avalon/recon.py,46,role,"Q3: What role do the other players think I have, and why?"
good_examples/Avalon/recon.py,48,role,"Q4: Given the suspected roles of the other players, what should I say next?"
good_examples/Avalon/value_heuristics/list.py,4,phase,    phase: int = state['phase']
good_examples/Avalon/value_heuristics/list.py,6,quest,    quest_leader: int = state['quest_leader']
good_examples/Avalon/value_heuristics/list.py,7,"team,quest",    quest_team: set[int] = state['quest_team']
good_examples/Avalon/value_heuristics/list.py,8,quest,    historical_quest_results: list[bool] = state['historical_quest_results']
good_examples/Avalon/value_heuristics/list.py,9,"team,vote",    historical_team_votes: list[bool] = state['historical_team_votes']
good_examples/Avalon/value_heuristics/list.py,11,quest,    num_participants_per_quest: list[int] = state['num_participants_per_quest']
good_examples/Avalon/value_heuristics/list.py,12,"quest,fail",    num_fails_per_quest: list[int] = state['num_fails_per_quest']
good_examples/Avalon/value_heuristics/list.py,13,role,    roles: list[str] = state['roles']
good_examples/Avalon/value_heuristics/list.py,21,"team,phase",    if phase == 0:  # Team selection phase
good_examples/Avalon/value_heuristics/list.py,22,"role,quest",        # Modify the probability of Good winning based on the role of the quest leader
good_examples/Avalon/value_heuristics/list.py,23,"Minion,Assassin,role,quest","        if roles[quest_leader] in ['Minion', 'Assassin']:"
good_examples/Avalon/value_heuristics/list.py,29,role,        intermediate_values['role_influence'] = prob_good_victory
good_examples/Avalon/value_heuristics/list.py,31,"team,phase",    elif phase == 1:  # Team approval phase
good_examples/Avalon/value_heuristics/list.py,32,"team,vote",        if len(historical_team_votes) >= 4:
good_examples/Avalon/value_heuristics/list.py,35,"Minion,Assassin,role,quest","            if roles[quest_leader] in ['Minion', 'Assassin']:"
good_examples/Avalon/value_heuristics/list.py,43,"quest,phase",    elif phase == 2:  # Quest phase
good_examples/Avalon/value_heuristics/list.py,44,"quest,success",        successful_quests = sum(historical_quest_results)
good_examples/Avalon/value_heuristics/list.py,45,"quest,success,fail",        failed_quests = len(historical_quest_results) - successful_quests
good_examples/Avalon/value_heuristics/list.py,46,"quest,success,fail",        if successful_quests > failed_quests:
good_examples/Avalon/value_heuristics/list.py,52,quest,        intermediate_values['quest_outcome'] = prob_good_victory
good_examples/Avalon/value_heuristics/list.py,54,"Assassin,phase",    elif phase == 3:  # Assassination phase
good_examples/Avalon/value_heuristics/list.py,55,"Merlin,role",        if 'Merlin' in roles:
good_examples/Avalon/value_heuristics/list.py,61,Assassin,        intermediate_values['assassination_outcome'] = prob_good_victory
good_examples/Avalon/value_heuristics/list.py,75,phase,    phase = state['phase']
good_examples/Avalon/value_heuristics/list.py,77,quest,    quest_leader = state['quest_leader']
good_examples/Avalon/value_heuristics/list.py,78,"team,quest",    quest_team = state['quest_team']
good_examples/Avalon/value_heuristics/list.py,79,quest,    historical_quest_results = state['historical_quest_results']
good_examples/Avalon/value_heuristics/list.py,80,"team,vote",    historical_team_votes = state['historical_team_votes']
good_examples/Avalon/value_heuristics/list.py,82,quest,    num_participants_per_quest = state['num_participants_per_quest']
good_examples/Avalon/value_heuristics/list.py,83,"quest,fail",    num_fails_per_quest = state['num_fails_per_quest']
good_examples/Avalon/value_heuristics/list.py,84,role,    roles = state['roles']
good_examples/Avalon/value_heuristics/list.py,91,"team,phase",    if phase == 0:  # team selection phase
good_examples/Avalon/value_heuristics/list.py,92,"team,phase",        # No need to adjust win rates in team selection phase
good_examples/Avalon/value_heuristics/list.py,93,team,        intermediate_values['team_selection_value'] = 0.0
good_examples/Avalon/value_heuristics/list.py,95,"team,phase",    elif phase == 1:  # team approval phase
good_examples/Avalon/value_heuristics/list.py,101,"Minion,role",                minions = [p for p in evil_players if roles[p] == 'Minion']
good_examples/Avalon/value_heuristics/list.py,102,Minion,"                # If player is a Minion, adjust their win rate based on the number of Minions in the game"
good_examples/Avalon/value_heuristics/list.py,103,"Minion,role",                if roles[player] == 'Minion':
good_examples/Avalon/value_heuristics/list.py,104,Minion,                    expected_winrates_per_player[player] = prob_good_victory / len(minions)
good_examples/Avalon/value_heuristics/list.py,106,Minion,                    expected_winrates_per_player[player] = prob_good_victory / (len(evil_players) - len(minions))
good_examples/Avalon/value_heuristics/list.py,108,team,        intermediate_values['team_approval_value'] = 0.0
good_examples/Avalon/value_heuristics/list.py,110,"quest,phase",    elif phase == 2:  # quest phase
good_examples/Avalon/value_heuristics/list.py,111,"quest,phase",        # No need to adjust win rates in quest phase
good_examples/Avalon/value_heuristics/list.py,112,"quest,phase",        intermediate_values['quest_phase_value'] = 0.0
good_examples/Avalon/value_heuristics/list.py,114,"Assassin,phase",    elif phase == 3:  # assassination phase
good_examples/Avalon/value_heuristics/list.py,115,"Merlin,Assassin",        # Adjust win rates based on the probability of Merlin being assassinated by Assassin
good_examples/Avalon/value_heuristics/list.py,117,"Merlin,role",        merlin = [p for p in players if roles[p] == 'Merlin'][0]
good_examples/Avalon/value_heuristics/list.py,118,"Assassin,role",        assassin = [p for p in players if roles[p] == 'Assassin'][0]
good_examples/Avalon/value_heuristics/list.py,119,"Merlin,Assassin","        if turn == 5:  # Last turn, Assassin has a chance to assassinate Merlin"
good_examples/Avalon/value_heuristics/list.py,120,"Assassin,team,quest,fail",            if assassin in quest_team and 'fail' in quest_team[assassin]:
good_examples/Avalon/value_heuristics/list.py,121,"Merlin,Assassin,team,quest,fail","                # Merlin was on the quest team and failed the quest, so Assassin can assassinate Merlin"
good_examples/Avalon/value_heuristics/list.py,122,Merlin,                expected_winrates_per_player[merlin] = 0.0
good_examples/Avalon/value_heuristics/list.py,124,"Merlin,Assassin,team,quest,fail","                # Merlin was not on the quest team or did not fail the quest, so Assassin cannot assassinate Merlin"
good_examples/Avalon/value_heuristics/list.py,125,Merlin,                expected_winrates_per_player[merlin] = prob_good_victory
good_examples/Avalon/value_heuristics/list.py,127,Assassin,        intermediate_values['assassination_value'] = 0.0
multi_agent/agents/chat_agent.py,15,role,"                ""role"": ""user"","
multi_agent/agents/chat_agent.py,20,role,"                ""role"": ""user"","
multi_agent/agents/chat_agent.py,26,role,"            'role': 'user',"
multi_agent/agents/chat_agent.py,29,action,        await self.session.action(
multi_agent/agents/chat_agent.py,39,action,        await self.session.action(
multi_agent/mods/langchain_mods.py,54,role,"            if item.role == ""user"":"
multi_agent/mods/langchain_mods.py,56,role,"            elif item.role == ""agent"":"
multi_agent/mods/langchain_mods.py,59,role,"                raise NotImplementedError(f""Role {item.role} not supported"")"
multi_agent/mods/langchain_mods.py,62,action,"    async def action(self, input: Dict=None, **kwargs) -> AgentOutput:"
multi_agent/mods/langchain_mods.py,69,role,"                role=""agent"", content=agent_response.content"
multi_agent/proxy.py,24,action,"                For now, only session.action()"
multi_agent/proxy.py,39,quest,"                    Or, you can pass require_reply=True to request a reply, which is equivalent to max_rounds == 1"
multi_agent/proxy.py,63,role,"                if self.session.history[i].role == ""agent"":"
multi_agent/proxy.py,70,role,"                ""role"": ""user"","
multi_agent/proxy.py,115,action,"            # print(""Action..."")"
multi_agent/proxy.py,120,action,            # take action
multi_agent/proxy.py,156,role,"                            ""role"": ""user"","
multi_agent/proxy.py,161,role,"                            ""role"": ""user"","
multi_agent/proxy.py,172,role,"                        ""role"": ""user"","
multi_agent/proxy.py,177,role,"                        ""role"": ""user"","
multi_agent/proxy.py,187,role,"                            ""role"": ""user"","
multi_agent/proxy.py,192,role,"                            ""role"": ""user"","
multi_agent/proxy.py,228,action,            reply = await self.session.action()
multi_agent/proxy.py,231,role,"                ""role"": ""user"","
multi_agent/session_wrapper.py,15,action,"    async def action(self, input: Dict):"
multi_agent/session_wrapper.py,25,action,        self.decorate_method('action')
multi_agent/session_wrapper.py,48,action,"    async def action(self, input: Dict=None, **kwargs):"
multi_agent/session_wrapper.py,53,action,        response = await self.session.action()
multi_agent/test/test_langchain.py,8,action,    await wrapped_session.action({
multi_agent/test/test_langchain.py,9,role,"        'role': 'user',"
multi_agent/test/test_langchain.py,14,action,async def test_normal_action(wrapped_session: SessionWrapper):
multi_agent/test/test_langchain.py,15,action,    await wrapped_session.action({
multi_agent/test/test_langchain.py,16,role,"        'role': 'user',"
multi_agent/test/test_langchain.py,21,action,    await wrapped_session.action({
multi_agent/test/test_langchain.py,22,role,"        'role': 'user',"
multi_agent/test/test_langchain.py,31,action,    await wrapped_session.action({
multi_agent/test/test_langchain.py,32,role,"        'role': 'user',"
multi_agent/test/test_langchain.py,39,action,        await wrapped_session.action({
multi_agent/test/test_langchain.py,40,role,"            'role': 'user',"
multi_agent/test/test_langchain.py,49,role,"        'role': 'user',"
multi_agent/test/test_langchain.py,59,action,    await test_normal_action(wrapped_session)
multi_agent/test/test_proxy.py,7,action,    await wrapped_session.action({
multi_agent/test/test_proxy.py,8,role,"        'role': 'user',"
multi_agent/test/test_proxy.py,13,action,async def test_normal_action(wrapped_session: SessionWrapper):
multi_agent/test/test_proxy.py,14,action,    await wrapped_session.action({
multi_agent/test/test_proxy.py,15,role,"        'role': 'user',"
multi_agent/test/test_proxy.py,20,action,    await wrapped_session.action({
multi_agent/test/test_proxy.py,21,role,"        'role': 'user',"
multi_agent/test/test_proxy.py,30,action,    await wrapped_session.action({
multi_agent/test/test_proxy.py,31,role,"        'role': 'user',"
multi_agent/test/test_proxy.py,38,action,        await wrapped_session.action({
multi_agent/test/test_proxy.py,39,role,"            'role': 'user',"
multi_agent/test/test_proxy.py,48,role,"        'role': 'user',"
multi_agent/test/test_proxy.py,58,action,    await test_normal_action(wrapped_session)
multi_agent/typings.py,6,action,"    async def action(self, input: Dict):"
src/analysis.py,48,fail,"    ""Invalid Format"": lambda x: x[""AGENT_VALIDATION_FAILED""],"
src/analysis.py,49,action,"    ""Invalid Action"": lambda x: x[""AGENT_INVALID_ACTION""],"
src/analysis.py,189,success,"        return overall_result[""custom""][""overall""][""success_rate""]"
src/analysis.py,249,step,"        return overall_result[""custom""][""step_sr""] / 100"
src/assigner.py,57,fail,"        self.task_worker_fail_count: Dict[str, int] = {}"
src/assigner.py,69,step,        # Step 1. Check if output folder exists (resume or create)
src/assigner.py,77,step,"        # Step 2. walk through all the folders in output folder({output}/agent/task/runs.jsonl),"
src/assigner.py,177,step,            # Step 0. Get real time task free worker
src/assigner.py,184,step,            # Step 1. init edges: SRC -> agent -> task -> DST
src/assigner.py,206,step,            # Step 2. Create graph and calculate max flow
src/assigner.py,215,step,"            # Step 3. yield all (agent, task, index) tuples"
src/assigner.py,235,step,            # Step 4. sleep for a while
src/assigner.py,281,success,"                f""   >> {self.finished_count} sample(s) finished successfully."""
src/assigner.py,288,fail,"                    f""   >> {self.started_count - self.finished_count} sample(s) failed."""
src/assigner.py,347,fail,"                                      f""failed with error {result.error} {result.info} {result.output}""))"
src/assigner.py,415,action,"        ""--auto-retry"", ""-r"", action=""store_true"", dest=""retry"""
src/client/agent_test.py,15,action,def interaction(agent: AgentClient):
src/client/agent_test.py,21,role,"            history.append({""role"": ""user"", ""content"": user})"
src/client/agent_test.py,26,role,"                history.append({""role"": ""agent"", ""content"": agent_response})"
src/client/agent_test.py,43,action,    interaction(agent_client)
src/client/agents/claude_agent.py,29,role,"            if message[""role""] == ""user"":"
src/client/agents/fastchat_client.py,5,quest,import requests
src/client/agents/fastchat_client.py,8,quest,"from requests.exceptions import Timeout, ConnectionError"
src/client/agents/fastchat_client.py,34,role,            role_dict = {
src/client/agents/fastchat_client.py,39,role,"                prompt += f""{role_dict[item['role']]}: {item['content']}\n\n"""
src/client/agents/fastchat_client.py,49,role,            role_dict = {
src/client/agents/fastchat_client.py,54,role,"                prompt += role_dict[item[""role""]].format(content=item[""content""])"
src/client/agents/fastchat_client.py,64,role,            role_dict = {
src/client/agents/fastchat_client.py,69,role,"                prompt += role_dict[item[""role""]].format(content=item[""content""])"
src/client/agents/fastchat_client.py,87,role,"                if item[""role""] == ""user"":"
src/client/agents/fastchat_client.py,98,action,"    """"""This agent is a test agent, which does nothing. (return empty string for each action)"""""""
src/client/agents/fastchat_client.py,149,role,"                role = history_item[""role""]"
src/client/agents/fastchat_client.py,151,role,"                if role == ""user"":"
src/client/agents/fastchat_client.py,152,role,"                    conv.append_message(conv.roles[0], content)"
src/client/agents/fastchat_client.py,153,role,"                elif role == ""agent"":"
src/client/agents/fastchat_client.py,154,role,"                    conv.append_message(conv.roles[1], content)"
src/client/agents/fastchat_client.py,156,role,"                    raise ValueError(f""Unknown role: {role}"")"
src/client/agents/fastchat_client.py,157,role,"            conv.append_message(conv.roles[1], None)"
src/client/agents/fastchat_client.py,169,quest,                response = requests.post(
src/client/agents/http_agent.py,5,quest,import requests
src/client/agents/http_agent.py,6,quest,from urllib3.exceptions import InsecureRequestWarning
src/client/agents/http_agent.py,12,quest,old_merge_environment_settings = requests.Session.merge_environment_settings
src/client/agents/http_agent.py,30,quest,    requests.Session.merge_environment_settings = merge_environment_settings
src/client/agents/http_agent.py,34,quest,"            warnings.simplefilter('ignore', InsecureRequestWarning)"
src/client/agents/http_agent.py,37,quest,        requests.Session.merge_environment_settings = old_merge_environment_settings
src/client/agents/http_agent.py,63,role,        return Prompter.role_content_dict()
src/client/agents/http_agent.py,66,role,"    def batched_role_content_dict(*args, **kwargs):"
src/client/agents/http_agent.py,67,role,"        base = Prompter.role_content_dict(*args, **kwargs)"
src/client/agents/http_agent.py,76,role,    def role_content_dict(
src/client/agents/http_agent.py,78,role,"        role_key: str = ""role"","
src/client/agents/http_agent.py,80,role,"        user_role: str = ""user"","
src/client/agents/http_agent.py,81,role,"        agent_role: str = ""agent"","
src/client/agents/http_agent.py,84,role,"            nonlocal message_key, role_key, content_key, user_role, agent_role"
src/client/agents/http_agent.py,85,role,            role_dict = {
src/client/agents/http_agent.py,86,role,"                ""user"": user_role,"
src/client/agents/http_agent.py,87,role,"                ""agent"": agent_role,"
src/client/agents/http_agent.py,92,role,"                    {role_key: role_dict[item[""role""]], content_key: item[""content""]}"
src/client/agents/http_agent.py,110,role,"                if item[""role""] == ""user"":"
src/client/agents/http_agent.py,133,role,"                Prompter.role_content_dict(""messages"", ""author"", ""content"", ""user"", ""bot"")(messages)"
src/client/agents/http_agent.py,194,quest,                    resp = requests.post(
src/client/agents/http_agent.py,215,fail,"        raise Exception(""Failed."")"
src/client/task.py,3,quest,import requests
src/client/task.py,11,fail,"    START_FAILED = ""START_FAILED"""
src/client/task.py,12,fail,"    INTERACT_FAILED = ""INTERACT_FAILED"""
src/client/task.py,13,fail,"    AGENT_FAILED = ""AGENT_FAILED"""
src/client/task.py,27,quest,        result = requests.get(
src/client/task.py,36,quest,            result = requests.get(
src/client/task.py,56,quest,            result = requests.post(
src/client/task.py,58,quest,"                json=StartSampleRequest(name=self.name, index=index).dict(),"
src/client/task.py,68,fail,"                error=TaskError.START_FAILED.value, info=result.text"
src/client/task.py,87,quest,                requests.post(
src/client/task.py,89,quest,"                    json=CancelRequest(session_id=sid).dict(),"
src/client/task.py,92,fail,"                    error=TaskError.AGENT_FAILED.value,"
src/client/task.py,98,quest,                result = requests.post(
src/client/task.py,100,quest,                    json=InteractRequest(
src/client/task.py,112,quest,                requests.post(
src/client/task.py,114,quest,"                    json=CancelRequest(session_id=sid).dict(),"
src/client/task.py,117,fail,"                    error=TaskError.INTERACT_FAILED.value,"
src/client/task.py,146,quest,        res = requests.post(
src/client/task.py,148,quest,"            json=CalculateOverallRequest(name=self.name, results=results).dict(),"
src/server/task.py,127,role,"        if len(return_messages) > 0 and return_messages[-1].role == ""user"":"
src/server/task.py,138,role,"        return_messages.append(ChatHistoryItem(role=""user"", content=instruction))"
src/server/task.py,143,action,"    async def action(self, *injection) -> AgentOutput:"
src/server/task.py,144,action,"        # print(""session.action"")"
src/server/task.py,152,role,"                role=""agent"", content=agent_response.content or agent_response.status"
src/server/task.py,189,action,            res = await session.action(
src/server/task.py,190,role,"                {""role"": ""user"", ""content"": ""Loop: %d"" % loop_times}"
src/server/task_controller.py,270,quest,"    async def receive_heartbeat(self, data: RegisterRequest):"
src/server/task_controller.py,296,quest,"    async def start_sample(self, data: StartSampleRequest):"
src/server/task_controller.py,359,quest,"    async def interact(self, data: InteractRequest):"
src/server/task_controller.py,411,quest,"    async def cancel(self, data: CancelRequest):"
src/server/task_controller.py,435,quest,"    async def calculate_overall(self, data: CalculateOverallRequest):"
src/server/task_controller.py,478,fail,"                    f""syncing {name} task worker {worker_id} at {target_worker.address} failed"","
src/server/task_controller.py,518,fail,"            print(ColorMessage.yellow(""natural syncing failed, try to cancel all""))"
src/server/task_controller.py,528,fail,"                    f""syncing {name} task worker {worker_id} at {target_worker.address} failed"""
src/server/task_controller.py,580,fail,"                print(ColorMessage.yellow(f""{task_name}#{task_worker_id} sync failed""))"
src/server/task_controller.py,608,fail,"                    print(ColorMessage.yellow(f""worker {task_name}#{task_worker.id} cancel all failed""), e)"
src/server/task_worker.py,104,fail,"                print(""Heartbeat failed:"", e)"
src/server/task_worker.py,128,quest,"    async def start_sample(self, parameters: WorkerStartSampleRequest):"
src/server/task_worker.py,160,quest,"    async def interact(self, parameters: InteractRequest):"
src/server/task_worker.py,169,quest,"                detail=""Task Executing, please do not send new request."","
src/server/task_worker.py,190,quest,                cancelling.append(self.cancel(CancelRequest(session_id=session_id)))
src/server/task_worker.py,193,quest,"    async def cancel(self, parameters: CancelRequest):"
src/server/task_worker.py,217,quest,"    async def sample_status(self, parameters: SampleStatusRequest):"
src/server/task_worker.py,234,quest,"    async def calculate_overall(self, request: CalculateOverallRequest):"
src/server/task_worker.py,235,quest,        return self.task.calculate_overall(request.results)
src/server/tasks/GOPS/agents/alphabeta.py,24,step,"    async def step(self, state, **kargs):"
src/server/tasks/GOPS/agents/alphabeta.py,25,action,"        """"""Returns the action to be taken by this bot in the given state."""""""
src/server/tasks/GOPS/agents/alphabeta.py,26,action,        legal_actions = state.legal_actions(self.id)
src/server/tasks/GOPS/agents/alphabeta.py,27,action,"        value, action = minimax.expectiminimax(state, 5, construct_value_returns(self.id), self.id)"
src/server/tasks/GOPS/agents/alphabeta.py,28,action,"        print(""Action from ABBot: "", action)"
src/server/tasks/GOPS/agents/alphabeta.py,29,action,        return action
src/server/tasks/GOPS/agents/llmagent.py,6,action,from ..gops_exception import GOPSAgentActionException
src/server/tasks/GOPS/agents/llmagent.py,23,role,"            ""role"": ""user"","
src/server/tasks/GOPS/agents/llmagent.py,33,action,            await self.session.action({
src/server/tasks/GOPS/agents/llmagent.py,34,role,"                ""role"": ""user"","
src/server/tasks/GOPS/agents/llmagent.py,39,action,            await self.session.action({
src/server/tasks/GOPS/agents/llmagent.py,40,role,"                ""role"": ""user"","
src/server/tasks/GOPS/agents/llmagent.py,66,action,        card = await self.session.action({
src/server/tasks/GOPS/agents/llmagent.py,67,role,"            ""role"": ""user"","
src/server/tasks/GOPS/agents/llmagent.py,73,action,            card = await self.session.action({
src/server/tasks/GOPS/agents/llmagent.py,74,role,"                ""role"": ""user"","
src/server/tasks/GOPS/agents/llmagent.py,80,action,"            raise GOPSAgentActionException(""Invalid card with retry."")"
src/server/tasks/GOPS/agents/llmagent.py,84,step,"    async def step(self, state: str, opponent_hand: List, contested_scores: int, score_card_left: List) -> int:"
src/server/tasks/GOPS/agents/llmagent.py,110,action,        cards = await self.session.action({
src/server/tasks/GOPS/agents/llmagent.py,111,role,"            ""role"": ""user"","
src/server/tasks/GOPS/agents/llmagent.py,126,action,            cards = await self.session.action({
src/server/tasks/GOPS/agents/llmagent.py,127,role,"                ""role"": ""user"","
src/server/tasks/GOPS/agents/llmagent.py,138,action,"            raise GOPSAgentActionException(""Invalid card with retry."")"
src/server/tasks/GOPS/agents/mcts.py,43,step,"    async def step(self, state, **kargs):"
src/server/tasks/GOPS/agents/mcts.py,44,action,"        """"""Returns the action to be taken by this bot in the given state."""""""
src/server/tasks/GOPS/agents/mcts.py,45,"step,action",        action = self.mcts_bot.step(state)
src/server/tasks/GOPS/agents/mcts.py,46,action,"        print(""Action from ABBot: "", action)"
src/server/tasks/GOPS/agents/mcts.py,47,action,        return action
src/server/tasks/GOPS/agents/naive.py,22,step,"    async def step(self, state: str, opponent_hand: List, contested_scores: int, score_card_left: List) -> int:"
src/server/tasks/GOPS/agents/smminimax.py,17,step,"    def step(self, state):"
src/server/tasks/GOPS/agents/smminimax.py,38,action,        self.action_enumerator = GOPSActionEnumerator()
src/server/tasks/GOPS/agents/smminimax.py,39,action,        self.action_predictor = GOPSRandomActionPredictor()
src/server/tasks/GOPS/agents/smminimax.py,43,action,"        self.value_heuristic = RandomRolloutValueHeuristic(self.actor_enumerator, self.action_enumerator, "
src/server/tasks/GOPS/agents/smminimax.py,47,action,"                                self.action_enumerator, self.action_predictor, "
src/server/tasks/GOPS/agents/smminimax.py,53,step,"    async def step(self, state: str=None, opponent_hand: List=None, contested_scores: int=None, score_card_left: List=None, **kwargs):"
src/server/tasks/GOPS/agents/smminimax.py,54,action,"        """"""Returns the action to be taken by this bot in the given state."""""""
src/server/tasks/GOPS/agents/smminimax.py,64,action,        # then get the best action from the value graph
src/server/tasks/GOPS/agents/smminimax.py,65,action,        action = self.value_graph.get_best_action(gops_state)
src/server/tasks/GOPS/agents/smminimax.py,67,action,        card = action
src/server/tasks/GOPS/agents/smminimax.py,71,action,        return action
src/server/tasks/GOPS/gops_exception.py,26,action,class GOPSAgentActionException(GOPSException):
src/server/tasks/GOPS/gops_exception.py,28,action,"        super().__init__(""Invalid action (result) with retry"", detail)"
src/server/tasks/GOPS/ops_task.py,127,action,"                action_list, prob_list = zip(*outcomes_with_probs)"
src/server/tasks/GOPS/ops_task.py,128,action,"                action = rng.choice(action_list, p=prob_list)"
src/server/tasks/GOPS/ops_task.py,129,action,                score_card_left = list(np.array(list(action_list)) + 1)
src/server/tasks/GOPS/ops_task.py,130,action,                state.apply_action(action)
src/server/tasks/GOPS/ops_task.py,152,"step,action",                    action = await player1.step(
src/server/tasks/GOPS/ops_task.py,158,action,                    move1 = int(action) + 1
src/server/tasks/GOPS/ops_task.py,161,"step,action",                    action = await player2.step(
src/server/tasks/GOPS/ops_task.py,168,action,                    move2 = int(action) + 1
src/server/tasks/GOPS/ops_task.py,173,action,"                print(""Player {} takes action {} at state {}"".format(state.current_player(), action, state))"
src/server/tasks/GOPS/ops_task.py,175,action,                state.apply_action(action)
src/server/tasks/GOPS/task.py,128,step,            move1 = await player1.step(
src/server/tasks/GOPS/task.py,135,step,            move2 = await player2.step(
src/server/tasks/GOPS/task.py,144,step,            # move1 = await player1.step(
src/server/tasks/GOPS/task.py,152,step,            # move2 = await player2.step(
src/server/tasks/GOPS/wrapper.py,15,action,        self.decorate_method('action')
src/server/tasks/GOPS/wrapper.py,25,action,"    async def action(self, input: Dict):"
src/server/tasks/GOPS/wrapper.py,29,role,"                ""role"": input['role'],"
src/server/tasks/GOPS/wrapper.py,32,action,            response = await self.session.action()
src/server/tasks/avalon/agents/agent.py,8,role,        role (int): The role (id) of the agent.
src/server/tasks/avalon/agents/agent.py,12,team,        - :method:`Agent.propose_team`
src/server/tasks/avalon/agents/agent.py,13,"team,vote",        - :method:`Agent.vote_on_team`
src/server/tasks/avalon/agents/agent.py,14,"vote,mission",        - :method:`Agent.vote_on_mission`
src/server/tasks/avalon/agents/agent.py,16,role,"    def __init__(self, id: int, role: int, config: AvalonBasicConfig) -> None:"
src/server/tasks/avalon/agents/agent.py,19,role,        self.role = role
src/server/tasks/avalon/agents/agent.py,20,role,        self.role_name = config.ROLES[role]
src/server/tasks/avalon/agents/agent.py,24,"team,mission","    def propose_team(self, mission_id: int) -> frozenset[int]:"
src/server/tasks/avalon/agents/agent.py,25,team,"        r""""""Propose a team of given size."
src/server/tasks/avalon/agents/agent.py,28,"team,mission,quest",            mission_id (int): The id of the mission. team_size = config.num_players_for_quest[mission_id]
src/server/tasks/avalon/agents/agent.py,31,team,            frozenset[int]: The list of player ids to be included in the team.
src/server/tasks/avalon/agents/agent.py,36,"team,vote,mission","    def vote_on_team(self, mission_id: int, team: frozenset[int]) -> bool:"
src/server/tasks/avalon/agents/agent.py,37,"team,vote","        r""""""Vote on a given team."
src/server/tasks/avalon/agents/agent.py,40,"mission,quest,fail",            mission_id (int): The id of the mission. num_fails = self.config.num_fails_for_quest[mission_id]
src/server/tasks/avalon/agents/agent.py,41,team,            team (frozenset[int]): The list of player ids included in the team.
src/server/tasks/avalon/agents/agent.py,44,vote,            bool: The vote result.
src/server/tasks/avalon/agents/agent.py,48,"team,vote,mission,quest","    def vote_on_mission(self, mission_id: int, quest_team: frozenset[int]) -> bool:"
src/server/tasks/avalon/agents/agent.py,49,"team,vote,quest","        r""""""Vote on a quest (team)."
src/server/tasks/avalon/agents/agent.py,52,"mission,quest,fail",            mission_id (int): The id of the mission. num_fails = self.config.num_fails_for_quest[mission_id]
src/server/tasks/avalon/agents/agent.py,53,"team,quest",            quest_team (frozenset[int]): The list of player ids included in the quest.
src/server/tasks/avalon/agents/agent.py,56,vote,            bool: The vote result.
src/server/tasks/avalon/agents/agent.py,61,Assassin,"    def assassinate(self, num_players: int) -> int:"
src/server/tasks/avalon/agents/agent.py,62,Assassin,"        r""""""Assassinate a player."
src/server/tasks/avalon/agents/agent.py,68,Assassin,"            int: The id of the player to assassinate. The id is in the range [0, num_players)."
src/server/tasks/avalon/agents/baseline_agents.py,16,role,    - role (int): The role (id) of the agent.
src/server/tasks/avalon/agents/baseline_agents.py,22,role,"    def __init__(self, id: int, role: int, config: AvalonBasicConfig, name: str, side: int=None, sides: List[int] = None, **kwargs):"
src/server/tasks/avalon/agents/baseline_agents.py,23,role,"        super().__init__(id, role, config)"
src/server/tasks/avalon/agents/baseline_agents.py,27,role,        self.role = role
src/server/tasks/avalon/agents/baseline_agents.py,28,team,        self.team = None
src/server/tasks/avalon/agents/baseline_agents.py,35,"Merlin,role","            # if role is 0 (Merlin) or side is evil, warn that player_sides are not seen"
src/server/tasks/avalon/agents/baseline_agents.py,36,role,            if role == 0 or side == 0:
src/server/tasks/avalon/agents/baseline_agents.py,37,Merlin,"                warnings.warn(""Merlin and evil players did not see player sides in initialization"")"
src/server/tasks/avalon/agents/baseline_agents.py,50,"team,mission","    async def propose_team(self, mission_id: int, **kwargs):"
src/server/tasks/avalon/agents/baseline_agents.py,51,"mission,quest","        return frozenset(random.sample(range(0, self.config.num_players), self.config.num_players_for_quest[mission_id]))"
src/server/tasks/avalon/agents/baseline_agents.py,53,"team,vote,mission","    async def vote_on_team(self, mission_id, team: frozenset, **kwargs):"
src/server/tasks/avalon/agents/baseline_agents.py,56,"team,vote,mission","    async def vote_on_mission(self, mission_id, team: frozenset, **kwargs):"
src/server/tasks/avalon/agents/baseline_agents.py,65,role,"    def assign_role(self, role):"
src/server/tasks/avalon/agents/baseline_agents.py,66,role,        self.role = role
src/server/tasks/avalon/agents/baseline_agents.py,74,"team,mission","    async def observe_mission(self, team: frozenset, mission_id: int, **kargs):"
src/server/tasks/avalon/agents/baseline_agents.py,77,"team,vote,mission","    async def observe_team_result(self, mission_id, team: frozenset, votes: List[int], outcome: Tuple):"
src/server/tasks/avalon/agents/baseline_agents.py,80,Assassin,    async def assassinate(self):
src/server/tasks/avalon/agents/baseline_agents.py,87,Minion,class NaiveMinion(NaiveAgent):
src/server/tasks/avalon/agents/baseline_agents.py,89,"Minion,role","    def __init__(self, id: int, name: str, config: AvalonBasicConfig, side: int=0, role_name: str=""Minion"", role: int=6, sides: List[int]=None, **configs):"
src/server/tasks/avalon/agents/baseline_agents.py,90,role,        assert role == 6
src/server/tasks/avalon/agents/baseline_agents.py,96,role,"            role    =   role,"
src/server/tasks/avalon/agents/baseline_agents.py,100,"team,vote,mission","    async def vote_on_mission(self, mission_id: int, team: frozenset, **kwargs):"
src/server/tasks/avalon/agents/baseline_agents.py,101,"mission,quest,fail",        num_fails = self.config.num_fails_for_quest[mission_id]
src/server/tasks/avalon/agents/baseline_agents.py,103,"team,vote,success,fail","        # if less than num_fails evil players on the team, vote success"
src/server/tasks/avalon/agents/baseline_agents.py,104,"team,fail",        if sum([self.player_sides[i] == 0 for i in team]) < num_fails:
src/server/tasks/avalon/agents/baseline_agents.py,106,"team,vote,fail","        # if equal to num_fails evil players on the team, vote fail"
src/server/tasks/avalon/agents/baseline_agents.py,107,"team,fail",        elif sum([self.player_sides[i] == 0 for i in team]) == num_fails:
src/server/tasks/avalon/agents/baseline_agents.py,109,"Assassin,team,vote,success,fail","        # if there are only two evil players in the game (ie. the assassin is on the team) and num_fails == 1, vote success. otherwise, vote fail"
src/server/tasks/avalon/agents/baseline_agents.py,110,fail,        elif self.config.num_evil == 2 and num_fails == 1:
src/server/tasks/avalon/agents/baseline_agents.py,115,"team,vote,mission","    async def vote_on_team(self, mission_id: int, team: frozenset, **kwargs):"
src/server/tasks/avalon/agents/baseline_agents.py,116,"team,mission,fail","        # approve if there are at least x evil player(s) on the team, where x is number of fails required for this mission"
src/server/tasks/avalon/agents/baseline_agents.py,117,"mission,quest,fail",        num_fails = self.config.num_fails_for_quest[mission_id]
src/server/tasks/avalon/agents/baseline_agents.py,118,"team,fail",        if sum([self.player_sides[i] == 0 for i in team]) >= num_fails:
src/server/tasks/avalon/agents/baseline_agents.py,123,"team,mission","    async def propose_team(self, mission_id: int, **kwargs):"
src/server/tasks/avalon/agents/baseline_agents.py,124,"mission,quest,fail",        num_fails = self.config.num_fails_for_quest[mission_id]
src/server/tasks/avalon/agents/baseline_agents.py,125,"Minion,team,mission,fail","        # choose evil team with x-1 other evil player(s), where x is number of fails required for this mission, plus the minion"
src/server/tasks/avalon/agents/baseline_agents.py,126,"team,fail","        evil_team = random.sample([i for i in range(self.config.num_players) if self.player_sides[i] == 0 and i != self.id], num_fails - 1) + [self.id]"
src/server/tasks/avalon/agents/baseline_agents.py,128,"team,mission","        # propose a random team that includes evil_team and y-x good player(s), where y is number of players required for this mission"
src/server/tasks/avalon/agents/baseline_agents.py,129,"team,mission,quest,fail","        return frozenset(random.sample([i for i in range(self.config.num_players) if i not in evil_team and self.player_sides[i] == 1], self.config.num_players_for_quest[mission_id] - num_fails) + evil_team)"
src/server/tasks/avalon/agents/baseline_agents.py,131,Assassin,class NaiveAssassin(NaiveAgent):
src/server/tasks/avalon/agents/baseline_agents.py,133,"Assassin,role","    def __init__(self, id: int, name: str, config: AvalonBasicConfig, side: int=0, role_name: str=""Assassin"", role: int=7, sides: List[int]=None, **configs):"
src/server/tasks/avalon/agents/baseline_agents.py,134,role,        assert role == 7
src/server/tasks/avalon/agents/baseline_agents.py,140,role,"            role    =   role,"
src/server/tasks/avalon/agents/baseline_agents.py,144,"team,vote,mission","    async def vote_on_mission(self, mission_id: int, team: frozenset, **kwargs):"
src/server/tasks/avalon/agents/baseline_agents.py,145,"mission,quest,fail",        num_fails = self.config.num_fails_for_quest[mission_id]
src/server/tasks/avalon/agents/baseline_agents.py,147,"team,vote,success,fail","        # if less than num_fails evil players on the team, vote success"
src/server/tasks/avalon/agents/baseline_agents.py,148,"team,fail",        if sum([self.player_sides[i] == 0 for i in team]) < num_fails:
src/server/tasks/avalon/agents/baseline_agents.py,150,"vote,fail",        # else vote fail
src/server/tasks/avalon/agents/baseline_agents.py,154,"team,vote,mission","    async def vote_on_team(self, team: frozenset, mission_id: int, **kwargs):"
src/server/tasks/avalon/agents/baseline_agents.py,155,"team,mission,fail","        # approve if there are at least x evil player(s) on the team, where x is number of fails required for this mission"
src/server/tasks/avalon/agents/baseline_agents.py,156,"mission,quest,fail",        num_fails = self.config.num_fails_for_quest[mission_id]
src/server/tasks/avalon/agents/baseline_agents.py,157,"team,fail",        if sum([self.player_sides[i] == 0 for i in team]) >= num_fails:
src/server/tasks/avalon/agents/baseline_agents.py,162,"team,mission","    async def propose_team(self, mission_id: int, **kwargs):"
src/server/tasks/avalon/agents/baseline_agents.py,163,"mission,quest,fail",        num_fails = self.config.num_fails_for_quest[mission_id]
src/server/tasks/avalon/agents/baseline_agents.py,164,"Assassin,team,mission,fail","        # choose evil team with x-1 other evil player(s), where x is number of fails required for this mission, plus the assassin"
src/server/tasks/avalon/agents/baseline_agents.py,165,"team,fail","        evil_team = random.sample([i for i in range(self.config.num_players) if self.player_sides[i] == 0 and i != self.id], num_fails - 1) + [self.id]"
src/server/tasks/avalon/agents/baseline_agents.py,167,"team,mission","        # propose a random team that includes evil_team and y-x good player(s), where y is number of players required for this mission"
src/server/tasks/avalon/agents/baseline_agents.py,168,"team,mission,quest,fail","        return frozenset(random.sample([i for i in range(self.config.num_players) if i not in evil_team and self.player_sides[i] == 1], self.config.num_players_for_quest[mission_id] - num_fails) + evil_team)"
src/server/tasks/avalon/agents/baseline_agents.py,170,Assassin,"    async def assassinate(self, **kwargs):"
src/server/tasks/avalon/agents/baseline_agents.py,171,Assassin,        # assassinate a random good player
src/server/tasks/avalon/agents/baseline_agents.py,174,Merlin,class NaiveMerlin(NaiveAgent):
src/server/tasks/avalon/agents/baseline_agents.py,176,role,"    def __init__(self, id: int, name: str, config: AvalonBasicConfig, side: int=1, role: int=0, sides: List[int]=None, **configs):"
src/server/tasks/avalon/agents/baseline_agents.py,177,role,        assert role == 0
src/server/tasks/avalon/agents/baseline_agents.py,183,role,"            role    =   role,"
src/server/tasks/avalon/agents/baseline_agents.py,187,"team,vote,mission","    async def vote_on_team(self, team: frozenset, mission_id: int, **kwargs):"
src/server/tasks/avalon/agents/baseline_agents.py,188,team,        # approve if there are no evil players on the team
src/server/tasks/avalon/agents/baseline_agents.py,189,team,        if any([self.player_sides[i] == 0 for i in team]):
src/server/tasks/avalon/agents/baseline_agents.py,194,"team,mission","    async def propose_team(self, mission_id: int, **kwargs):"
src/server/tasks/avalon/agents/baseline_agents.py,195,"Merlin,team",        # propose a random team with all good players that includes Merlin
src/server/tasks/avalon/agents/baseline_agents.py,196,"mission,quest","        return frozenset(random.sample([i for i in range(self.config.num_players) if self.player_sides[i] != 0 and i != self.id], self.config.num_players_for_quest[mission_id] - 1) + [self.id])"
src/server/tasks/avalon/agents/baseline_agents.py,198,Servant,class NaiveServant(NaiveAgent):
src/server/tasks/avalon/agents/baseline_agents.py,200,role,"    def __init__(self, id: int, name: str, config: AvalonBasicConfig, side: int=1, role: int=5, sides: List[int]=None, lexigraphic: bool=True, **configs):"
src/server/tasks/avalon/agents/baseline_agents.py,201,role,        assert role == 5
src/server/tasks/avalon/agents/baseline_agents.py,207,role,"            role    =   role,"
src/server/tasks/avalon/agents/baseline_agents.py,215,"team,mission",        # generate team preferences for first mission
src/server/tasks/avalon/agents/baseline_agents.py,216,team,        self.team_preferences = self.generate_team_preferences(0)
src/server/tasks/avalon/agents/baseline_agents.py,218,team,        # record the largest and most recent team that succeeded
src/server/tasks/avalon/agents/baseline_agents.py,219,"team,success",        self.largest_successful_team = None
src/server/tasks/avalon/agents/baseline_agents.py,224,Servant,        '''Util func of NaiveServant
src/server/tasks/avalon/agents/baseline_agents.py,251,"team,mission","    def generate_team_preferences(self, mission_id: int):"
src/server/tasks/avalon/agents/baseline_agents.py,253,"team,mission",        generates preferences across mission teams specified by mission_id
src/server/tasks/avalon/agents/baseline_agents.py,255,"team,mission,quest",        team_size = self.config.num_players_for_quest[mission_id]
src/server/tasks/avalon/agents/baseline_agents.py,256,team,"        # generate list of all possible teams of size team_size, where team should be a set of player ids"
src/server/tasks/avalon/agents/baseline_agents.py,257,team,"        teams = [frozenset(team) for team in itertools.combinations(range(self.config.num_players), team_size)]"
src/server/tasks/avalon/agents/baseline_agents.py,259,team,"        # maintain a list of preferences for each team, and set all preferences to 0"
src/server/tasks/avalon/agents/baseline_agents.py,260,team,        team_preferences = [0] * len(teams)
src/server/tasks/avalon/agents/baseline_agents.py,264,team,            # iterate over possible teams
src/server/tasks/avalon/agents/baseline_agents.py,265,team,            for team in teams:
src/server/tasks/avalon/agents/baseline_agents.py,266,team,"                # if team is all good in sides, increment team preference by prob of side"
src/server/tasks/avalon/agents/baseline_agents.py,267,team,                if all([sides[i] == 1 for i in team]):
src/server/tasks/avalon/agents/baseline_agents.py,268,team,                    team_preferences[teams.index(team)] += prob
src/server/tasks/avalon/agents/baseline_agents.py,270,team,        # return dictionary mapping teams to preferences
src/server/tasks/avalon/agents/baseline_agents.py,271,team,"        return dict(zip(teams, team_preferences))"
src/server/tasks/avalon/agents/baseline_agents.py,273,team,"    def find_most_prefered_teams(self, team_to_preferences: Dict):"
src/server/tasks/avalon/agents/baseline_agents.py,275,team,"        returns a list of the most preferred teams, where team_to_preferences is a dictionary mapping teams to preferences"
src/server/tasks/avalon/agents/baseline_agents.py,278,team,        max_preference = max(team_to_preferences.values())
src/server/tasks/avalon/agents/baseline_agents.py,279,team,        # return a list of all teams with maximum preference
src/server/tasks/avalon/agents/baseline_agents.py,280,team,"        max_teams = [frozenset(team) for team, preference in team_to_preferences.items() if preference == max_preference]"
src/server/tasks/avalon/agents/baseline_agents.py,281,team,"        # if there is only one team with maximum preference, return it"
src/server/tasks/avalon/agents/baseline_agents.py,282,team,        if len(max_teams) == 1:
src/server/tasks/avalon/agents/baseline_agents.py,283,team,            return max_teams
src/server/tasks/avalon/agents/baseline_agents.py,284,"team,success","        # else return list of teams of max_teams that are subsets of self.largest_successful_team if it is not None and non-empty, otherwise return max_teams"
src/server/tasks/avalon/agents/baseline_agents.py,286,"team,success",            if self.largest_successful_team is not None and self.lexigraphic:
src/server/tasks/avalon/agents/baseline_agents.py,287,"team,success",                out = [frozenset(team) for team in max_teams if team.issubset(self.largest_successful_team)]
src/server/tasks/avalon/agents/baseline_agents.py,291,"team,success","                else: # return list of teams of max_teams that are supersets of self.largest_successful_team if it is not None and non-empty, otherwise return max_teams"
src/server/tasks/avalon/agents/baseline_agents.py,292,"team,success",                    out = [frozenset(team) for team in max_teams if self.largest_successful_team.issubset(team)]
src/server/tasks/avalon/agents/baseline_agents.py,297,team,                        return max_teams
src/server/tasks/avalon/agents/baseline_agents.py,298,team,            return list(set(max_teams))
src/server/tasks/avalon/agents/baseline_agents.py,300,"team,vote,mission","    async def vote_on_team(self, team: frozenset, mission_id: int, **kwargs):"
src/server/tasks/avalon/agents/baseline_agents.py,301,"team,vote","        # print('vote', self.team_preferences)"
src/server/tasks/avalon/agents/baseline_agents.py,302,team,"        # if team is in most preferred teams, approve, otherwise reject"
src/server/tasks/avalon/agents/baseline_agents.py,303,team,        return 1 if team in self.find_most_prefered_teams(self.team_preferences) else 0
src/server/tasks/avalon/agents/baseline_agents.py,305,"team,mission","    async def propose_team(self, mission_id: int, **kwargs):"
src/server/tasks/avalon/agents/baseline_agents.py,306,team,        # propose random team in most preferred teams
src/server/tasks/avalon/agents/baseline_agents.py,307,team,"        # print('propose', self.team_preferences)"
src/server/tasks/avalon/agents/baseline_agents.py,308,team,        return random.choice(self.find_most_prefered_teams(self.team_preferences))
src/server/tasks/avalon/agents/baseline_agents.py,310,"team,mission,fail","    async def observe_mission(self, team: frozenset, mission_id: int, num_fails: int, **kargs):"
src/server/tasks/avalon/agents/baseline_agents.py,311,"team,mission,success","        # if mission succeeded, update largest_successful_team"
src/server/tasks/avalon/agents/baseline_agents.py,312,fail,        if num_fails == 0:
src/server/tasks/avalon/agents/baseline_agents.py,313,"team,success",            if self.largest_successful_team is None or len(team) > len(self.largest_successful_team):
src/server/tasks/avalon/agents/baseline_agents.py,314,"team,success",                self.largest_successful_team = team
src/server/tasks/avalon/agents/baseline_agents.py,316,"team,fail",        # set the probability of all sides that have less than num_fails evil players on the team to 0
src/server/tasks/avalon/agents/baseline_agents.py,318,"team,fail",            if sum([sides[i] == 0 for i in team]) < num_fails:
src/server/tasks/avalon/agents/baseline_agents.py,329,"team,mission","        # generate team preferences for next mission, if there is one"
src/server/tasks/avalon/agents/baseline_agents.py,330,"mission,quest",        if mission_id < len(self.config.num_players_for_quest)-1:
src/server/tasks/avalon/agents/baseline_agents.py,331,"team,mission",            self.team_preferences = self.generate_team_preferences(mission_id+1)
src/server/tasks/avalon/agents/baseline_agents.py,350,Servant,"    'Servant': NaiveServant,"
src/server/tasks/avalon/agents/baseline_agents.py,351,Merlin,"    'Merlin': NaiveMerlin,"
src/server/tasks/avalon/agents/baseline_agents.py,352,Assassin,"    'Assassin': NaiveAssassin,"
src/server/tasks/avalon/agents/baseline_agents.py,353,Minion,    'Minion': NaiveMinion
src/server/tasks/avalon/agents/baseline_agents.py,357,role,"    return NAIVEAGENT_FINDER[configs[""role_name""]]("
src/server/tasks/avalon/agents/baseline_agents.py,361,role,"        role        =   configs[""role""],"
src/server/tasks/avalon/agents/baseline_agents.py,362,role,"        role_name   =   configs[""role_name""],"
src/server/tasks/avalon/agents/baseline_agents.py,366,Merlin,"        merlin      =   configs[""merlin""],"
src/server/tasks/avalon/agents/baseline_agents.py,379,quest,"        'quest_leader': 0,"
src/server/tasks/avalon/agents/baseline_agents.py,380,"Merlin,Minion,Assassin,Servant,role","        'role_names': ['Servant', 'Minion', 'Merlin', 'Assassin', 'Servant']"
src/server/tasks/avalon/agents/baseline_agents.py,383,Merlin,"    player_0 = find_naive_agent['Merlin'](0, 'player_0', config)"
src/server/tasks/avalon/agents/baseline_speakable_agents.py,17,role,    - role (int): The role (id) of the agent.
src/server/tasks/avalon/agents/baseline_speakable_agents.py,23,role,"    def __init__(self, id: int, role: int, config: AvalonBasicConfig, name: str, session: AvalonSessionWrapper=None, side: int=None, sides: List[int] = None, **kwargs):"
src/server/tasks/avalon/agents/baseline_speakable_agents.py,24,role,"        super().__init__(id, role, config)"
src/server/tasks/avalon/agents/baseline_speakable_agents.py,28,role,        self.role = role
src/server/tasks/avalon/agents/baseline_speakable_agents.py,29,team,        self.team = None
src/server/tasks/avalon/agents/baseline_speakable_agents.py,33,discussion,"        self.discussion = kwargs.pop('discussion', None)"
src/server/tasks/avalon/agents/baseline_speakable_agents.py,38,"Merlin,role","            # if role is 0 (Merlin) or side is evil, warn that player_sides are not seen"
src/server/tasks/avalon/agents/baseline_speakable_agents.py,39,role,            if role == 0 or side == 0:
src/server/tasks/avalon/agents/baseline_speakable_agents.py,40,Merlin,"                warnings.warn(""Merlin and evil players did not see player sides in initialization"")"
src/server/tasks/avalon/agents/baseline_speakable_agents.py,55,"team,mission","    async def propose_team(self, mission_id: int, **kwargs):"
src/server/tasks/avalon/agents/baseline_speakable_agents.py,56,"mission,quest","        return frozenset(random.sample(range(0, self.config.num_players), self.config.num_players_for_quest[mission_id]))"
src/server/tasks/avalon/agents/baseline_speakable_agents.py,58,"team,vote,mission","    async def vote_on_team(self, mission_id, team: frozenset, **kwargs):"
src/server/tasks/avalon/agents/baseline_speakable_agents.py,61,"team,vote,mission","    async def vote_on_mission(self, mission_id, team: frozenset, **kwargs):"
src/server/tasks/avalon/agents/baseline_speakable_agents.py,66,role,"        """"""Initiliaze the game info for the agent, which includes game introduction, role, and reveal information for different roles."""""""
src/server/tasks/avalon/agents/baseline_speakable_agents.py,71,"Merlin,role","        content_prompt = intro_prompt + INFO_ROLE.format(self.num_players, self.num_good, int(self.merlin), self.num_good - int(self.merlin) - int(self.percival), self.num_evil, self.num_evil - int(self.morgana) - int(self.mordred) - int(self.oberon) - 1)"
src/server/tasks/avalon/agents/baseline_speakable_agents.py,72,role,"        identity_prompt = INFO_YOUR_ROLE.format(self.name, self.role_name, verbal_side[self.side]) # and do not pretend to be other roles throughout the game."""
src/server/tasks/avalon/agents/baseline_speakable_agents.py,76,Minion,        minion_list = []
src/server/tasks/avalon/agents/baseline_speakable_agents.py,77,Servant,        servant_list = []
src/server/tasks/avalon/agents/baseline_speakable_agents.py,78,Assassin,        assassin = ''
src/server/tasks/avalon/agents/baseline_speakable_agents.py,79,Merlin,        merlin = ''
src/server/tasks/avalon/agents/baseline_speakable_agents.py,81,Minion,"            if player_info[1] == ""Minion"":"
src/server/tasks/avalon/agents/baseline_speakable_agents.py,82,Minion,                minion_list.append(str(idx))
src/server/tasks/avalon/agents/baseline_speakable_agents.py,83,Servant,"            elif player_info[1] == ""Servant"":"
src/server/tasks/avalon/agents/baseline_speakable_agents.py,84,Servant,                servant_list.append(str(idx))
src/server/tasks/avalon/agents/baseline_speakable_agents.py,85,Assassin,"            elif player_info[1] == ""Assassin"":"
src/server/tasks/avalon/agents/baseline_speakable_agents.py,86,Assassin,                assassin = str(idx)
src/server/tasks/avalon/agents/baseline_speakable_agents.py,87,Merlin,"            elif player_info[1] == ""Merlin"":"
src/server/tasks/avalon/agents/baseline_speakable_agents.py,88,Merlin,                merlin = str(idx)
src/server/tasks/avalon/agents/baseline_speakable_agents.py,89,"Merlin,role","        if self.role_name == ""Merlin"":"
src/server/tasks/avalon/agents/baseline_speakable_agents.py,90,Minion,            if len(minion_list) == 1:
src/server/tasks/avalon/agents/baseline_speakable_agents.py,91,"Merlin,Minion,Servant","                reveal_info = REVEAL_PROMPTS['Merlin'][0].format(', '.join(minion_list), ', '.join(servant_list))"
src/server/tasks/avalon/agents/baseline_speakable_agents.py,92,Minion,            elif len(minion_list) > 1:
src/server/tasks/avalon/agents/baseline_speakable_agents.py,93,"Merlin,Minion","                reveal_info = REVEAL_PROMPTS['Merlin'][1].format(', '.join(minion_list))"
src/server/tasks/avalon/agents/baseline_speakable_agents.py,94,"Minion,role","        if self.role_name == ""Minion"":"
src/server/tasks/avalon/agents/baseline_speakable_agents.py,95,Minion,            if len(minion_list) == 1:
src/server/tasks/avalon/agents/baseline_speakable_agents.py,96,"Merlin,Minion,Assassin,Servant","                reveal_info = REVEAL_PROMPTS['Minion'][0].format(assassin, ', '.join(servant_list + [merlin]))"
src/server/tasks/avalon/agents/baseline_speakable_agents.py,97,Minion,            elif len(minion_list) > 1:
src/server/tasks/avalon/agents/baseline_speakable_agents.py,98,Minion,"                reveal_info = REVEAL_PROMPTS['Minion'][1].format(', '.join(minion_list))"
src/server/tasks/avalon/agents/baseline_speakable_agents.py,99,"Assassin,role","        if self.role_name == ""Assassin"":"
src/server/tasks/avalon/agents/baseline_speakable_agents.py,100,Minion,            if len(minion_list) == 1:
src/server/tasks/avalon/agents/baseline_speakable_agents.py,101,"Merlin,Minion,Assassin,Servant","                reveal_info = REVEAL_PROMPTS['Assassin'][0].format(', '.join(minion_list), ', '.join(servant_list + [merlin]))"
src/server/tasks/avalon/agents/baseline_speakable_agents.py,106,role,"            ""role"": ""user"","
src/server/tasks/avalon/agents/baseline_speakable_agents.py,111,role,"            # ""role"": ""system"","
src/server/tasks/avalon/agents/baseline_speakable_agents.py,112,role,"            ""role"": ""user"","
src/server/tasks/avalon/agents/baseline_speakable_agents.py,121,action,        summary = await self.session.action({
src/server/tasks/avalon/agents/baseline_speakable_agents.py,122,role,"            ""role"": ""user"","
src/server/tasks/avalon/agents/baseline_speakable_agents.py,131,role,"            'role': ""user"","
src/server/tasks/avalon/agents/baseline_speakable_agents.py,135,role,"            'role': ""user"","
src/server/tasks/avalon/agents/baseline_speakable_agents.py,141,"discussion,team,mission","    async def team_discussion(self, team_size, team_leader_id, mission_id, **kwargs):"
src/server/tasks/avalon/agents/baseline_speakable_agents.py,142,"discussion,team,phase","        """"""Team discussion phase."
src/server/tasks/avalon/agents/baseline_speakable_agents.py,144,"discussion,vote,phase","        We also summarize the history before this phase at each round. If there's no discussion phase, we summarize the history before the vote phase."
src/server/tasks/avalon/agents/baseline_speakable_agents.py,146,discussion,"        # print(""Discussion"")"
src/server/tasks/avalon/agents/baseline_speakable_agents.py,149,"mission,quest,fail",        fails_required = self.config.num_fails_for_quest[mission_id]
src/server/tasks/avalon/agents/baseline_speakable_agents.py,150,"discussion,team",        content_prompt = CHOOSE_TEAM_LEADER + DISCUSSION_SUFFIX
src/server/tasks/avalon/agents/baseline_speakable_agents.py,151,team,        if self.id == team_leader_id:
src/server/tasks/avalon/agents/baseline_speakable_agents.py,153,role,"                ""role"": ""user"","
src/server/tasks/avalon/agents/baseline_speakable_agents.py,158,role,"                ""role"": ""user"","
src/server/tasks/avalon/agents/baseline_speakable_agents.py,159,discussion,"                ""content"": DISCUSSION_SUFFIX"
src/server/tasks/avalon/agents/baseline_speakable_agents.py,162,action,"        dialogue = await self.session.action(receiver=""all"")"
src/server/tasks/avalon/agents/baseline_speakable_agents.py,169,role,"    def assign_role(self, role):"
src/server/tasks/avalon/agents/baseline_speakable_agents.py,170,role,        self.role = role
src/server/tasks/avalon/agents/baseline_speakable_agents.py,178,"team,mission","    async def observe_mission(self, team: frozenset, mission_id: int, **kargs):"
src/server/tasks/avalon/agents/baseline_speakable_agents.py,181,"team,vote,mission","    async def observe_team_result(self, mission_id, team: frozenset, votes: List[int], outcome: Tuple):"
src/server/tasks/avalon/agents/baseline_speakable_agents.py,184,Assassin,    async def assassinate(self):
src/server/tasks/avalon/agents/baseline_speakable_agents.py,191,Minion,class NaiveSpeakableMinion(NaiveSpeakableAgent):
src/server/tasks/avalon/agents/baseline_speakable_agents.py,193,"Minion,role","    def __init__(self, id: int, name: str, config: AvalonBasicConfig, side: int=0, role_name: str=""Minion"", session: AvalonSessionWrapper=None, role: int=6, sides: List[int]=None, **configs):"
src/server/tasks/avalon/agents/baseline_speakable_agents.py,194,role,        assert role == 6
src/server/tasks/avalon/agents/baseline_speakable_agents.py,200,role,"            role    =   role,"
src/server/tasks/avalon/agents/baseline_speakable_agents.py,206,"team,vote,mission","    async def vote_on_mission(self, mission_id: int, team: frozenset, **kwargs):"
src/server/tasks/avalon/agents/baseline_speakable_agents.py,207,"mission,quest,fail",        num_fails = self.config.num_fails_for_quest[mission_id]
src/server/tasks/avalon/agents/baseline_speakable_agents.py,209,"team,vote,success,fail","        # if less than num_fails evil players on the team, vote success"
src/server/tasks/avalon/agents/baseline_speakable_agents.py,210,"team,fail",        if sum([self.player_sides[i] == 0 for i in team]) < num_fails:
src/server/tasks/avalon/agents/baseline_speakable_agents.py,212,"team,vote,fail","        # if equal to num_fails evil players on the team, vote fail"
src/server/tasks/avalon/agents/baseline_speakable_agents.py,213,"team,fail",        elif sum([self.player_sides[i] == 0 for i in team]) == num_fails:
src/server/tasks/avalon/agents/baseline_speakable_agents.py,215,"Assassin,team,vote,success,fail","        # if there are only two evil players in the game (ie. the assassin is on the team) and num_fails == 1, vote success. otherwise, vote fail"
src/server/tasks/avalon/agents/baseline_speakable_agents.py,216,fail,        elif self.config.num_evil == 2 and num_fails == 1:
src/server/tasks/avalon/agents/baseline_speakable_agents.py,221,"team,vote,mission","    async def vote_on_team(self, mission_id: int, team: frozenset, **kwargs):"
src/server/tasks/avalon/agents/baseline_speakable_agents.py,222,"team,mission,fail","        # approve if there are at least x evil player(s) on the team, where x is number of fails required for this mission"
src/server/tasks/avalon/agents/baseline_speakable_agents.py,223,"mission,quest,fail",        num_fails = self.config.num_fails_for_quest[mission_id]
src/server/tasks/avalon/agents/baseline_speakable_agents.py,224,"team,fail",        if sum([self.player_sides[i] == 0 for i in team]) >= num_fails:
src/server/tasks/avalon/agents/baseline_speakable_agents.py,229,"team,mission","    async def propose_team(self, mission_id: int, **kwargs):"
src/server/tasks/avalon/agents/baseline_speakable_agents.py,230,"mission,quest,fail",        num_fails = self.config.num_fails_for_quest[mission_id]
src/server/tasks/avalon/agents/baseline_speakable_agents.py,231,"Minion,team,mission,fail","        # choose evil team with x-1 other evil player(s), where x is number of fails required for this mission, plus the minion"
src/server/tasks/avalon/agents/baseline_speakable_agents.py,232,"team,fail","        evil_team = random.sample([i for i in range(self.config.num_players) if self.player_sides[i] == 0 and i != self.id], num_fails - 1) + [self.id]"
src/server/tasks/avalon/agents/baseline_speakable_agents.py,234,"team,mission","        # propose a random team that includes evil_team and y-x good player(s), where y is number of players required for this mission"
src/server/tasks/avalon/agents/baseline_speakable_agents.py,235,"team,mission,quest,fail","        return frozenset(random.sample([i for i in range(self.config.num_players) if i not in evil_team and self.player_sides[i] == 1], self.config.num_players_for_quest[mission_id] - num_fails) + evil_team)"
src/server/tasks/avalon/agents/baseline_speakable_agents.py,237,Assassin,class NaiveSpeakableAssassin(NaiveSpeakableAgent):
src/server/tasks/avalon/agents/baseline_speakable_agents.py,239,"Assassin,role","    def __init__(self, id: int, name: str, config: AvalonBasicConfig, side: int=0, role_name: str=""Assassin"", session: AvalonSessionWrapper=None, role: int=7, sides: List[int]=None, **configs):"
src/server/tasks/avalon/agents/baseline_speakable_agents.py,240,role,        assert role == 7
src/server/tasks/avalon/agents/baseline_speakable_agents.py,246,role,"            role    =   role,"
src/server/tasks/avalon/agents/baseline_speakable_agents.py,252,"team,vote,mission","    async def vote_on_mission(self, mission_id: int, team: frozenset, **kwargs):"
src/server/tasks/avalon/agents/baseline_speakable_agents.py,253,"mission,quest,fail",        num_fails = self.config.num_fails_for_quest[mission_id]
src/server/tasks/avalon/agents/baseline_speakable_agents.py,255,"team,vote,success,fail","        # if less than num_fails evil players on the team, vote success"
src/server/tasks/avalon/agents/baseline_speakable_agents.py,256,"team,fail",        if sum([self.player_sides[i] == 0 for i in team]) < num_fails:
src/server/tasks/avalon/agents/baseline_speakable_agents.py,258,"vote,fail",        # else vote fail
src/server/tasks/avalon/agents/baseline_speakable_agents.py,262,"team,vote,mission","    async def vote_on_team(self, team: frozenset, mission_id: int, **kwargs):"
src/server/tasks/avalon/agents/baseline_speakable_agents.py,263,"team,mission,fail","        # approve if there are at least x evil player(s) on the team, where x is number of fails required for this mission"
src/server/tasks/avalon/agents/baseline_speakable_agents.py,264,"mission,quest,fail",        num_fails = self.config.num_fails_for_quest[mission_id]
src/server/tasks/avalon/agents/baseline_speakable_agents.py,265,"team,fail",        if sum([self.player_sides[i] == 0 for i in team]) >= num_fails:
src/server/tasks/avalon/agents/baseline_speakable_agents.py,270,"team,mission","    async def propose_team(self, mission_id: int, **kwargs):"
src/server/tasks/avalon/agents/baseline_speakable_agents.py,271,"mission,quest,fail",        num_fails = self.config.num_fails_for_quest[mission_id]
src/server/tasks/avalon/agents/baseline_speakable_agents.py,272,"Assassin,team,mission,fail","        # choose evil team with x-1 other evil player(s), where x is number of fails required for this mission, plus the assassin"
src/server/tasks/avalon/agents/baseline_speakable_agents.py,273,"team,fail","        evil_team = random.sample([i for i in range(self.config.num_players) if self.player_sides[i] == 0 and i != self.id], num_fails - 1) + [self.id]"
src/server/tasks/avalon/agents/baseline_speakable_agents.py,275,"team,mission","        # propose a random team that includes evil_team and y-x good player(s), where y is number of players required for this mission"
src/server/tasks/avalon/agents/baseline_speakable_agents.py,276,"team,mission,quest,fail","        return frozenset(random.sample([i for i in range(self.config.num_players) if i not in evil_team and self.player_sides[i] == 1], self.config.num_players_for_quest[mission_id] - num_fails) + evil_team)"
src/server/tasks/avalon/agents/baseline_speakable_agents.py,278,Assassin,"    async def assassinate(self, **kwargs):"
src/server/tasks/avalon/agents/baseline_speakable_agents.py,279,Assassin,        # assassinate a random good player
src/server/tasks/avalon/agents/baseline_speakable_agents.py,282,Merlin,class NaiveSpeakableMerlin(NaiveSpeakableAgent):
src/server/tasks/avalon/agents/baseline_speakable_agents.py,284,role,"    def __init__(self, id: int, name: str, config: AvalonBasicConfig, session: AvalonSessionWrapper=None, side: int=1, role: int=0, sides: List[int]=None, **configs):"
src/server/tasks/avalon/agents/baseline_speakable_agents.py,285,role,        assert role == 0
src/server/tasks/avalon/agents/baseline_speakable_agents.py,291,role,"            role    =   role,"
src/server/tasks/avalon/agents/baseline_speakable_agents.py,297,"team,vote,mission","    async def vote_on_team(self, team: frozenset, mission_id: int, **kwargs):"
src/server/tasks/avalon/agents/baseline_speakable_agents.py,298,team,        # approve if there are no evil players on the team
src/server/tasks/avalon/agents/baseline_speakable_agents.py,299,team,        if any([self.player_sides[i] == 0 for i in team]):
src/server/tasks/avalon/agents/baseline_speakable_agents.py,304,"team,mission","    async def propose_team(self, mission_id: int, **kwargs):"
src/server/tasks/avalon/agents/baseline_speakable_agents.py,305,"Merlin,team",        # propose a random team with all good players that includes Merlin
src/server/tasks/avalon/agents/baseline_speakable_agents.py,306,"mission,quest","        return frozenset(random.sample([i for i in range(self.config.num_players) if self.player_sides[i] != 0 and i != self.id], self.config.num_players_for_quest[mission_id] - 1) + [self.id])"
src/server/tasks/avalon/agents/baseline_speakable_agents.py,308,Servant,class NaiveSpeakableServant(NaiveSpeakableAgent):
src/server/tasks/avalon/agents/baseline_speakable_agents.py,310,role,"    def __init__(self, id: int, name: str, config: AvalonBasicConfig, side: int=1, role: int=5, session: AvalonSessionWrapper=None, sides: List[int]=None, lexigraphic: bool=True, **configs):"
src/server/tasks/avalon/agents/baseline_speakable_agents.py,311,role,        assert role == 5
src/server/tasks/avalon/agents/baseline_speakable_agents.py,317,role,"            role    =   role,"
src/server/tasks/avalon/agents/baseline_speakable_agents.py,327,"team,mission",        # generate team preferences for first mission
src/server/tasks/avalon/agents/baseline_speakable_agents.py,328,team,        self.team_preferences = self.generate_team_preferences(0)
src/server/tasks/avalon/agents/baseline_speakable_agents.py,330,team,        # record the largest and most recent team that succeeded
src/server/tasks/avalon/agents/baseline_speakable_agents.py,331,"team,success",        self.largest_successful_team = None
src/server/tasks/avalon/agents/baseline_speakable_agents.py,336,Servant,        '''Util func of NaiveServant
src/server/tasks/avalon/agents/baseline_speakable_agents.py,363,"team,mission","    def generate_team_preferences(self, mission_id: int):"
src/server/tasks/avalon/agents/baseline_speakable_agents.py,365,"team,mission",        generates preferences across mission teams specified by mission_id
src/server/tasks/avalon/agents/baseline_speakable_agents.py,367,"team,mission,quest",        team_size = self.config.num_players_for_quest[mission_id]
src/server/tasks/avalon/agents/baseline_speakable_agents.py,368,team,"        # generate list of all possible teams of size team_size, where team should be a set of player ids"
src/server/tasks/avalon/agents/baseline_speakable_agents.py,369,team,"        teams = [frozenset(team) for team in itertools.combinations(range(self.config.num_players), team_size)]"
src/server/tasks/avalon/agents/baseline_speakable_agents.py,371,team,"        # maintain a list of preferences for each team, and set all preferences to 0"
src/server/tasks/avalon/agents/baseline_speakable_agents.py,372,team,        team_preferences = [0] * len(teams)
src/server/tasks/avalon/agents/baseline_speakable_agents.py,376,team,            # iterate over possible teams
src/server/tasks/avalon/agents/baseline_speakable_agents.py,377,team,            for team in teams:
src/server/tasks/avalon/agents/baseline_speakable_agents.py,378,team,"                # if team is all good in sides, increment team preference by prob of side"
src/server/tasks/avalon/agents/baseline_speakable_agents.py,379,team,                if all([sides[i] == 1 for i in team]):
src/server/tasks/avalon/agents/baseline_speakable_agents.py,380,team,                    team_preferences[teams.index(team)] += prob
src/server/tasks/avalon/agents/baseline_speakable_agents.py,382,team,        # return dictionary mapping teams to preferences
src/server/tasks/avalon/agents/baseline_speakable_agents.py,383,team,"        return dict(zip(teams, team_preferences))"
src/server/tasks/avalon/agents/baseline_speakable_agents.py,385,team,"    def find_most_prefered_teams(self, team_to_preferences: Dict):"
src/server/tasks/avalon/agents/baseline_speakable_agents.py,387,team,"        returns a list of the most preferred teams, where team_to_preferences is a dictionary mapping teams to preferences"
src/server/tasks/avalon/agents/baseline_speakable_agents.py,390,team,        max_preference = max(team_to_preferences.values())
src/server/tasks/avalon/agents/baseline_speakable_agents.py,391,team,        # return a list of all teams with maximum preference
src/server/tasks/avalon/agents/baseline_speakable_agents.py,392,team,"        max_teams = [frozenset(team) for team, preference in team_to_preferences.items() if preference == max_preference]"
src/server/tasks/avalon/agents/baseline_speakable_agents.py,393,team,"        # if there is only one team with maximum preference, return it"
src/server/tasks/avalon/agents/baseline_speakable_agents.py,394,team,        if len(max_teams) == 1:
src/server/tasks/avalon/agents/baseline_speakable_agents.py,395,team,            return max_teams
src/server/tasks/avalon/agents/baseline_speakable_agents.py,396,"team,success","        # else return list of teams of max_teams that are subsets of self.largest_successful_team if it is not None and non-empty, otherwise return max_teams"
src/server/tasks/avalon/agents/baseline_speakable_agents.py,398,"team,success",            if self.largest_successful_team is not None and self.lexigraphic:
src/server/tasks/avalon/agents/baseline_speakable_agents.py,399,"team,success",                out = [frozenset(team) for team in max_teams if team.issubset(self.largest_successful_team)]
src/server/tasks/avalon/agents/baseline_speakable_agents.py,403,"team,success","                else: # return list of teams of max_teams that are supersets of self.largest_successful_team if it is not None and non-empty, otherwise return max_teams"
src/server/tasks/avalon/agents/baseline_speakable_agents.py,404,"team,success",                    out = [frozenset(team) for team in max_teams if self.largest_successful_team.issubset(team)]
src/server/tasks/avalon/agents/baseline_speakable_agents.py,409,team,                        return max_teams
src/server/tasks/avalon/agents/baseline_speakable_agents.py,410,team,            return list(set(max_teams))
src/server/tasks/avalon/agents/baseline_speakable_agents.py,412,"team,vote,mission","    async def vote_on_team(self, team: frozenset, mission_id: int, **kwargs):"
src/server/tasks/avalon/agents/baseline_speakable_agents.py,413,"team,vote","        # print('vote', self.team_preferences)"
src/server/tasks/avalon/agents/baseline_speakable_agents.py,414,team,"        # if team is in most preferred teams, approve, otherwise reject"
src/server/tasks/avalon/agents/baseline_speakable_agents.py,415,team,        return 1 if team in self.find_most_prefered_teams(self.team_preferences) else 0
src/server/tasks/avalon/agents/baseline_speakable_agents.py,417,"team,mission","    async def propose_team(self, mission_id: int, **kwargs):"
src/server/tasks/avalon/agents/baseline_speakable_agents.py,418,team,        # propose random team in most preferred teams
src/server/tasks/avalon/agents/baseline_speakable_agents.py,419,team,"        # print('propose', self.team_preferences)"
src/server/tasks/avalon/agents/baseline_speakable_agents.py,420,team,        return random.choice(self.find_most_prefered_teams(self.team_preferences))
src/server/tasks/avalon/agents/baseline_speakable_agents.py,422,"team,mission,fail","    async def observe_mission(self, team: frozenset, mission_id: int, num_fails: int, **kargs):"
src/server/tasks/avalon/agents/baseline_speakable_agents.py,423,"team,mission,success","        # if mission succeeded, update largest_successful_team"
src/server/tasks/avalon/agents/baseline_speakable_agents.py,424,fail,        if num_fails == 0:
src/server/tasks/avalon/agents/baseline_speakable_agents.py,425,"team,success",            if self.largest_successful_team is None or len(team) > len(self.largest_successful_team):
src/server/tasks/avalon/agents/baseline_speakable_agents.py,426,"team,success",                self.largest_successful_team = team
src/server/tasks/avalon/agents/baseline_speakable_agents.py,428,"team,fail",        # set the probability of all sides that have less than num_fails evil players on the team to 0
src/server/tasks/avalon/agents/baseline_speakable_agents.py,430,"team,fail",            if sum([sides[i] == 0 for i in team]) < num_fails:
src/server/tasks/avalon/agents/baseline_speakable_agents.py,441,"team,mission","        # generate team preferences for next mission, if there is one"
src/server/tasks/avalon/agents/baseline_speakable_agents.py,442,"mission,quest",        if mission_id < len(self.config.num_players_for_quest)-1:
src/server/tasks/avalon/agents/baseline_speakable_agents.py,443,"team,mission",            self.team_preferences = self.generate_team_preferences(mission_id+1)
src/server/tasks/avalon/agents/baseline_speakable_agents.py,462,Servant,"    'Servant': NaiveSpeakableServant,"
src/server/tasks/avalon/agents/baseline_speakable_agents.py,463,Merlin,"    'Merlin': NaiveSpeakableMerlin,"
src/server/tasks/avalon/agents/baseline_speakable_agents.py,464,Assassin,"    'Assassin': NaiveSpeakableAssassin,"
src/server/tasks/avalon/agents/baseline_speakable_agents.py,465,Minion,    'Minion': NaiveSpeakableMinion
src/server/tasks/avalon/agents/baseline_speakable_agents.py,469,role,"    return SPEAK_NAIVEAGENT_FINDER[configs[""role_name""]]("
src/server/tasks/avalon/agents/baseline_speakable_agents.py,473,role,"        role        =   configs[""role""],"
src/server/tasks/avalon/agents/baseline_speakable_agents.py,474,role,"        role_name   =   configs[""role_name""],"
src/server/tasks/avalon/agents/baseline_speakable_agents.py,478,Merlin,"        merlin      =   configs[""merlin""],"
src/server/tasks/avalon/agents/baseline_speakable_agents.py,491,quest,"        'quest_leader': 0,"
src/server/tasks/avalon/agents/baseline_speakable_agents.py,492,"Merlin,Minion,Assassin,Servant,role","        'role_names': ['Servant', 'Minion', 'Merlin', 'Assassin', 'Servant']"
src/server/tasks/avalon/agents/baseline_speakable_agents.py,495,Merlin,"    player_0 = find_naive_speakable_agent['Merlin'](0, 'player_0', config)"
src/server/tasks/avalon/agents/llm_with_discussion.py,7,"team,mission","from ..utils import verbalize_team_result, verbalize_mission_result"
src/server/tasks/avalon/agents/llm_with_discussion.py,11,discussion,class LLMAgentWithDiscussion(Agent):
src/server/tasks/avalon/agents/llm_with_discussion.py,14,role,"    def __init__(self, name: str, num_players: int, id: int, role: int, role_name: str, config:AvalonBasicConfig, session: AvalonSessionWrapper=None, side=None, seed=None, **kwargs):"
src/server/tasks/avalon/agents/llm_with_discussion.py,18,role,        self.role = role
src/server/tasks/avalon/agents/llm_with_discussion.py,19,role,        self.role_name = role_name
src/server/tasks/avalon/agents/llm_with_discussion.py,22,discussion,"        self.discussion = kwargs.pop('discussion', None)"
src/server/tasks/avalon/agents/llm_with_discussion.py,40,role,"        """"""Initiliaze the game info for the agent, which includes game introduction, role, and reveal information for different roles."""""""
src/server/tasks/avalon/agents/llm_with_discussion.py,45,"Merlin,role","        content_prompt = intro_prompt + INFO_ROLE.format(self.num_players, self.num_good, int(self.merlin), self.num_good - int(self.merlin) - int(self.percival), self.num_evil, self.num_evil - int(self.morgana) - int(self.mordred) - int(self.oberon) - 1)"
src/server/tasks/avalon/agents/llm_with_discussion.py,46,role,"        identity_prompt = INFO_YOUR_ROLE.format(self.name, self.role_name, verbal_side[self.side]) # and do not pretend to be other roles throughout the game."""
src/server/tasks/avalon/agents/llm_with_discussion.py,51,Minion,        minion_list = []
src/server/tasks/avalon/agents/llm_with_discussion.py,52,Servant,        servant_list = []
src/server/tasks/avalon/agents/llm_with_discussion.py,53,Assassin,        assassin = ''
src/server/tasks/avalon/agents/llm_with_discussion.py,54,Merlin,        merlin = ''
src/server/tasks/avalon/agents/llm_with_discussion.py,56,Minion,"            if player_info[1] == ""Minion"":"
src/server/tasks/avalon/agents/llm_with_discussion.py,57,Minion,                minion_list.append(str(idx))
src/server/tasks/avalon/agents/llm_with_discussion.py,58,Servant,"            elif player_info[1] == ""Servant"":"
src/server/tasks/avalon/agents/llm_with_discussion.py,59,Servant,                servant_list.append(str(idx))
src/server/tasks/avalon/agents/llm_with_discussion.py,60,Assassin,"            elif player_info[1] == ""Assassin"":"
src/server/tasks/avalon/agents/llm_with_discussion.py,61,Assassin,                assassin = str(idx)
src/server/tasks/avalon/agents/llm_with_discussion.py,62,Merlin,"            elif player_info[1] == ""Merlin"":"
src/server/tasks/avalon/agents/llm_with_discussion.py,63,Merlin,                merlin = str(idx)
src/server/tasks/avalon/agents/llm_with_discussion.py,64,"Merlin,role","        if self.role_name == ""Merlin"":"
src/server/tasks/avalon/agents/llm_with_discussion.py,65,Minion,            if len(minion_list) == 1:
src/server/tasks/avalon/agents/llm_with_discussion.py,66,"Merlin,Minion,Servant","                reveal_info = REVEAL_PROMPTS['Merlin'][0].format(', '.join(minion_list), ', '.join(servant_list))"
src/server/tasks/avalon/agents/llm_with_discussion.py,67,Minion,            elif len(minion_list) > 1:
src/server/tasks/avalon/agents/llm_with_discussion.py,68,"Merlin,Minion","                reveal_info = REVEAL_PROMPTS['Merlin'][1].format(', '.join(minion_list))"
src/server/tasks/avalon/agents/llm_with_discussion.py,69,"Minion,role","        if self.role_name == ""Minion"":"
src/server/tasks/avalon/agents/llm_with_discussion.py,70,Minion,            if len(minion_list) == 1:
src/server/tasks/avalon/agents/llm_with_discussion.py,71,"Merlin,Minion,Assassin,Servant","                reveal_info = REVEAL_PROMPTS['Minion'][0].format(assassin, ', '.join(servant_list + [merlin]))"
src/server/tasks/avalon/agents/llm_with_discussion.py,72,Minion,            elif len(minion_list) > 1:
src/server/tasks/avalon/agents/llm_with_discussion.py,73,Minion,"                reveal_info = REVEAL_PROMPTS['Minion'][1].format(', '.join(minion_list))"
src/server/tasks/avalon/agents/llm_with_discussion.py,74,"Assassin,role","        if self.role_name == ""Assassin"":"
src/server/tasks/avalon/agents/llm_with_discussion.py,75,Minion,            if len(minion_list) == 1:
src/server/tasks/avalon/agents/llm_with_discussion.py,76,"Merlin,Minion,Assassin,Servant","                reveal_info = REVEAL_PROMPTS['Assassin'][0].format(', '.join(minion_list), ', '.join(servant_list + [merlin]))"
src/server/tasks/avalon/agents/llm_with_discussion.py,81,role,"            ""role"": ""user"","
src/server/tasks/avalon/agents/llm_with_discussion.py,86,role,"            # ""role"": ""system"","
src/server/tasks/avalon/agents/llm_with_discussion.py,87,role,"            ""role"": ""user"","
src/server/tasks/avalon/agents/llm_with_discussion.py,96,action,        summary = await self.session.action({
src/server/tasks/avalon/agents/llm_with_discussion.py,97,role,"            ""role"": ""user"","
src/server/tasks/avalon/agents/llm_with_discussion.py,106,role,"            'role': ""user"","
src/server/tasks/avalon/agents/llm_with_discussion.py,110,role,"            'role': ""user"","
src/server/tasks/avalon/agents/llm_with_discussion.py,116,"team,vote,mission,fail","    async def observe_mission(self, team, mission_id, num_fails, votes, outcome, **kwargs) -> None:"
src/server/tasks/avalon/agents/llm_with_discussion.py,119,"team,vote,mission","    async def observe_team_result(self, mission_id, team: frozenset, votes: List[int], outcome: bool, **kwargs) -> None:"
src/server/tasks/avalon/agents/llm_with_discussion.py,121,action,        await self.session.action({
src/server/tasks/avalon/agents/llm_with_discussion.py,122,role,"            ""role"": ""user"","
src/server/tasks/avalon/agents/llm_with_discussion.py,123,"team,vote","            ""content"": verbalize_team_result(team, votes, outcome),"
src/server/tasks/avalon/agents/llm_with_discussion.py,128,role,"            ""role"": ""user"","
src/server/tasks/avalon/agents/llm_with_discussion.py,133,action,        believed_player_sides = await self.session.action(input)
src/server/tasks/avalon/agents/llm_with_discussion.py,144,discussion,    # async def discussion_end(self):
src/server/tasks/avalon/agents/llm_with_discussion.py,145,discussion,"    #     content_prompt = f""Discussion has ended. Here are the contents:\nStatement from Leader {leader}: \n\""{leader_statement}\""\nAnd words from other players:\n{' '.join(discussion_history)}"""
src/server/tasks/avalon/agents/llm_with_discussion.py,147,role,"    #         ""role"": ""user"","
src/server/tasks/avalon/agents/llm_with_discussion.py,151,"discussion,team,mission","    async def team_discussion(self, team_size, team_leader_id, mission_id, **kwargs):"
src/server/tasks/avalon/agents/llm_with_discussion.py,152,"discussion,team,phase","        """"""Team discussion phase."
src/server/tasks/avalon/agents/llm_with_discussion.py,154,"discussion,vote,phase","        We also summarize the history before this phase at each round. If there's no discussion phase, we summarize the history before the vote phase."
src/server/tasks/avalon/agents/llm_with_discussion.py,156,discussion,"        # print(""Discussion"")"
src/server/tasks/avalon/agents/llm_with_discussion.py,159,"mission,quest,fail",        fails_required = self.config.num_fails_for_quest[mission_id]
src/server/tasks/avalon/agents/llm_with_discussion.py,160,"discussion,team",        content_prompt = CHOOSE_TEAM_LEADER + DISCUSSION_SUFFIX
src/server/tasks/avalon/agents/llm_with_discussion.py,161,team,        if self.id == team_leader_id:
src/server/tasks/avalon/agents/llm_with_discussion.py,163,role,"                ""role"": ""user"","
src/server/tasks/avalon/agents/llm_with_discussion.py,168,role,"                ""role"": ""user"","
src/server/tasks/avalon/agents/llm_with_discussion.py,169,discussion,"                ""content"": DISCUSSION_SUFFIX"
src/server/tasks/avalon/agents/llm_with_discussion.py,172,action,"        dialogue = await self.session.action(receiver=""all"")"
src/server/tasks/avalon/agents/llm_with_discussion.py,177,"discussion,team,mission,quest","    async def quest_discussion(self, team_size, team, team_leader_id, discussion_history, mission_id, **kwargs):"
src/server/tasks/avalon/agents/llm_with_discussion.py,178,"mission,quest,fail",        fails_required = self.config.num_fails_for_quest[mission_id]
src/server/tasks/avalon/agents/llm_with_discussion.py,181,"team,mission","    async def propose_team(self, team_size, mission_id, **kwargs):"
src/server/tasks/avalon/agents/llm_with_discussion.py,182,"team,action","        content_prompt = CHOOSE_TEAM_ACTION.format(team_size, self.num_players-1)"
src/server/tasks/avalon/agents/llm_with_discussion.py,186,role,"            ""role"": ""user"","
src/server/tasks/avalon/agents/llm_with_discussion.py,188,team,"            ""team_size"": team_size,"
src/server/tasks/avalon/agents/llm_with_discussion.py,190,role,"            ""role_name"": self.role_name,"
src/server/tasks/avalon/agents/llm_with_discussion.py,191,"team,quest,action","            ""mode"": ""choose_quest_team_action"","
src/server/tasks/avalon/agents/llm_with_discussion.py,194,"team,action",        proposed_team = await self.session.action(input)
src/server/tasks/avalon/agents/llm_with_discussion.py,197,role,"        print(ColorMessage.cyan(f""##### LLM Agent (Player {self.id}, Role: {self.role_name}) #####""))"
src/server/tasks/avalon/agents/llm_with_discussion.py,199,team,"        print(ColorMessage.blue(""Thought:"") + "" "" + proposed_team)"
src/server/tasks/avalon/agents/llm_with_discussion.py,202,team,"            proposed_team = await self.session.parse_result(input, proposed_team)"
src/server/tasks/avalon/agents/llm_with_discussion.py,203,team,            proposed_team = eval(proposed_team)
src/server/tasks/avalon/agents/llm_with_discussion.py,204,team,        proposed_team = frozenset(proposed_team)
src/server/tasks/avalon/agents/llm_with_discussion.py,205,team,"        print(""Proposed Team: "", proposed_team)"
src/server/tasks/avalon/agents/llm_with_discussion.py,207,team,"        if isinstance(proposed_team, frozenset):"
src/server/tasks/avalon/agents/llm_with_discussion.py,208,team,            return proposed_team
src/server/tasks/avalon/agents/llm_with_discussion.py,211,team,"                ""Type of proposed_team must be frozenset, instead of {}."".format(type(proposed_team))"
src/server/tasks/avalon/agents/llm_with_discussion.py,215,"team,vote,mission","    async def vote_on_team(self, team, mission_id, **kwargs):"
src/server/tasks/avalon/agents/llm_with_discussion.py,216,"team,vote","        """"""Vote to approve or reject a team."
src/server/tasks/avalon/agents/llm_with_discussion.py,218,"discussion,vote,phase","        If there's discussion phase, we will summarize the history before the vote phase."
src/server/tasks/avalon/agents/llm_with_discussion.py,220,discussion,        if self.discussion:
src/server/tasks/avalon/agents/llm_with_discussion.py,223,"team,vote,action",        content_prompt = VOTE_TEAM_ACTION.format(list(team))
src/server/tasks/avalon/agents/llm_with_discussion.py,227,role,"            ""role"": ""user"","
src/server/tasks/avalon/agents/llm_with_discussion.py,230,"team,vote","            ""mode"": ""vote_on_team"","
src/server/tasks/avalon/agents/llm_with_discussion.py,232,role,"            ""role_name"": self.role_name,"
src/server/tasks/avalon/agents/llm_with_discussion.py,235,"vote,action",        vote_result = await self.session.action(input)
src/server/tasks/avalon/agents/llm_with_discussion.py,238,role,"        print(ColorMessage.cyan(f""##### LLM Agent (Player {self.id}, Role: {self.role_name}) #####""))"
src/server/tasks/avalon/agents/llm_with_discussion.py,240,vote,"        print(ColorMessage.blue(""Thought:"") + "" "" + vote_result)"
src/server/tasks/avalon/agents/llm_with_discussion.py,243,vote,"            vote_result = await self.session.parse_result(input, vote_result)"
src/server/tasks/avalon/agents/llm_with_discussion.py,244,vote,        vote_result = int(vote_result)
src/server/tasks/avalon/agents/llm_with_discussion.py,246,vote,"        if isinstance(vote_result, int):"
src/server/tasks/avalon/agents/llm_with_discussion.py,247,vote,            return vote_result
src/server/tasks/avalon/agents/llm_with_discussion.py,250,vote,"                ""Vote result should be either 0 or 1, instead of {}."".format(type(vote_result))"
src/server/tasks/avalon/agents/llm_with_discussion.py,253,"team,vote,mission","    async def vote_on_mission(self, team, mission_id, **kwargs):"
src/server/tasks/avalon/agents/llm_with_discussion.py,254,"team,vote,mission,action",        content_prompt = VOTE_MISSION_ACTION.format(list(team))
src/server/tasks/avalon/agents/llm_with_discussion.py,258,role,"            ""role"": ""user"","
src/server/tasks/avalon/agents/llm_with_discussion.py,261,"vote,mission","            ""mode"": ""vote_on_mission"","
src/server/tasks/avalon/agents/llm_with_discussion.py,263,role,"            ""role_name"": self.role_name,"
src/server/tasks/avalon/agents/llm_with_discussion.py,266,"vote,action",        vote_result = await self.session.action(input)
src/server/tasks/avalon/agents/llm_with_discussion.py,269,role,"        print(ColorMessage.cyan(f""##### LLM Agent (Player {self.id}, Role: {self.role_name}) #####""))"
src/server/tasks/avalon/agents/llm_with_discussion.py,271,vote,"        print(ColorMessage.blue(""Thought:"") + "" "" + vote_result)"
src/server/tasks/avalon/agents/llm_with_discussion.py,274,vote,"            vote_result = await self.session.parse_result(input, vote_result)"
src/server/tasks/avalon/agents/llm_with_discussion.py,276,vote,        vote_result = int(vote_result)
src/server/tasks/avalon/agents/llm_with_discussion.py,277,vote,"        if isinstance(vote_result, int):"
src/server/tasks/avalon/agents/llm_with_discussion.py,278,vote,            return vote_result
src/server/tasks/avalon/agents/llm_with_discussion.py,281,vote,"                ""Vote result should be either 0 or 1, instead of {}."".format(type(vote_result))"
src/server/tasks/avalon/agents/llm_with_discussion.py,285,Assassin,"    async def assassinate(self, **kwargs):"
src/server/tasks/avalon/agents/llm_with_discussion.py,286,role,        if self.role != 7:
src/server/tasks/avalon/agents/llm_with_discussion.py,287,Assassin,"            raise ValueError(""Only the Assassin can assassinate."")"
src/server/tasks/avalon/agents/llm_with_discussion.py,291,role,"            ""role"": ""user"","
src/server/tasks/avalon/agents/llm_with_discussion.py,292,"Assassin,phase","            ""content"": ASSASSINATION_PHASE.format(self.num_players-1) + ""\n"" + thought,"
src/server/tasks/avalon/agents/llm_with_discussion.py,293,Assassin,"            ""mode"": ""assassination"","
src/server/tasks/avalon/agents/llm_with_discussion.py,295,role,"            ""role_name"": self.role_name,"
src/server/tasks/avalon/agents/llm_with_discussion.py,298,"Assassin,action",        assassinate_result = await self.session.action(input)
src/server/tasks/avalon/agents/llm_with_discussion.py,299,Assassin,        # assassinate_result = int(assassinate_result)
src/server/tasks/avalon/agents/llm_with_discussion.py,302,role,"        print(ColorMessage.cyan(f""##### LLM Agent (Player {self.id}, Role: {self.role_name}) #####""))"
src/server/tasks/avalon/agents/llm_with_discussion.py,304,Assassin,"        print(ColorMessage.blue(""Thought:"") + "" "" + assassinate_result)"
src/server/tasks/avalon/agents/llm_with_discussion.py,307,Assassin,"            assassinate_result = await self.session.parse_result(input, assassinate_result)"
src/server/tasks/avalon/agents/llm_with_discussion.py,308,Assassin,            assassinate_result = int(assassinate_result)
src/server/tasks/avalon/agents/llm_with_discussion.py,310,Assassin,"        if isinstance(assassinate_result, int):"
src/server/tasks/avalon/agents/llm_with_discussion.py,311,Assassin,            return assassinate_result
src/server/tasks/avalon/agents/llm_with_discussion.py,314,Assassin,"                ""Assassination result should be an integer, instead of {}."".format(type(assassinate_result))"
src/server/tasks/avalon/agents/search_agent.py,1,discussion,from .llm_with_discussion import LLMAgentWithDiscussion # this part is not correct yet
src/server/tasks/avalon/agents/search_agent.py,5,action,"from strategist.dialogue_improve.action_planner import AvalonActionPlannerAgent, MuteDeafAvalonActionPlannerAgent, MuteMCTSAgent"
src/server/tasks/avalon/agents/search_agent.py,16,team,from ..utils import verbalize_team_result
src/server/tasks/avalon/agents/search_agent.py,21,discussion,class SearchlightLLMAgentWithDiscussion(LLMAgentWithDiscussion):
src/server/tasks/avalon/agents/search_agent.py,22,role,"    def __init__(self, name: str, num_players: int, id: int, role: int, role_name: str, config:AvalonBasicConfig, session: AvalonSessionWrapper=None, side=None, seed=None, func_str=None, **kwargs):"
src/server/tasks/avalon/agents/search_agent.py,23,action,        # we want to keep track of the current game state here somehow. this should include both the current action history and dialogue history (or summary of dialogue history)
src/server/tasks/avalon/agents/search_agent.py,25,action,        # and some action intent prediction module to predict the action intent of the agent
src/server/tasks/avalon/agents/search_agent.py,30,role,"            role=role,"
src/server/tasks/avalon/agents/search_agent.py,31,role,"            role_name=role_name,"
src/server/tasks/avalon/agents/search_agent.py,48,role,"        """"""Initiliaze the game info for the agent, which includes game introduction, role, and reveal information for different roles."""""""
src/server/tasks/avalon/agents/search_agent.py,53,"Merlin,role","        content_prompt = intro_prompt + INFO_ROLE.format(self.num_players, self.num_good, int(self.merlin), self.num_good - int(self.merlin) - int(self.percival), self.num_evil, self.num_evil - int(self.morgana) - int(self.mordred) - int(self.oberon) - 1)"
src/server/tasks/avalon/agents/search_agent.py,54,role,"        identity_prompt = INFO_YOUR_ROLE.format(self.name, self.role_name, verbal_side[self.side]) # and do not pretend to be other roles throughout the game."""
src/server/tasks/avalon/agents/search_agent.py,59,Minion,        minion_list = []
src/server/tasks/avalon/agents/search_agent.py,60,Servant,        servant_list = []
src/server/tasks/avalon/agents/search_agent.py,61,Assassin,        assassin = ''
src/server/tasks/avalon/agents/search_agent.py,62,Merlin,        merlin = ''
src/server/tasks/avalon/agents/search_agent.py,64,Minion,"            if player_info[1] == ""Minion"":"
src/server/tasks/avalon/agents/search_agent.py,65,Minion,                minion_list.append(str(idx))
src/server/tasks/avalon/agents/search_agent.py,66,Servant,"            elif player_info[1] == ""Servant"":"
src/server/tasks/avalon/agents/search_agent.py,67,Servant,                servant_list.append(str(idx))
src/server/tasks/avalon/agents/search_agent.py,68,Assassin,"            elif player_info[1] == ""Assassin"":"
src/server/tasks/avalon/agents/search_agent.py,69,Assassin,                assassin = str(idx)
src/server/tasks/avalon/agents/search_agent.py,70,Merlin,"            elif player_info[1] == ""Merlin"":"
src/server/tasks/avalon/agents/search_agent.py,71,Merlin,                merlin = str(idx)
src/server/tasks/avalon/agents/search_agent.py,72,"Merlin,role","        if self.role_name == ""Merlin"":"
src/server/tasks/avalon/agents/search_agent.py,73,Minion,            if len(minion_list) == 1:
src/server/tasks/avalon/agents/search_agent.py,74,"Merlin,Minion,Servant","                reveal_info = REVEAL_PROMPTS['Merlin'][0].format(', '.join(minion_list), ', '.join(servant_list))"
src/server/tasks/avalon/agents/search_agent.py,75,Minion,            elif len(minion_list) > 1:
src/server/tasks/avalon/agents/search_agent.py,76,"Merlin,Minion","                reveal_info = REVEAL_PROMPTS['Merlin'][1].format(', '.join(minion_list))"
src/server/tasks/avalon/agents/search_agent.py,77,"Minion,role","        if self.role_name == ""Minion"":"
src/server/tasks/avalon/agents/search_agent.py,78,Minion,            if len(minion_list) == 1:
src/server/tasks/avalon/agents/search_agent.py,79,"Merlin,Minion,Assassin,Servant","                reveal_info = REVEAL_PROMPTS['Minion'][0].format(assassin, ', '.join(servant_list + [merlin]))"
src/server/tasks/avalon/agents/search_agent.py,80,Minion,            elif len(minion_list) > 1:
src/server/tasks/avalon/agents/search_agent.py,81,Minion,"                reveal_info = REVEAL_PROMPTS['Minion'][1].format(', '.join(minion_list))"
src/server/tasks/avalon/agents/search_agent.py,82,"Assassin,role","        if self.role_name == ""Assassin"":"
src/server/tasks/avalon/agents/search_agent.py,83,Minion,            if len(minion_list) == 1:
src/server/tasks/avalon/agents/search_agent.py,84,"Merlin,Minion,Assassin,Servant","                reveal_info = REVEAL_PROMPTS['Assassin'][0].format(', '.join(minion_list), ', '.join(servant_list + [merlin]))"
src/server/tasks/avalon/agents/search_agent.py,89,role,"            ""role"": ""user"","
src/server/tasks/avalon/agents/search_agent.py,94,role,"            # ""role"": ""system"","
src/server/tasks/avalon/agents/search_agent.py,95,role,"            ""role"": ""user"","
src/server/tasks/avalon/agents/search_agent.py,104,private,        #     private_information=self.system_info
src/server/tasks/avalon/agents/search_agent.py,111,role,"        #     player_role=self.role,"
src/server/tasks/avalon/agents/search_agent.py,113,private,        #     private_information=self.system_info
src/server/tasks/avalon/agents/search_agent.py,116,role,"        known_sides = AvalonState.get_known_sides(self.id, [role[0] for role in player_list])"
src/server/tasks/avalon/agents/search_agent.py,119,role,        # role_to_dialogue_guide = {role: dialogue_guide for role in env.roles}
src/server/tasks/avalon/agents/search_agent.py,120,role,        role_to_dialogue_guide = self.guides
src/server/tasks/avalon/agents/search_agent.py,121,action,        # self.action_planner = AvalonActionPlannerAgent(
src/server/tasks/avalon/agents/search_agent.py,127,action,"        # actor_action_enumerator = AvalonActorActionEnumerator(avalon_env=avalon_env, default_player_order=tuple(range(avalon_config.num_players)))"
src/server/tasks/avalon/agents/search_agent.py,131,action,        # action_parser = AvalonActorActionEnumerator.parse_str_to_action
src/server/tasks/avalon/agents/search_agent.py,134,action,"        # simulator = DialogueGameSimulator(transitor=forward_transitor, actor_action_enumerator=actor_action_enumerator, speaker_enumerator=speaker_enumerator, information_function=information_function, start_state=start_state)"
src/server/tasks/avalon/agents/search_agent.py,135,Merlin,"        # information_prior = AvalonInformationPrior(config=avalon_config, belief_p_is_merlin=np.ones(avalon_config.num_players)/avalon_config.num_players, belief_p_is_good=np.ones(avalon_config.num_players)/avalon_config.num_players)"
src/server/tasks/avalon/agents/search_agent.py,137,action,        # create inputs to AvalonActionPlannerAgent
src/server/tasks/avalon/agents/search_agent.py,144,action,        # self.action_planner = BaselineAvalonActionPlannerAgent(
src/server/tasks/avalon/agents/search_agent.py,149,role,        #     role_to_dialogue_guide=role_to_dialogue_guide
src/server/tasks/avalon/agents/search_agent.py,152,action,        self.action_planner = MuteDeafAvalonActionPlannerAgent(
src/server/tasks/avalon/agents/search_agent.py,156,role,"            role_to_dialogue_guide=role_to_dialogue_guide,"
src/server/tasks/avalon/agents/search_agent.py,162,action,        # self.action_planner = AvalonActionPlannerAgent(
src/server/tasks/avalon/agents/search_agent.py,170,"team,vote,mission","    async def observe_team_result(self, mission_id, team: frozenset, votes: List[int], outcome: bool, **kwargs) -> None:"
src/server/tasks/avalon/agents/search_agent.py,173,role,"            ""role"": ""user"","
src/server/tasks/avalon/agents/search_agent.py,174,"team,vote","            ""content"": verbalize_team_result(team, votes, outcome),"
src/server/tasks/avalon/agents/search_agent.py,177,"discussion,team,mission","    async def team_discussion(self, team_size, team_leader_id, mission_id, env=None, dialogue_history=None, **kwargs):"
src/server/tasks/avalon/agents/search_agent.py,179,"discussion,team",        Team discussion
src/server/tasks/avalon/agents/search_agent.py,183,action,        # action = self.get_action_intent(env)
src/server/tasks/avalon/agents/search_agent.py,186,action,"        #     intended_action=action,"
src/server/tasks/avalon/agents/search_agent.py,188,quest,"        #     quest_leader=state.quest_leader,"
src/server/tasks/avalon/agents/search_agent.py,189,phase,"        #     phase=state.phase,"
src/server/tasks/avalon/agents/search_agent.py,192,"team,quest","        #     quest_team=state.quest_team,"
src/server/tasks/avalon/agents/search_agent.py,193,"team,vote","        #     team_votes=state.team_votes,"
src/server/tasks/avalon/agents/search_agent.py,194,quest,"        #     quest_results=state.quest_results,"
src/server/tasks/avalon/agents/search_agent.py,197,action,"        actor, legal_actions = self.action_planner.actor_action_enumerator.enumerate(state)"
src/server/tasks/avalon/agents/search_agent.py,198,action,"        information_set = self.action_planner.information_function.get_information_set(state, actor)"
src/server/tasks/avalon/agents/search_agent.py,199,"role,private","        known_sides, self_role = state.get_private_information(actor)"
src/server/tasks/avalon/agents/search_agent.py,200,role,        state.self_role = self_role
src/server/tasks/avalon/agents/search_agent.py,203,action,"        # information_set = self.action_planner.information_function.get_information_set(state, actor)"
src/server/tasks/avalon/agents/search_agent.py,205,action,"        self.action_planner.observe_dialogue(state=state, new_dialogue=new_dialogue)"
src/server/tasks/avalon/agents/search_agent.py,206,action,        utterance = self.action_planner.produce_utterance(state=information_set)
src/server/tasks/avalon/agents/search_agent.py,209,"team,mission","    async def propose_team(self, team_size, mission_id, env=None):"
src/server/tasks/avalon/agents/search_agent.py,211,team,        Propose Team
src/server/tasks/avalon/agents/search_agent.py,213,action,        action = list(self.get_action_intent(env))
src/server/tasks/avalon/agents/search_agent.py,214,"team,action","        print(ColorMessage.blue(""Action:"") + "" "", f""Propose team {action}"")"
src/server/tasks/avalon/agents/search_agent.py,215,action,        return action
src/server/tasks/avalon/agents/search_agent.py,217,"team,vote,mission","    async def vote_on_team(self, team, mission_id, env=None):"
src/server/tasks/avalon/agents/search_agent.py,219,"team,vote",        Vote on team
src/server/tasks/avalon/agents/search_agent.py,221,team,        verbal_team_act = {
src/server/tasks/avalon/agents/search_agent.py,222,team,"            0: ""Reject the team"","
src/server/tasks/avalon/agents/search_agent.py,223,team,"            1: ""Approve the team"","
src/server/tasks/avalon/agents/search_agent.py,225,action,        action = self.get_action_intent(env)
src/server/tasks/avalon/agents/search_agent.py,226,"team,action","        print(ColorMessage.blue(""Action:"") + "" "" + verbal_team_act[action])"
src/server/tasks/avalon/agents/search_agent.py,227,action,        return action
src/server/tasks/avalon/agents/search_agent.py,229,"team,vote,mission","    async def vote_on_mission(self, team, mission_id, env=None):"
src/server/tasks/avalon/agents/search_agent.py,231,"vote,mission",        Vote on mission
src/server/tasks/avalon/agents/search_agent.py,233,team,        verbal_team_act = {
src/server/tasks/avalon/agents/search_agent.py,234,"mission,fail","            0: ""Fail the mission"","
src/server/tasks/avalon/agents/search_agent.py,235,mission,"            1: ""Pass the mission"","
src/server/tasks/avalon/agents/search_agent.py,237,action,        action = self.get_action_intent(env)
src/server/tasks/avalon/agents/search_agent.py,238,"team,action","        print(ColorMessage.blue(""Action:"") + "" "" + verbal_team_act[action])"
src/server/tasks/avalon/agents/search_agent.py,239,action,        return action
src/server/tasks/avalon/agents/search_agent.py,241,Assassin,"    async def assassinate(self, env=None):"
src/server/tasks/avalon/agents/search_agent.py,243,Assassin,        Assassinate
src/server/tasks/avalon/agents/search_agent.py,245,action,        action = self.get_action_intent(env)
src/server/tasks/avalon/agents/search_agent.py,246,"Assassin,action","        print(ColorMessage.blue(""Action:"") + "" "", f""Assassinate Player {action}"")"
src/server/tasks/avalon/agents/search_agent.py,247,action,        return action
src/server/tasks/avalon/agents/search_agent.py,253,action,        belief_p_is_good = self.action_planner.dialogue_discriminator.get_p_is_good()
src/server/tasks/avalon/agents/search_agent.py,263,action,"    def get_action_intent(self, env=None):"
src/server/tasks/avalon/agents/search_agent.py,265,action,        Returns the action intent of the agent
src/server/tasks/avalon/agents/search_agent.py,271,Merlin,        # belief_p_is_merlin = self.dialogue_discriminator.get_p_is_merlin()
src/server/tasks/avalon/agents/search_agent.py,273,action,        # action = self.action_planner.get_intent(
src/server/tasks/avalon/agents/search_agent.py,275,Merlin,"        #     belief_p_is_merlin=belief_p_is_merlin,"
src/server/tasks/avalon/agents/search_agent.py,276,quest,"        #     quest_leader=state.quest_leader,"
src/server/tasks/avalon/agents/search_agent.py,277,phase,"        #     phase=state.phase,"
src/server/tasks/avalon/agents/search_agent.py,281,"team,quest","        #     quest_team=state.quest_team,"
src/server/tasks/avalon/agents/search_agent.py,282,"team,vote","        #     team_votes=state.team_votes,"
src/server/tasks/avalon/agents/search_agent.py,283,"vote,quest","        #     # quest_votes=state.quest_votes,"
src/server/tasks/avalon/agents/search_agent.py,284,quest,"        #     quest_results=state.quest_results,"
src/server/tasks/avalon/agents/search_agent.py,292,action,"        print(""Check actor action enumerator"")"
src/server/tasks/avalon/agents/search_agent.py,293,action,"        actor, legal_actions = self.action_planner.actor_action_enumerator.enumerate(state)"
src/server/tasks/avalon/agents/search_agent.py,296,action,"        print(""Check actor action enumerator done"")"
src/server/tasks/avalon/agents/search_agent.py,298,action,"        information_set = self.action_planner.information_function.get_information_set(state, actor)"
src/server/tasks/avalon/agents/search_agent.py,299,action,"        # information_set = self.action_planner.information_function.get_information_set(state, actor)"
src/server/tasks/avalon/agents/search_agent.py,300,action,"        action = self.action_planner.act(information_set, legal_actions)"
src/server/tasks/avalon/agents/search_agent.py,301,action,"        # action = self.action_planner.act(state, legal_actions)"
src/server/tasks/avalon/agents/search_agent.py,303,role,"        print(ColorMessage.cyan(f""##### Search Agent (Player {self.id}, Role: {self.role_name}) #####""))"
src/server/tasks/avalon/agents/search_agent.py,306,team,"        #     (0, ""I think we should approve this team.""),"
src/server/tasks/avalon/agents/search_agent.py,307,team,"        #     (1, ""I think we should reject this team.""),"
src/server/tasks/avalon/agents/search_agent.py,308,team,"        #     (2, ""I think we should approve this team.""),"
src/server/tasks/avalon/agents/search_agent.py,309,team,"        #     (3, ""I think we should reject this team.""),"
src/server/tasks/avalon/agents/search_agent.py,310,team,"        #     (4, ""I think we should approve this team."")"
src/server/tasks/avalon/agents/search_agent.py,313,action,"        # self.action_planner.observe_dialogue(state=information_set, new_dialogue=mock_dialogue)"
src/server/tasks/avalon/agents/search_agent.py,314,action,        # utterance = self.action_planner.produce_utterance(state=information_set)
src/server/tasks/avalon/agents/search_agent.py,316,action,        return action
src/server/tasks/avalon/avalon_exception.py,26,action,class AvalonAgentActionException(AvalonException):
src/server/tasks/avalon/avalon_exception.py,28,action,"        super().__init__(""Invalid action (result) with retry"", detail)"
src/server/tasks/avalon/engine.py,10,quest,        QUEST_PRESET:
src/server/tasks/avalon/engine.py,11,quest,            - Detail: Presets for each quest under various game settings (number of players)
src/server/tasks/avalon/engine.py,12,"quest,fail","            - Typing: Dict[num_players: List[List[num_good, num_evil], List[num_players_for_quest], List[num_fails_for_quest]]]"
src/server/tasks/avalon/engine.py,14,phase,        PHASES: Map from id to different phases
src/server/tasks/avalon/engine.py,15,role,        ROLES: Map from id to different roles
src/server/tasks/avalon/engine.py,18,Merlin,        merlin (bool): Whether Merlin is in the game
src/server/tasks/avalon/engine.py,27,quest,        num_players_for_quest (list): Number of players for each quest
src/server/tasks/avalon/engine.py,28,"quest,fail",        num_fails_for_quest (list): Number of rejects required for the failure of each quest
src/server/tasks/avalon/engine.py,37,quest,"    QUEST_PRESET: ClassVar =   {5 : [[3,2] , [2,3,2,3,3], [1,1,1,1,1], ] , "
src/server/tasks/avalon/engine.py,45,"Assassin,team,quest,phase","    PHASES: ClassVar = {0 : ""Team Selection"", 1 : ""Team Voting"", 2 : ""Quest Voting"", 3 : ""Assassination""}"
src/server/tasks/avalon/engine.py,46,"Merlin,Minion,Assassin,Servant,role","    ROLES: ClassVar = {0 : ""Merlin"", 1 : ""Percival"", 2 : ""Morgana"", 3 : ""Mordred"", 4 : ""Oberon"", 5 : ""Servant"", 6 : ""Minion"", 7 : ""Assassin""}"
src/server/tasks/avalon/engine.py,47,role,"    ROLES_REVERSE: ClassVar = {v: k for k, v in ROLES.items()}"
src/server/tasks/avalon/engine.py,48,role,"    ROLES_TO_IS_GOOD: ClassVar = {0: True, 1: True, 2: False, 3: False, 4: False, 5: True, 6: False, 7: False}"
src/server/tasks/avalon/engine.py,50,Merlin,    merlin: bool = True
src/server/tasks/avalon/engine.py,59,quest,    num_players_for_quest: list
src/server/tasks/avalon/engine.py,60,"quest,fail",    num_fails_for_quest: list
src/server/tasks/avalon/engine.py,67,quest,        num_evil = cls.QUEST_PRESET[num_players][0][1]
src/server/tasks/avalon/engine.py,69,quest,        num_players_for_quest = cls.QUEST_PRESET[num_players][1]
src/server/tasks/avalon/engine.py,70,"quest,fail",        num_fails_for_quest = cls.QUEST_PRESET[num_players][2]
src/server/tasks/avalon/engine.py,76,quest,"            num_players_for_quest=num_players_for_quest,"
src/server/tasks/avalon/engine.py,77,"quest,fail","            num_fails_for_quest=num_fails_for_quest,"
src/server/tasks/avalon/engine.py,86,quest,        num_evil = cls.QUEST_PRESET[num_players][0][1]
src/server/tasks/avalon/engine.py,88,quest,        num_players_for_quest = cls.QUEST_PRESET[num_players][1]
src/server/tasks/avalon/engine.py,89,"quest,fail",        num_fails_for_quest = cls.QUEST_PRESET[num_players][2]
src/server/tasks/avalon/engine.py,95,quest,"            num_players_for_quest=num_players_for_quest,"
src/server/tasks/avalon/engine.py,96,"quest,fail","            num_fails_for_quest=num_fails_for_quest,"
src/server/tasks/avalon/engine.py,106,role,"    2. Call the class method :method:`from_presets` to instantiate the environment with game presets, which includes role information"
src/server/tasks/avalon/engine.py,109,role,    - role_names (List[str]): List of role names for each player
src/server/tasks/avalon/engine.py,111,quest,    - quest_leader (int): The id of the quest leader
src/server/tasks/avalon/engine.py,140,quest,        quest_leader = presets['quest_leader']
src/server/tasks/avalon/engine.py,141,role,        role_names = presets['role_names']
src/server/tasks/avalon/engine.py,142,role,        role_ids = [config.ROLES_REVERSE[role_name] for role_name in role_names]
src/server/tasks/avalon/engine.py,145,role,"        for idx, role in enumerate(role_names):"
src/server/tasks/avalon/engine.py,146,"Minion,Assassin,role","            if role in [""Morgana"", ""Mordred"", ""Oberon"", ""Minion"", ""Assassin""]:"
src/server/tasks/avalon/engine.py,149,role,        cls.roles = np.array(role_ids)
src/server/tasks/avalon/engine.py,150,role,        cls.role_names = role_names
src/server/tasks/avalon/engine.py,152,quest,        cls.quest_leader = quest_leader
src/server/tasks/avalon/engine.py,155,quest,        cls.quest = 0
src/server/tasks/avalon/engine.py,156,phase,        cls.phase = 0
src/server/tasks/avalon/engine.py,161,"team,quest",        cls.quest_team = []
src/server/tasks/avalon/engine.py,162,"team,vote",        cls.team_votes = []
src/server/tasks/avalon/engine.py,163,"vote,quest",        cls.quest_votes = []
src/server/tasks/avalon/engine.py,164,quest,        cls.quest_results = []
src/server/tasks/avalon/engine.py,176,quest,        self.quest = 0
src/server/tasks/avalon/engine.py,177,phase,        self.phase = 0
src/server/tasks/avalon/engine.py,181,quest,"        self.quest_leader = np.random.randint(0, self.num_players)"
src/server/tasks/avalon/engine.py,183,quest,        self.quest_results = []
src/server/tasks/avalon/engine.py,184,"team,quest",        self.quest_team = []
src/server/tasks/avalon/engine.py,185,"team,vote",        self.team_votes = []
src/server/tasks/avalon/engine.py,186,"vote,quest",        self.quest_votes = []
src/server/tasks/avalon/engine.py,188,role,        # reassign roles
src/server/tasks/avalon/engine.py,189,role,        return self.assign_roles()
src/server/tasks/avalon/engine.py,191,role,    def assign_roles(self):
src/server/tasks/avalon/engine.py,193,role,        assigns roles to players
src/server/tasks/avalon/engine.py,195,role,"        self.roles = np.full(self.num_players, 5)"
src/server/tasks/avalon/engine.py,202,role,        # create evil roles
src/server/tasks/avalon/engine.py,203,role,        evil_roles = [7]
src/server/tasks/avalon/engine.py,205,role,            evil_roles.append(2)
src/server/tasks/avalon/engine.py,207,role,            evil_roles.append(3)
src/server/tasks/avalon/engine.py,209,role,            evil_roles.append(4)
src/server/tasks/avalon/engine.py,211,role,        # fill rest of evil roles with 6
src/server/tasks/avalon/engine.py,212,role,        evil_roles += [6] * (self.num_evil - len(evil_roles))
src/server/tasks/avalon/engine.py,214,role,        # assign evil roles randomly
src/server/tasks/avalon/engine.py,215,role,"        self.roles[evil_players] = np.random.choice(evil_roles, self.num_evil, replace = False)"
src/server/tasks/avalon/engine.py,217,role,        # create good roles
src/server/tasks/avalon/engine.py,218,role,        good_roles = []
src/server/tasks/avalon/engine.py,219,Merlin,        if self.merlin:
src/server/tasks/avalon/engine.py,220,role,            good_roles.append(0)
src/server/tasks/avalon/engine.py,222,role,            good_roles.append(1)
src/server/tasks/avalon/engine.py,224,role,        # fill rest of good roles with 5
src/server/tasks/avalon/engine.py,225,role,        good_roles += [5] * (self.num_good - len(good_roles))
src/server/tasks/avalon/engine.py,227,role,        # assign good roles randomly
src/server/tasks/avalon/engine.py,229,role,"        self.roles[good_players] = np.random.choice(good_roles, self.num_good, replace = False)"
src/server/tasks/avalon/engine.py,231,role,        # return list of role names
src/server/tasks/avalon/engine.py,232,role,        return [self.config.ROLES[role] for role in self.roles]
src/server/tasks/avalon/engine.py,234,role,"    def get_role(self, player):"
src/server/tasks/avalon/engine.py,236,role,"        returns tuple of role index, role name, and whether player is good"
src/server/tasks/avalon/engine.py,238,role,"        return (self.roles[player], self.config.ROLES[self.roles[player]], self.is_good[player])"
src/server/tasks/avalon/engine.py,240,role,    def get_roles(self):
src/server/tasks/avalon/engine.py,242,role,"        returns list of tuples of role index, role name, and whether player is good"
src/server/tasks/avalon/engine.py,244,role,"        return [(role, self.config.ROLES[role], self.is_good[player]) for player, role in enumerate(self.roles)]"
src/server/tasks/avalon/engine.py,251,Merlin,"        # if player is Merlin or evil, return all sides"
src/server/tasks/avalon/engine.py,252,role,        if self.roles[player] == 0 or not self.is_good[player]:
src/server/tasks/avalon/engine.py,258,phase,    def get_phase(self):
src/server/tasks/avalon/engine.py,260,phase,        returns tuple of phase index and phase name
src/server/tasks/avalon/engine.py,262,phase,"        return (self.phase, self.config.PHASES[self.phase])"
src/server/tasks/avalon/engine.py,264,quest,    def get_quest_leader(self):
src/server/tasks/avalon/engine.py,266,quest,        returns quest leader
src/server/tasks/avalon/engine.py,268,quest,        return self.quest_leader
src/server/tasks/avalon/engine.py,270,team,    def get_team_size(self):
src/server/tasks/avalon/engine.py,272,team,        returns team size
src/server/tasks/avalon/engine.py,275,quest,            return self.num_players_for_quest[self.turn]
src/server/tasks/avalon/engine.py,278,quest,            return self.num_players_for_quest[self.turn]
src/server/tasks/avalon/engine.py,280,"team,quest,phase","    def choose_quest_team(self, team: frozenset, leader):  # phase 0"
src/server/tasks/avalon/engine.py,282,"team,quest",        chooses quest team
src/server/tasks/avalon/engine.py,283,team,        team: list of players on team
src/server/tasks/avalon/engine.py,284,"quest,phase","        returns: (next phase, whether game is done, next quest leader)"
src/server/tasks/avalon/engine.py,290,"team,phase","        # check if it is team selection phase. if not, raise error"
src/server/tasks/avalon/engine.py,291,phase,        if self.phase != 0:
src/server/tasks/avalon/engine.py,292,"team,phase","            raise AvalonEnvException(""Not in team selection phase"")"
src/server/tasks/avalon/engine.py,294,team,        # check if team size is valid
src/server/tasks/avalon/engine.py,295,"team,quest",        # if np.sum(team) != self.num_players_for_quest[self.round]:
src/server/tasks/avalon/engine.py,296,team,"        #     raise AvalonEnvException(""Invalid team size"")"
src/server/tasks/avalon/engine.py,298,"team,quest",        if len(team) != self.num_players_for_quest[self.turn]:
src/server/tasks/avalon/engine.py,299,team,"            raise AvalonEnvException(""Invalid team size"")"
src/server/tasks/avalon/engine.py,301,quest,        # check if leader is quest leader
src/server/tasks/avalon/engine.py,302,quest,        if leader != self.quest_leader:
src/server/tasks/avalon/engine.py,303,quest,"            raise AvalonEnvException(""Not quest leader"")"
src/server/tasks/avalon/engine.py,305,"team,quest",        self.quest_team = team
src/server/tasks/avalon/engine.py,307,phase,        # move to next phase
src/server/tasks/avalon/engine.py,308,phase,        self.phase += 1
src/server/tasks/avalon/engine.py,309,quest,        self.quest_leader = (self.quest_leader + 1) % self.num_players
src/server/tasks/avalon/engine.py,311,"quest,phase","        return (self.phase, self.done, self.quest_leader)"
src/server/tasks/avalon/engine.py,313,"team,quest",    def get_current_quest_team(self):
src/server/tasks/avalon/engine.py,315,"team,quest",        returns list of players on quest team
src/server/tasks/avalon/engine.py,317,"team,quest",        return self.quest_team
src/server/tasks/avalon/engine.py,319,"team,vote,phase","    def gather_team_votes(self, votes: List):  # phase 1"
src/server/tasks/avalon/engine.py,321,"team,vote,quest","        votes on quest team: list, 0 for reject, 1 for accept"
src/server/tasks/avalon/engine.py,322,"team,phase","        returns (next phase, whether game is done, whether team is accepted)"
src/server/tasks/avalon/engine.py,328,"team,phase","        # check if it is team voting phase. if not, raise error"
src/server/tasks/avalon/engine.py,329,phase,        if self.phase != 1:
src/server/tasks/avalon/engine.py,330,"team,phase","            raise AvalonEnvException(""Not in team voting phase"")"
src/server/tasks/avalon/engine.py,332,vote,        # check if votes is valid
src/server/tasks/avalon/engine.py,333,vote,        if len(votes) != self.num_players:
src/server/tasks/avalon/engine.py,334,vote,"            raise AvalonEnvException(""Invalid number of votes"")"
src/server/tasks/avalon/engine.py,336,"team,vote",        self.team_votes = votes
src/server/tasks/avalon/engine.py,338,team,"        # if this is the MAX_ROUNDS round, then team automatically passes"
src/server/tasks/avalon/engine.py,340,phase,            self.phase += 1
src/server/tasks/avalon/engine.py,342,phase,"            return (self.phase, self.done, True)"
src/server/tasks/avalon/engine.py,344,"team,phase","        # if strict majority accepts, move to next phase. Otherwise back to team selection"
src/server/tasks/avalon/engine.py,345,vote,        if sum(votes) > self.num_players / 2:
src/server/tasks/avalon/engine.py,346,phase,            self.phase += 1
src/server/tasks/avalon/engine.py,348,phase,"            return (self.phase, self.done, True)"
src/server/tasks/avalon/engine.py,350,phase,            self.phase = 0
src/server/tasks/avalon/engine.py,352,phase,"            return (self.phase, self.done, False)"
src/server/tasks/avalon/engine.py,354,"team,vote,quest",    def get_quest_team_votes(self):
src/server/tasks/avalon/engine.py,356,"team,vote,quest",        returns list of votes on quest team
src/server/tasks/avalon/engine.py,358,"team,vote,quest",        return self.quest_team_votes
src/server/tasks/avalon/engine.py,360,"vote,quest,phase","    def gather_quest_votes(self, votes: List):  # phase 2"
src/server/tasks/avalon/engine.py,362,"vote,quest,fail","        votes on quest: list, 0 for fail, 1 for pass"
src/server/tasks/avalon/engine.py,363,"quest,fail,phase","        returns: (next phase, whether game is done, whether the quest succeeded, number of fails)"
src/server/tasks/avalon/engine.py,369,"quest,phase","        # check if it is quest voting phase. if not, raise error"
src/server/tasks/avalon/engine.py,370,phase,        if self.phase != 2:
src/server/tasks/avalon/engine.py,371,"quest,phase","            raise AvalonEnvException(""Not in quest voting phase"")"
src/server/tasks/avalon/engine.py,373,vote,        # check if votes is valid
src/server/tasks/avalon/engine.py,374,"vote,quest",        if len(votes) != self.num_players_for_quest[self.turn]:
src/server/tasks/avalon/engine.py,375,vote,"            raise AvalonEnvException(""Invalid number of votes"")"
src/server/tasks/avalon/engine.py,377,"vote,quest",        self.quest_votes = votes
src/server/tasks/avalon/engine.py,379,"vote,fail",        num_fails = len(votes) - sum(votes)
src/server/tasks/avalon/engine.py,381,"quest,fail","        # if number of fails is greater to or equal to number of fails allowed, quest fails"
src/server/tasks/avalon/engine.py,382,"quest,fail",        if (num_fails) >= self.num_fails_for_quest[self.turn]:
src/server/tasks/avalon/engine.py,384,quest,            self.quest_results.append(False)
src/server/tasks/avalon/engine.py,390,"team,quest,fail,phase",            # end game if 3 quests failed. Otherwise go to team selection phase
src/server/tasks/avalon/engine.py,391,quest,            if len(self.quest_results) - sum(self.quest_results) == 3:
src/server/tasks/avalon/engine.py,394,"fail,phase","                return (self.phase, self.done, False, num_fails)"
src/server/tasks/avalon/engine.py,396,phase,                self.phase = 0
src/server/tasks/avalon/engine.py,397,"fail,phase","                return (self.phase, self.done, False, num_fails)"
src/server/tasks/avalon/engine.py,400,quest,            self.quest_results.append(True)
src/server/tasks/avalon/engine.py,407,"Assassin,team,quest,phase",            # go to assassination phase if 3 quests succeeded. Otherwise go to team selection phase
src/server/tasks/avalon/engine.py,408,quest,            if sum(self.quest_results) == 3:
src/server/tasks/avalon/engine.py,409,phase,                self.phase += 1
src/server/tasks/avalon/engine.py,411,phase,                self.phase = 0
src/server/tasks/avalon/engine.py,412,"fail,phase","            return (self.phase, self.done, True, num_fails)"
src/server/tasks/avalon/engine.py,415,Assassin,    def get_assassin(self):
src/server/tasks/avalon/engine.py,417,Assassin,        returns assassin
src/server/tasks/avalon/engine.py,419,role,        return np.where(self.roles == 7)[0][0]
src/server/tasks/avalon/engine.py,421,"Assassin,phase","    def choose_assassination_target(self, player, target):  # phase 3"
src/server/tasks/avalon/engine.py,423,Assassin,        chooses assassination target
src/server/tasks/avalon/engine.py,424,phase,"        returns: (next phase, whether game is done, whether good wins)"
src/server/tasks/avalon/engine.py,431,"Assassin,phase","        # check if it is assassination phase. if not, raise error"
src/server/tasks/avalon/engine.py,432,phase,        if self.phase != 3:
src/server/tasks/avalon/engine.py,433,"Assassin,phase","            raise AvalonEnvException(""Not in assassination phase"")"
src/server/tasks/avalon/engine.py,435,Assassin,        # check if player is assassin
src/server/tasks/avalon/engine.py,436,role,        if self.roles[player] != 7:
src/server/tasks/avalon/engine.py,437,Assassin,"            raise AvalonEnvException(""Not assassin"")"
src/server/tasks/avalon/engine.py,441,Assassin,"            raise AvalonEnvException(""Assassin cannot be good"")"
src/server/tasks/avalon/engine.py,445,Merlin,        # check if target is merlin
src/server/tasks/avalon/engine.py,446,role,        if self.roles[target] == 0:
src/server/tasks/avalon/engine.py,448,phase,"            return (self.phase, self.done, False)"
src/server/tasks/avalon/engine.py,450,"quest,success",        # check if at least 3 successfuel quests
src/server/tasks/avalon/engine.py,451,quest,        if sum(self.quest_results) >= 3:
src/server/tasks/avalon/engine.py,453,phase,"            return (self.phase, self.done, True)"
src/server/tasks/avalon/engine.py,455,"quest,success",        # # check if at least 3 successfuel quests
src/server/tasks/avalon/engine.py,456,quest,        # if sum(self.quest_results) >= 3:
src/server/tasks/avalon/engine.py,459,Merlin,        #     # check if target is merlin
src/server/tasks/avalon/engine.py,460,role,        #     if self.roles[target] == 0:
src/server/tasks/avalon/engine.py,462,phase,"        #         return (self.phase, self.done, False)"
src/server/tasks/avalon/engine.py,463,phase,"        #     return (self.phase, self.done, True)"
src/server/tasks/avalon/engine.py,467,phase,"        return (self.phase, self.done, False)"
src/server/tasks/avalon/engine.py,473,quest,"    #     'quest_leader': 0,"
src/server/tasks/avalon/engine.py,474,"Servant,role","    #     'role_names': ['Servant', 'Percival', 'Morgana', 'Mordred', 'Oberon']"
src/server/tasks/avalon/engine.py,477,role,    # print(env.get_role(0))
src/server/tasks/avalon/engine.py,480,role,    print(env.roles)
src/server/tasks/avalon/engine.py,482,role,    # print(env.get_role(0))
src/server/tasks/avalon/engine.py,484,role,    # print(env.roles)
src/server/tasks/avalon/engine.py,486,role,    # print(config.ROLES)
src/server/tasks/avalon/engine.py,487,role,    # print(config.ROLES_REVERSE)
src/server/tasks/avalon/funcs.py,4,phase,    phase = state['phase']
src/server/tasks/avalon/funcs.py,6,quest,    quest_leader = state['quest_leader']
src/server/tasks/avalon/funcs.py,7,"team,quest",    quest_team = state['quest_team']
src/server/tasks/avalon/funcs.py,8,quest,    historical_quest_results = state['historical_quest_results']
src/server/tasks/avalon/funcs.py,9,"team,vote",    historical_team_votes = state['historical_team_votes']
src/server/tasks/avalon/funcs.py,11,quest,    num_participants_per_quest = state['num_participants_per_quest']
src/server/tasks/avalon/funcs.py,12,"quest,fail",    num_fails_per_quest = state['num_fails_per_quest']
src/server/tasks/avalon/funcs.py,13,role,    roles = state['roles']
src/server/tasks/avalon/funcs.py,18,"team,phase",    if phase == 0:  # Team selection phase
src/server/tasks/avalon/funcs.py,19,"Minion,Assassin,role,quest","        if roles[quest_leader] in ['Minion', 'Assassin']:"
src/server/tasks/avalon/funcs.py,24,"team,phase",    elif phase == 1:  # Team approval phase
src/server/tasks/avalon/funcs.py,25,"team,vote",        if len(historical_team_votes) >= 4:
src/server/tasks/avalon/funcs.py,28,"Minion,Assassin,role,quest","            if roles[quest_leader] in ['Minion', 'Assassin']:"
src/server/tasks/avalon/funcs.py,33,"quest,phase",    elif phase == 2:  # Quest phase
src/server/tasks/avalon/funcs.py,34,"quest,success",        successful_quests = sum(historical_quest_results)
src/server/tasks/avalon/funcs.py,35,"quest,success,fail",        failed_quests = len(historical_quest_results) - successful_quests
src/server/tasks/avalon/funcs.py,36,"quest,success,fail",        if successful_quests > failed_quests:
src/server/tasks/avalon/funcs.py,41,"Assassin,phase",    elif phase == 3:  # Assassination phase
src/server/tasks/avalon/funcs.py,42,"Merlin,role",        if 'Merlin' in roles:
src/server/tasks/avalon/prompts.py,3,"role,team",The Resistance: Avalon is the game of hidden identities and social deduction. There are two teams in the game: Good and Evil. Each player has a hidden identity (role) and side. 
src/server/tasks/avalon/prompts.py,5,"quest,fail","There are five Quests in the game. Good players aim to help three Quests succeed, while Evil players aim to fail three Quests. Different quests require different numbers of players to participate. "
src/server/tasks/avalon/prompts.py,7,"role,private","At the beginning of the game, each player is assigned a role secretly and randomly. Private information is then revealed to each player. A random player is selected as the leader for the first round."
src/server/tasks/avalon/prompts.py,9,"discussion,team,vote,quest","Each round, after a round of discussion, the leader will select a team of players to participate in the Quest. Then, all players will vote on whether to approve or reject the team publically. If the team is approved (a strict majority vote to approve), the Quest will be carried out. If the team is not approved, the next player becomes the leader and the next round will start. If four teams are rejected in a row, the fifth team will automatically be approved."
src/server/tasks/avalon/prompts.py,11,"team,vote,quest,fail","If the team is approved, each teammember chooses to pass or fail the Quest anonymously. Usually if there is at least one fail vote, the Quest fails. Otherwise, the Quest succeeds."
src/server/tasks/avalon/prompts.py,13,role,Below are the roles in the game:
src/server/tasks/avalon/prompts.py,15,"Servant,quest",Servant of Arthur (Servant): A Good player who does not know who is on the Evil side. Servant's job is to make sure that three Quests succeed.
src/server/tasks/avalon/prompts.py,17,"Minion,quest,fail",Minion of Mordred (Minion): An Evil player who knows who is on the Evil side. Minion's job is to fail three Quests without being identified by the Good players.
src/server/tasks/avalon/prompts.py,19,"Merlin,quest",Merlin: A Good player who knows who is on the Evil side. Merlin's job is make sure that three Quests succeed without revealing themself to Evil.
src/server/tasks/avalon/prompts.py,21,"Merlin,Assassin,quest,success","Assassion: An Evil player who knows who is on the Evil side. Assassin's job is to assassinate Merlin if the Evil players can identify who Merlin is. If the Assassin successfully assassinates Merlin, the Evil players win the game immediately, even if three quests succeeded."
src/server/tasks/avalon/prompts.py,25,discussion,"Players may make any claims during the game, at any point in the game. Discussion, deception, accusation, persuasion, and logical deduction are all equally important in order for Good to prevail or Evil to rule the day. Hence, players should rarely reveal their true identity to other players. Players will, can, and should lie to achieve their goals."
src/server/tasks/avalon/prompts.py,27,"Merlin,Minion,Assassin,Servant,quest","In the current game, there are 5 players, including Player 0, Player 1, Player 2, Player 3, and Player 4. 3 players are good, including 1 Merlin, and 2 Servant(s). 3 players are evil, including 1 Assassin, and 1 Minion. The number of participants required for each quest are 2,3,2,3,3 respectively. "
src/server/tasks/avalon/prompts.py,31,Merlin,"    'Merlin': [""""""Tutorial on strategies:"
src/server/tasks/avalon/prompts.py,33,"Merlin,role","As you are playing the role of Merlin in this game, here are some aspects you can consider when formulating strategies for making decisions."
src/server/tasks/avalon/prompts.py,35,Merlin,"1. Identity Declaration: Never reveal your true identity, as once players from the Evil side discover that you are Merlin, "
src/server/tasks/avalon/prompts.py,36,Assassin,the Assassin can assassinate you and you will immediately lose the game.
src/server/tasks/avalon/prompts.py,38,"Minion,team","2. Accusation: Exercise caution when accusing players from the Evil side. Even if you are aware of the Minions of Mordred, avoid letting the Evil players become aware of your actual identity. Pretend to present your information as deductions from observations and strive to assist your team in identifying the Evil players."
src/server/tasks/avalon/prompts.py,40,Merlin,"3. Defense: When other players accuse you of being Merlin, try to defend yourself."""""","
src/server/tasks/avalon/prompts.py,42,Minion,"    'Minion': [""""""Tutorial on strategies:"
src/server/tasks/avalon/prompts.py,44,"Minion,role","As you are playing the role of Minion of Modred in this game, here are some aspects you can consider when formulating strategies for making decisions."
src/server/tasks/avalon/prompts.py,53,Servant,"    'Servant': [""""""Tutorial on strategies:"
src/server/tasks/avalon/prompts.py,55,"Servant,role","As you are playing the role of Servant in this game, here are some aspects you can consider when formulating strategies for making decisions."
src/server/tasks/avalon/prompts.py,57,"Merlin,Servant,team,mission","1. Identity Declaration: You can choose to reveal your true identity to inform players on the Good side. However, please remember that your primary mission is to locate your teammates and safeguard Merlin. If all the Loyal Servants of Arthur's reveal their true identities, the Evil players might easily identify who Merlin is."
src/server/tasks/avalon/prompts.py,61,Merlin,"3. Defense: When accused, you can pretend to be Merlin."
src/server/tasks/avalon/prompts.py,64,Assassin,"    'Assassin': [""""""Tutorial on strategies:"
src/server/tasks/avalon/prompts.py,66,"Assassin,role","As you are playing the role of Assassin in this game, here are some aspects you can consider when formulating strategies for making decisions."
src/server/tasks/avalon/prompts.py,80,Merlin,"    ""Merlin"": ["
src/server/tasks/avalon/prompts.py,81,"Minion,Servant","        ""Player {} is Minion. Players {} are Servants."","
src/server/tasks/avalon/prompts.py,82,Minion,"        # ""Players {} are Minions of Modred."""
src/server/tasks/avalon/prompts.py,85,Minion,"    ""Minion"": ["
src/server/tasks/avalon/prompts.py,86,Assassin,"        ""Player {} is Assassin. Players {} are Good."","
src/server/tasks/avalon/prompts.py,87,Minion,"        ""Players {} are Minions of Modred."""
src/server/tasks/avalon/prompts.py,90,Assassin,"    ""Assassin"": ["
src/server/tasks/avalon/prompts.py,91,Minion,"        ""Player {} is Minion. Players {} are Good."","
src/server/tasks/avalon/prompts.py,92,Minion,"        ""Players {} are Minions of Modred."""
src/server/tasks/avalon/prompts.py,94,Merlin,"    # ""Percival"": ""Player {} is Merlin and player {} is Morgan."""
src/server/tasks/avalon/prompts.py,97,"team,vote","CHECK_VOTE_ON_TEAM_PROMPT = """"""Based on the information, does the player approve the team? Please answer with the following template:"
src/server/tasks/avalon/prompts.py,102,"vote,quest","CHECK_VOTE_ON_QUEST_PROMPT = """"""Based on the information, does the player support the quest? Please answer with the following template:"
src/server/tasks/avalon/prompts.py,107,team,"CHECK_CHOOSE_TEAM_PROMPT = """"""Based on the information, what team does the player choose? Please answer with the following template:"
src/server/tasks/avalon/prompts.py,112,Assassin,"CHECK_ASSASSINATE_PROMPT = """"""Based on the information, which player will be assassinated? Please answer with the following template:"
src/server/tasks/avalon/prompts.py,123,"step,action","COTHOUGHT_PROMPT = """"""Please forget you are an AI. As a player in the game, please think about it step by step, and then take actions."""""""
src/server/tasks/avalon/prompts.py,125,action,# Action Prompts
src/server/tasks/avalon/prompts.py,126,team,"CHOOSE_TEAM_LEADER = """"""You are the leader this round. Please make some statements about what team you want to propose."
src/server/tasks/avalon/prompts.py,129,"team,action","CHOOSE_TEAM_ACTION = """"""Please choose {} players from player ids 0 to {} as team members."
src/server/tasks/avalon/prompts.py,132,"discussion,team,vote,phase","VOTE_TEAM_DISCUSSION = """"""Discussion Phase. Please discuss your thoughts on the team {} and what players should do in the current situation."
src/server/tasks/avalon/prompts.py,135,"team,vote,action","VOTE_TEAM_ACTION = """"""You're a player in this game. Do you approve the team {}? Please answer `Yes` or `No`."
src/server/tasks/avalon/prompts.py,138,"team,vote,mission,action","VOTE_MISSION_ACTION = """"""The team {} was approved, which includes you. Do you want to help the mission succeed? Please answer `Yes` or `No`."
src/server/tasks/avalon/prompts.py,141,"Merlin,Assassin,phase","ASSASSINATION_PHASE = """"""Assassination phase. Your job is to assassinate Merlin. \"
src/server/tasks/avalon/prompts.py,142,Assassin,Choose a player (id) to assassinate. Choose the player id from 0 to {}.
src/server/tasks/avalon/prompts.py,148,"Merlin,Minion,Assassin,Servant,role","INFO_ROLE = """"""""There are {} players, including Player 0, Player 1, Player 2, Player 3, and Player 4. {} players are good, including {} Merlin, and {} Servant(s). {} players are evil, including 1 Assassin, and {} Minion."""
src/server/tasks/avalon/prompts.py,151,role,"INFO_YOUR_ROLE = """"""You are {}, with identity {}. You are on the side of {}. Please do not forget your identity throughout the game."
src/server/tasks/avalon/prompts.py,154,discussion,"DISCUSSION_SUFFIX = """"""\nProduce dialogue that aligns with your goals for the discussion. Note that dialogue will be seen by all players in the game. **Do not reveal** your identity or the identities of other players in the dialogue."""""""
src/server/tasks/avalon/task.py,18,"team,mission","from .utils import verbalize_team_result, verbalize_mission_result"
src/server/tasks/avalon/task.py,20,discussion,from .agents.llm_with_discussion import LLMAgentWithDiscussion
src/server/tasks/avalon/task.py,21,discussion,from .agents.search_agent import SearchlightLLMAgentWithDiscussion
src/server/tasks/avalon/task.py,24,action,from .avalon_exception import AvalonAgentActionException
src/server/tasks/avalon/task.py,32,role,from good_examples.Avalon.english import role_to_guide as search_guide
src/server/tasks/avalon/task.py,33,role,from good_examples.Avalon.recon import role_to_guide as recon_guide
src/server/tasks/avalon/task.py,38,discussion,"    'llm': LLMAgentWithDiscussion,"
src/server/tasks/avalon/task.py,39,discussion,"    'search': SearchlightLLMAgentWithDiscussion,"
src/server/tasks/avalon/task.py,40,discussion,    'recon': SearchlightLLMAgentWithDiscussion
src/server/tasks/avalon/task.py,48,discussion,"    def __init__(self, num_players, agent_list, discussion, data_file, **configs):"
src/server/tasks/avalon/task.py,54,discussion,        self.discussion = discussion
src/server/tasks/avalon/task.py,67,discussion,        self.discussion_history = []
src/server/tasks/avalon/task.py,122,Merlin,        # Initialize players. Please remember to let Merlin and Evil players see the sides of all players.
src/server/tasks/avalon/task.py,123,role,"        for i, (role_i, role_name, side) in enumerate(env.get_roles()):"
src/server/tasks/avalon/task.py,130,role,"                                        role        =   role_i,"
src/server/tasks/avalon/task.py,134,role,"                                        role_name   =   role_name,"
src/server/tasks/avalon/task.py,135,Merlin,"                                        merlin      =   env.config.merlin,"
src/server/tasks/avalon/task.py,142,discussion,"                                        discussion  =   self.discussion,"
src/server/tasks/avalon/task.py,152,role,"                                        role        =   role_i,"
src/server/tasks/avalon/task.py,155,role,"                                        role_name   =   role_name,"
src/server/tasks/avalon/task.py,156,Merlin,"                                        merlin      =   env.config.merlin,"
src/server/tasks/avalon/task.py,163,discussion,"                                        discussion  =   self.discussion,"
src/server/tasks/avalon/task.py,166,Merlin,"            # If the player is Merlin or Evil, let them see the sides of all players."
src/server/tasks/avalon/task.py,167,role,"            player_sides = [side for _, _, side in env.get_roles()]"
src/server/tasks/avalon/task.py,168,role,            if player_list[i].role == 0 or player_list[i].side == 0:
src/server/tasks/avalon/task.py,170,role,"                await player_list[i].initialize_game_info(player_list=env.get_roles(), env=env)"
src/server/tasks/avalon/task.py,172,role,"                await player_list[i].initialize_game_info(player_list=env.get_roles(), env=env)"
src/server/tasks/avalon/task.py,178,phase,            phase = env.get_phase()[0]
src/server/tasks/avalon/task.py,180,mission,"            print(ColorMessage.orange(f""##### Mission {env.turn}, Round {env.round} #####""))"
src/server/tasks/avalon/task.py,182,"team,phase","            # if phase is team selection phase, ask for team"
src/server/tasks/avalon/task.py,183,phase,            if phase == 0:
src/server/tasks/avalon/task.py,184,quest,                leader = env.get_quest_leader()
src/server/tasks/avalon/task.py,185,phase,"                game_env_log.append(f""Selection Phase, the leader is Player {leader}"")"
src/server/tasks/avalon/task.py,189,phase,"                print(f""Selection Phase, the leader is Player {leader}"")"
src/server/tasks/avalon/task.py,191,discussion,                Leader speaks & Discussion
src/server/tasks/avalon/task.py,194,private,                private_informations = []
src/server/tasks/avalon/task.py,195,role,                roles = []
src/server/tasks/avalon/task.py,196,team,                # intended_team_list = []
src/server/tasks/avalon/task.py,197,discussion,                if self.discussion:
src/server/tasks/avalon/task.py,199,discussion,"                    print(ColorMessage.cyan(f""##### Discussion Starts #####""))"
src/server/tasks/avalon/task.py,209,"discussion,team","                    # print(""Test: "", player_list[leader].team_discussion)"
src/server/tasks/avalon/task.py,210,team,"                    # team, statement = await player_list[leader].test()"
src/server/tasks/avalon/task.py,212,"discussion,team",                    # print(player_list[leader].team_discussion)
src/server/tasks/avalon/task.py,214,"discussion,team",                    dialogue = await player_list[leader].team_discussion(
src/server/tasks/avalon/task.py,215,team,"                            team_size           =   env.get_team_size(),"
src/server/tasks/avalon/task.py,216,team,"                            team_leader_id      =   leader,"
src/server/tasks/avalon/task.py,217,mission,"                            mission_id          =   env.turn,"
src/server/tasks/avalon/task.py,222,role,                    roles.append(player_list[leader].role)
src/server/tasks/avalon/task.py,224,discussion,"                    self.discussion_history.append(f""Player {leader}:\n{dialogue}"")"
src/server/tasks/avalon/task.py,226,private,                    private_informations.append(player_list[leader].system_info)
src/server/tasks/avalon/task.py,227,team,                    # intended_team = await player_list[leader].propose_team(
src/server/tasks/avalon/task.py,228,team,"                    #     team_size           =   env.get_team_size(),"
src/server/tasks/avalon/task.py,229,mission,"                    #     mission_id          =   env.turn,"
src/server/tasks/avalon/task.py,232,team,                    # intended_team_list.append(list(intended_team))
src/server/tasks/avalon/task.py,234,discussion,"                    # Discussion (sequential, once, in order for now) and Summarize"
src/server/tasks/avalon/task.py,240,"discussion,team",                        dialogue = await player.team_discussion(
src/server/tasks/avalon/task.py,241,team,"                            team_size           =   env.get_team_size(),"
src/server/tasks/avalon/task.py,242,team,"                            team_leader_id      =   leader,"
src/server/tasks/avalon/task.py,243,mission,"                            mission_id          =   env.turn,"
src/server/tasks/avalon/task.py,248,role,                        roles.append(player.role)
src/server/tasks/avalon/task.py,250,discussion,"                        self.discussion_history.append(f""Player {player_id}:\n{dialogue}"")"
src/server/tasks/avalon/task.py,252,private,                        private_informations.append(player.system_info)
src/server/tasks/avalon/task.py,254,"discussion,team",                    # query the intended teams after discussion
src/server/tasks/avalon/task.py,259,team,                    #     intended_team = await player.propose_team(
src/server/tasks/avalon/task.py,260,team,"                    #         team_size           =   env.get_team_size(),"
src/server/tasks/avalon/task.py,261,mission,"                    #         mission_id          =   env.turn,"
src/server/tasks/avalon/task.py,264,team,                    #     intended_team_list.append(list(intended_team))
src/server/tasks/avalon/task.py,267,discussion,                    #     player.discussion_end(
src/server/tasks/avalon/task.py,276,discussion,"                    #     discussion_history_summary=summaries,"
src/server/tasks/avalon/task.py,278,"team,action","                    #     intended_actions=intended_team_list,"
src/server/tasks/avalon/task.py,279,private,"                    #     private_informations=private_informations,"
src/server/tasks/avalon/task.py,280,role,"                    #     roles=roles,"
src/server/tasks/avalon/task.py,285,team,                # Choose a team
src/server/tasks/avalon/task.py,286,team,                # print(player_list[leader].propose_team)
src/server/tasks/avalon/task.py,287,discussion,"                    print(ColorMessage.cyan(f""##### Discussion Ends #####""))"
src/server/tasks/avalon/task.py,289,team,                team = await player_list[leader].propose_team(
src/server/tasks/avalon/task.py,290,team,"                    team_size           =   env.get_team_size(),"
src/server/tasks/avalon/task.py,291,mission,"                    mission_id          =   env.turn,"
src/server/tasks/avalon/task.py,294,"team,quest",                env.choose_quest_team(
src/server/tasks/avalon/task.py,295,team,"                    team   =  frozenset(team),"
src/server/tasks/avalon/task.py,298,team,"                game_env_log.append(f""Leader Player {leader} chooses team {list(team)}"")"
src/server/tasks/avalon/task.py,302,team,"                print(f""Leader Player {leader} chooses team {list(team)}"")"
src/server/tasks/avalon/task.py,304,"team,vote,phase","            # if phase is team voting phase, ask for votes"
src/server/tasks/avalon/task.py,305,phase,            elif phase == 1:
src/server/tasks/avalon/task.py,306,"team,phase","                game_env_log.append(""Team Voting Phase"")"
src/server/tasks/avalon/task.py,310,"team,phase","                print(""Team voting Phase"")"
src/server/tasks/avalon/task.py,311,vote,                votes = []
src/server/tasks/avalon/task.py,315,"team,vote",                    vote = await player_list[i].vote_on_team(
src/server/tasks/avalon/task.py,316,"team,quest","                        team                =   env.get_current_quest_team(),"
src/server/tasks/avalon/task.py,317,mission,"                        mission_id          =   env.turn,"
src/server/tasks/avalon/task.py,320,vote,                    votes.append(vote)
src/server/tasks/avalon/task.py,321,vote,                # votes = [
src/server/tasks/avalon/task.py,322,"team,vote",                #     await player_list[i].vote_on_team(
src/server/tasks/avalon/task.py,323,"team,quest","                #         team                =   env.get_current_quest_team(),"
src/server/tasks/avalon/task.py,324,mission,"                #         mission_id          =   env.turn,"
src/server/tasks/avalon/task.py,329,"team,vote",                    outcome = env.gather_team_votes(votes)
src/server/tasks/avalon/task.py,332,"team,vote","                game_env_log.append(f""Team votes at this round: {str(votes)}"")"
src/server/tasks/avalon/task.py,334,team,                # Observe results of Team Selection
src/server/tasks/avalon/task.py,337,team,                    await player.observe_team_result(
src/server/tasks/avalon/task.py,338,mission,"                        mission_id  =   env.turn,"
src/server/tasks/avalon/task.py,339,"team,quest","                        team        =   env.get_current_quest_team(),"
src/server/tasks/avalon/task.py,340,vote,"                        votes       =   votes,"
src/server/tasks/avalon/task.py,344,"team,vote,quest","                game_env_log.append(""Team result: "" + verbalize_team_result(team=env.get_current_quest_team(), votes=votes, outcome=outcome[2]))"
src/server/tasks/avalon/task.py,348,"team,vote,quest","                print(""Team result: "" + verbalize_team_result(team=env.get_current_quest_team(), votes=votes, outcome=outcome[2]))"
src/server/tasks/avalon/task.py,351,"vote,quest,phase","            # if phase is quest voting phase, ask for votes"
src/server/tasks/avalon/task.py,352,phase,            elif phase == 2:
src/server/tasks/avalon/task.py,353,"quest,phase","                game_env_log.append(""Quest Voting Phase"")"
src/server/tasks/avalon/task.py,357,"quest,phase","                print(""Quest Voting Phase"")"
src/server/tasks/avalon/task.py,359,"discussion,quest",                TODO: Can have a discussion before voting on quest
src/server/tasks/avalon/task.py,361,vote,                votes = []
src/server/tasks/avalon/task.py,362,"team,quest",                for i in env.get_current_quest_team():
src/server/tasks/avalon/task.py,364,"vote,mission",                    vote = await player_list[i].vote_on_mission(
src/server/tasks/avalon/task.py,365,"team,quest","                        team                =   env.get_current_quest_team(),"
src/server/tasks/avalon/task.py,366,mission,"                        mission_id          =   env.turn,"
src/server/tasks/avalon/task.py,369,vote,                    votes.append(vote)
src/server/tasks/avalon/task.py,370,vote,                votes = [
src/server/tasks/avalon/task.py,371,"vote,mission",                    await player_list[i].vote_on_mission(
src/server/tasks/avalon/task.py,372,"team,quest","                        team                =   env.get_current_quest_team(),"
src/server/tasks/avalon/task.py,373,mission,"                        mission_id          =   env.turn,"
src/server/tasks/avalon/task.py,375,"team,quest",                        ) for i in env.get_current_quest_team()
src/server/tasks/avalon/task.py,377,"vote,quest",                outcome = env.gather_quest_votes(votes)
src/server/tasks/avalon/task.py,378,"vote,quest","                game_env_log.append(f""Quest votes at this round: {str(votes)}"")"
src/server/tasks/avalon/task.py,380,"mission,quest",                # Observe mission/quest result
src/server/tasks/avalon/task.py,384,mission,                    await player.observe_mission(
src/server/tasks/avalon/task.py,385,"team,quest","                        team        =   env.get_current_quest_team(),"
src/server/tasks/avalon/task.py,386,mission,"                        mission_id  =   env.turn-1,"
src/server/tasks/avalon/task.py,387,fail,"                        num_fails   =   outcome[3],"
src/server/tasks/avalon/task.py,388,vote,"                        votes       =   votes,"
src/server/tasks/avalon/task.py,393,"team,mission,quest","                game_env_log.append(""Quest result: "" + verbalize_mission_result(team=env.get_current_quest_team(), outcome=outcome[2]))"
src/server/tasks/avalon/task.py,397,"team,mission,quest","                print(""Quest result: "" + verbalize_mission_result(team=env.get_current_quest_team(), outcome=outcome[2]))"
src/server/tasks/avalon/task.py,399,"Assassin,phase","            # if phase is assassination phase, ask for assassination"
src/server/tasks/avalon/task.py,400,phase,            elif phase == 3:
src/server/tasks/avalon/task.py,401,"Assassin,phase","                game_env_log.append(""Assassination phase"")"
src/server/tasks/avalon/task.py,405,"Assassin,phase","                print(""Assassination phase"")"
src/server/tasks/avalon/task.py,407,"Assassin,discussion,phase",                    TODO: Discussion before Assassination Phase
src/server/tasks/avalon/task.py,409,Assassin,                # assassin = env.get_assassin()
src/server/tasks/avalon/task.py,411,role,                    if player.role == 7:
src/server/tasks/avalon/task.py,412,Assassin,                        assassin = idx
src/server/tasks/avalon/task.py,413,Assassin,                proxy.set_current_agent(assassin)
src/server/tasks/avalon/task.py,414,Assassin,                target = int(await player_list[assassin].assassinate(
src/server/tasks/avalon/task.py,417,Assassin,"                _, _, assassinated = env.choose_assassination_target(assassin, target)"
src/server/tasks/avalon/task.py,418,Assassin,"                game_env_log.append(f""Assassin Player {assassin} chooses to assassinate Player {target}"")"
src/server/tasks/avalon/task.py,422,Assassin,"                print(f""Assassin Player {assassin} chooses to assassinate Player {target}"")"
src/server/tasks/avalon/task.py,438,quest,            if sum(env.quest_results) >= 3:
src/server/tasks/avalon/task.py,446,action,        # except AvalonAgentActionException as e2:
src/server/tasks/avalon/task.py,447,action,"        #     return TaskSampleExecutionResult(status=SampleStatus.AGENT_INVALID_ACTION, result={""result"": False, ""error"": e2})"
src/server/tasks/avalon/task.py,449,fail,        #     finish_reason = SampleStatus.AGENT_VALIDATION_FAILED
src/server/tasks/avalon/task.py,453,mission,"            -1: ""Evil wins by mission!"","
src/server/tasks/avalon/task.py,454,Assassin,"            0: ""Evil wins by assassination!"","
src/server/tasks/avalon/task.py,460,role,"            f""role_of_Player_{llm_idx}"": player_list[llm_idx].role_name,"
src/server/tasks/avalon/task_scoring.py,61,vote,"    def score_influence_per_game(self, true_vote, vote_outcome):"
src/server/tasks/avalon/task_scoring.py,64,"team,vote","        true_vote: T x 1 matrix of true vote for team on turn t (0 for reject, 1 for approve)"
src/server/tasks/avalon/task_scoring.py,65,"team,vote","        vote_outcome: T x 1 matrix of vote outcome for team on turn t (0 for rejected, 1 for approved)"
src/server/tasks/avalon/task_scoring.py,66,vote,        scores what percentage of time the vote outcome matches the true vote
src/server/tasks/avalon/task_scoring.py,68,vote,        return np.mean(true_vote == vote_outcome)
src/server/tasks/avalon/task_scoring.py,70,vote,"    def score_leadership_per_game(self, vote_outcome):"
src/server/tasks/avalon/task_scoring.py,73,"team,vote","        vote_outcome: T x 1 matrix of vote outcome for team on turn t (0 for rejected, 1 for approved)"
src/server/tasks/avalon/task_scoring.py,74,team,        scores what percentage of time the proposed team was approved when the player proposed it
src/server/tasks/avalon/task_scoring.py,76,vote,        return np.mean(vote_outcome)
src/server/tasks/avalon/utils.py,3,vote,def get_vote_result(answer: str):
src/server/tasks/avalon/utils.py,4,vote,"    match_vote = ""Yes|No"""
src/server/tasks/avalon/utils.py,5,vote,    vote_result = []
src/server/tasks/avalon/utils.py,7,vote,"    vote_result = re.findall(match_vote, answer)"
src/server/tasks/avalon/utils.py,9,vote,    result = '' if len(vote_result) == 0 else vote_result[-1]
src/server/tasks/avalon/utils.py,13,team,def get_team_result(answer: str):
src/server/tasks/avalon/utils.py,23,Assassin,"def get_assassination_result(message: str, answer: str): "
src/server/tasks/avalon/utils.py,38,"team,vote","def verbalize_team_result(team: frozenset, votes, outcome: bool):"
src/server/tasks/avalon/utils.py,39,vote,    verbal_vote = {
src/server/tasks/avalon/utils.py,45,team,"        verbalized_result = f""The team {str(list(team))} is approved."""
src/server/tasks/avalon/utils.py,47,team,"        verbalized_result = f""The team {str(list(team))} is rejected."""
src/server/tasks/avalon/utils.py,51,vote,"    for idx, vote in enumerate(votes):"
src/server/tasks/avalon/utils.py,52,vote,"        verbalized_result += "" Player %d voted %s."" % (idx, verbal_vote[vote])"
src/server/tasks/avalon/utils.py,56,"team,mission","def verbalize_mission_result(team: frozenset, outcome: bool):"
src/server/tasks/avalon/utils.py,59,mission,"        verbalized_result = ""The mission succeeded."""
src/server/tasks/avalon/utils.py,61,"mission,fail","        verbalized_result = ""The mission failed."""
src/server/tasks/avalon/utils.py,65,team,"    verbalized_result += "" The team is %s, which contains"" % str(list(team))"
src/server/tasks/avalon/utils.py,66,team,    for member in team:
src/server/tasks/avalon/wrapper.py,4,"Assassin,team,vote","from .utils import get_team_result, get_vote_result, get_assassination_result, get_believed_player_sides"
src/server/tasks/avalon/wrapper.py,5,"Assassin,team,vote,quest","from .prompts import CHECK_CHOOSE_TEAM_PROMPT, CHECK_VOTE_ON_QUEST_PROMPT, CHECK_VOTE_ON_TEAM_PROMPT, CHECK_ASSASSINATE_PROMPT, CHECK_BELIEVED_SIDES_PROMPT"
src/server/tasks/avalon/wrapper.py,8,action,from .avalon_exception import AvalonAgentActionException
src/server/tasks/avalon/wrapper.py,17,action,"    async def action(self, input: Dict):"
src/server/tasks/avalon/wrapper.py,32,action,        self.decorate_method('action')
src/server/tasks/avalon/wrapper.py,54,role,"                'role': input['role'],"
src/server/tasks/avalon/wrapper.py,60,action,"    async def action(self, input: Dict=None, **kwargs):"
src/server/tasks/avalon/wrapper.py,64,role,"                    'role': input['role'],"
src/server/tasks/avalon/wrapper.py,68,action,            response = await self.session.action()
src/server/tasks/avalon/wrapper.py,81,action,        past_history = deepcopy(self.session.history) # Store the history before the action
src/server/tasks/avalon/wrapper.py,84,"team,quest,action","        if mode == ""choose_quest_team_action"":"
src/server/tasks/avalon/wrapper.py,85,team,            team_size = input['team_size']
src/server/tasks/avalon/wrapper.py,87,role,"                ""role"": ""user"","
src/server/tasks/avalon/wrapper.py,88,team,"                ""content"": result + '\n\n' + CHECK_CHOOSE_TEAM_PROMPT"
src/server/tasks/avalon/wrapper.py,90,action,            answer = await self.session.action()
src/server/tasks/avalon/wrapper.py,92,team,            answer = get_team_result(answer)
src/server/tasks/avalon/wrapper.py,93,team,            if len(answer) != team_size:
src/server/tasks/avalon/wrapper.py,94,"team,action",                # Run another action to get the correct team size
src/server/tasks/avalon/wrapper.py,97,role,"                    ""role"": ""user"","
src/server/tasks/avalon/wrapper.py,98,team,"                    ""content"": f""You should choose a team of size {team_size}, instead of size {len(answer)} as you did. Please output a list of player ids with the correct team size."""
src/server/tasks/avalon/wrapper.py,100,action,                answer = await self.session.action()
src/server/tasks/avalon/wrapper.py,106,role,"                    ""role"": ""user"","
src/server/tasks/avalon/wrapper.py,107,team,"                    ""content"": answer + '\n\n' + CHECK_CHOOSE_TEAM_PROMPT"
src/server/tasks/avalon/wrapper.py,109,action,                answer = await self.session.action()
src/server/tasks/avalon/wrapper.py,112,team,                    answer = get_team_result(answer)
src/server/tasks/avalon/wrapper.py,113,team,                    assert len(answer) == team_size
src/server/tasks/avalon/wrapper.py,116,"team,action","                    raise AvalonAgentActionException(""Invalid team size with retry."")"
src/server/tasks/avalon/wrapper.py,118,"team,action",                # Run another action to get the correct team size
src/server/tasks/avalon/wrapper.py,121,role,"                    ""role"": ""user"","
src/server/tasks/avalon/wrapper.py,122,team,"                    ""content"": f""You should choose a team of size {team_size} from Player 0 to {self.proxy.num_agents-1}, instead of team {answer} as you did. Please output a list of player ids with the correct team size and Player ids."""
src/server/tasks/avalon/wrapper.py,124,action,                answer = await self.session.action()
src/server/tasks/avalon/wrapper.py,130,role,"                    ""role"": ""user"","
src/server/tasks/avalon/wrapper.py,131,team,"                    ""content"": answer + '\n\n' + CHECK_CHOOSE_TEAM_PROMPT"
src/server/tasks/avalon/wrapper.py,133,action,                answer = await self.session.action()
src/server/tasks/avalon/wrapper.py,136,team,                    answer = get_team_result(answer)
src/server/tasks/avalon/wrapper.py,137,team,                    assert len(answer) == team_size
src/server/tasks/avalon/wrapper.py,141,action,"                    raise AvalonAgentActionException(""Invalid Player ids with retry."")"
src/server/tasks/avalon/wrapper.py,143,"team,vote","        elif mode == ""vote_on_team"":"
src/server/tasks/avalon/wrapper.py,145,role,"                ""role"": ""user"","
src/server/tasks/avalon/wrapper.py,146,"team,vote","                ""content"": result + '\n\n' + CHECK_VOTE_ON_TEAM_PROMPT"
src/server/tasks/avalon/wrapper.py,148,action,            answer = await self.session.action()
src/server/tasks/avalon/wrapper.py,150,vote,            answer = get_vote_result(answer)
src/server/tasks/avalon/wrapper.py,158,"vote,action",                # Run another action to get the correct vote result
src/server/tasks/avalon/wrapper.py,161,role,"                    ""role"": ""user"","
src/server/tasks/avalon/wrapper.py,162,"team,vote","                    ""content"": f""You surely are a player in the game. Please output `Yes` or `No` to vote on the team."""
src/server/tasks/avalon/wrapper.py,164,action,                answer = await self.session.action()
src/server/tasks/avalon/wrapper.py,170,role,"                    ""role"": ""user"","
src/server/tasks/avalon/wrapper.py,171,"team,vote","                    ""content"": answer + '\n\n' + CHECK_VOTE_ON_TEAM_PROMPT"
src/server/tasks/avalon/wrapper.py,173,action,                answer = await self.session.action()
src/server/tasks/avalon/wrapper.py,175,vote,                answer = get_vote_result(answer)
src/server/tasks/avalon/wrapper.py,179,"team,vote,action","                raise AvalonAgentActionException(""Invalid (team) vote result with retry."")"
src/server/tasks/avalon/wrapper.py,181,"vote,mission","        elif mode == ""vote_on_mission"":"
src/server/tasks/avalon/wrapper.py,183,role,"                ""role"": ""user"","
src/server/tasks/avalon/wrapper.py,184,"vote,quest","                ""content"": result + '\n\n' + CHECK_VOTE_ON_QUEST_PROMPT"
src/server/tasks/avalon/wrapper.py,186,action,            answer = await self.session.action()
src/server/tasks/avalon/wrapper.py,188,vote,            answer = get_vote_result(answer)
src/server/tasks/avalon/wrapper.py,196,"vote,action",                # Run another action to get the correct vote result
src/server/tasks/avalon/wrapper.py,199,role,"                    ""role"": ""user"","
src/server/tasks/avalon/wrapper.py,200,"vote,quest","                    ""content"": ""You surely are a player in the game, and you are a member in the quest. Please output `Yes` or `No` to vote on the quest."""
src/server/tasks/avalon/wrapper.py,202,action,                answer = await self.session.action()
src/server/tasks/avalon/wrapper.py,208,role,"                    ""role"": ""user"","
src/server/tasks/avalon/wrapper.py,209,"vote,quest","                    ""content"": answer + '\n\n' + CHECK_VOTE_ON_QUEST_PROMPT"
src/server/tasks/avalon/wrapper.py,211,action,                answer = await self.session.action()
src/server/tasks/avalon/wrapper.py,213,vote,                answer = get_vote_result(answer)
src/server/tasks/avalon/wrapper.py,217,"vote,quest,action","                raise AvalonAgentActionException(""Invalid (quest) vote result with retry."")"
src/server/tasks/avalon/wrapper.py,219,Assassin,"        elif mode == ""assassination"":"
src/server/tasks/avalon/wrapper.py,221,role,"                ""role"": ""user"","
src/server/tasks/avalon/wrapper.py,222,Assassin,"                ""content"": result + '\n\n' + CHECK_ASSASSINATE_PROMPT"
src/server/tasks/avalon/wrapper.py,224,action,            answer = await self.session.action()
src/server/tasks/avalon/wrapper.py,226,Assassin,"            answer = int(get_assassination_result(result, answer))"
src/server/tasks/avalon/wrapper.py,229,role,"                ""role"": ""user"","
src/server/tasks/avalon/wrapper.py,232,action,            answer = await self.session.action()
src/server/tasks/avalon/wrapper.py,242,team,        verbal_team_act = {
src/server/tasks/avalon/wrapper.py,243,"team,vote,mission,fail","            0: ""Reject the team"" if mode == ""vote_on_team"" else ""Fail the mission"","
src/server/tasks/avalon/wrapper.py,244,"team,vote,mission","            1: ""Approve the team"" if mode == ""vote_on_team"" else ""Pass the mission"","
src/server/tasks/avalon/wrapper.py,246,"team,vote,mission","        if mode in [""vote_on_team"", ""vote_on_mission""]:"
src/server/tasks/avalon/wrapper.py,247,"team,action","            print(ColorMessage.blue(""Action:"") + "" "", verbal_team_act[answer])"
src/server/tasks/avalon/wrapper.py,248,"team,quest,action","        elif mode == ""choose_quest_team_action"":"
src/server/tasks/avalon/wrapper.py,249,"team,action","            print(ColorMessage.blue(""Action:"") + "" "", f""Propose team {answer}"")"
src/server/tasks/avalon/wrapper.py,250,Assassin,"        elif mode == ""assassination"":"
src/server/tasks/avalon/wrapper.py,251,"Assassin,action","            print(ColorMessage.blue(""Action:"") + "" "", f""Assassinate Player {answer}"")"
src/server/tasks/avalon/wrapper.py,253,action,"            print(ColorMessage.blue(""Action:"") + "" "", f""Believed sides: {answer}"")"
src/start_task.py,7,quest,import requests
src/start_task.py,71,action,"        ""--auto-controller"", ""-a"", dest=""controller"", action=""store_true"""
src/start_task.py,84,quest,"                requests.get(config[""controller""] + ""/list_workers"")"
src/start_task.py,103,quest,"                requests.get(""http://localhost:5000/api/list_workers"")"
src/start_task.py,109,fail,"            raise Exception(""Controller failed to start"")"
src/typings/__init__.py,5,quest,from .request import *
src/typings/config.py,74,step,"        # Step 1. Check if all agents and tasks are defined, and remove unused agents and tasks"
src/typings/config.py,141,step,        # Step 2. remove duplicated assignments
src/typings/general.py,44,role,"    role: Literal[""user"", ""agent""]"
src/typings/output.py,27,fail,"    @root_validator(pre=False, skip_on_failure=True)"
src/typings/request.py,9,quest,class RegisterRequest(BaseModel):
src/typings/request.py,16,quest,class StartSampleRequest(BaseModel):
src/typings/request.py,21,quest,class InteractRequest(BaseModel):
src/typings/request.py,26,quest,class CancelRequest(BaseModel):
src/typings/request.py,30,quest,class HeartbeatRequest(BaseModel):
src/typings/request.py,35,quest,class CalculateOverallRequest(BaseModel):
src/typings/request.py,40,quest,class WorkerStartSampleRequest(BaseModel):
src/typings/request.py,45,quest,class SampleStatusRequest(BaseModel):
src/typings/status.py,8,fail,"    AGENT_VALIDATION_FAILED = ""agent validation failed"""
src/typings/status.py,9,action,"    AGENT_INVALID_ACTION = ""agent invalid action"""
strategist/Avalon/avalon_exception.py,26,action,class AvalonAgentActionException(AvalonException):
strategist/Avalon/avalon_exception.py,28,action,"        super().__init__(""Invalid action (result) with retry"", detail)"
strategist/Avalon/baseline_models_Avalon.py,23,action,"    simultaneous_actions: tuple[tuple[Any, Any], ...]"
strategist/Avalon/baseline_models_Avalon.py,25,"role,team,vote,quest,phase,action","    def __init__(self, config: AvalonBasicConfig, quest_leader: int, phase: int, turn: int, round: int, done: bool, good_victory: bool, quest_team: tuple[int, ...], team_votes: tuple[bool, ...], quest_votes: tuple[bool, ...], quest_results: tuple[bool, ...], roles: tuple[int, ...], acting_players: tuple[int, ...], simultaneous_actions: tuple):"
strategist/Avalon/baseline_models_Avalon.py,31,quest,        - Number of quests
strategist/Avalon/baseline_models_Avalon.py,32,fail,        - Number of fails
strategist/Avalon/baseline_models_Avalon.py,34,team,        - Current team
strategist/Avalon/baseline_models_Avalon.py,35,quest,        - Current quest
strategist/Avalon/baseline_models_Avalon.py,36,vote,        - Current vote
strategist/Avalon/baseline_models_Avalon.py,37,mission,        - Current mission
strategist/Avalon/baseline_models_Avalon.py,38,"vote,mission",        - Current mission vote
strategist/Avalon/baseline_models_Avalon.py,39,mission,        - Current mission result
strategist/Avalon/baseline_models_Avalon.py,40,phase,        - Current phase
strategist/Avalon/baseline_models_Avalon.py,44,quest,        self.quest_leader = quest_leader
strategist/Avalon/baseline_models_Avalon.py,45,phase,        self.phase = phase
strategist/Avalon/baseline_models_Avalon.py,50,"team,quest",        self.quest_team = quest_team
strategist/Avalon/baseline_models_Avalon.py,51,"team,vote",        self.team_votes = team_votes
strategist/Avalon/baseline_models_Avalon.py,52,"vote,quest",        self.quest_votes = quest_votes
strategist/Avalon/baseline_models_Avalon.py,53,quest,        self.quest_results = quest_results
strategist/Avalon/baseline_models_Avalon.py,56,role,        self.roles = roles
strategist/Avalon/baseline_models_Avalon.py,58,action,"        self.simultaneous_actions = simultaneous_actions # tuples of (player, action)"
strategist/Avalon/baseline_models_Avalon.py,61,"quest,phase","        id = tuple([self.quest_leader, self.phase, self.turn, self.round, self.done,"
strategist/Avalon/baseline_models_Avalon.py,62,"team,vote,quest","                    self.quest_team, self.team_votes, self.quest_votes,"
strategist/Avalon/baseline_models_Avalon.py,63,"role,quest,action","                    self.quest_results, self.roles, self.acting_players, self.simultaneous_actions])"
strategist/Avalon/baseline_models_Avalon.py,67,"role,team,vote,quest,phase","        return (self.config.num_players, self.quest_leader, self.phase, self.turn, self.round, self.done, self.good_victory, self.quest_team, self.team_votes, self.quest_votes, self.quest_results, self.roles)"
strategist/Avalon/baseline_models_Avalon.py,69,private,"    def get_private_information(self, player: int) -> tuple[tuple[int, ...], int]:"
strategist/Avalon/baseline_models_Avalon.py,71,private,        Returns the private information of the actor
strategist/Avalon/baseline_models_Avalon.py,75,Merlin,"        # if player is Merlin or evil, return all sides"
strategist/Avalon/baseline_models_Avalon.py,76,role,        if self.roles[player] == 0 or not is_good[player]:
strategist/Avalon/baseline_models_Avalon.py,77,role,"            return tuple(is_good), self.roles[player]"
strategist/Avalon/baseline_models_Avalon.py,80,role,"            return tuple([-1 if i != player else 1 for i in range(self.config.num_players)]), self.roles[player]"
strategist/Avalon/baseline_models_Avalon.py,82,private,"    def get_private_information_string(self, player: int) -> str:"
strategist/Avalon/baseline_models_Avalon.py,84,private,        Returns the private information in a paragraph format
strategist/Avalon/baseline_models_Avalon.py,86,"role,private","        known_sides, self_role = self.get_private_information(player)"
strategist/Avalon/baseline_models_Avalon.py,88,role,"        out = f""""""Your role is {self.config.ROLES[self_role]} and you are on the side of {""Good"" if self.config.ROLES_TO_IS_GOOD[self_role] else ""Evil""}."
strategist/Avalon/baseline_models_Avalon.py,96,role,"    def get_known_sides(player: int, roles) -> tuple[int, ...]:"
strategist/Avalon/baseline_models_Avalon.py,98,private,        Returns the private information of the actor
strategist/Avalon/baseline_models_Avalon.py,100,role,        is_good = [AvalonBasicConfig.ROLES_TO_IS_GOOD[role] for role in roles]
strategist/Avalon/baseline_models_Avalon.py,101,Merlin,"        # if player is Merlin or evil, return all sides"
strategist/Avalon/baseline_models_Avalon.py,102,role,        if roles[player] == 0 or not is_good[player]:
strategist/Avalon/baseline_models_Avalon.py,106,role,            return tuple([-1 if i != player else 1 for i in range(len(roles))])
strategist/Avalon/baseline_models_Avalon.py,124,quest,        # self.num_players_for_quest = env.config.num_players_for_quest
strategist/Avalon/baseline_models_Avalon.py,125,"quest,fail",        # self.num_fails_for_quest = env.config.num_fails_for_quest
strategist/Avalon/baseline_models_Avalon.py,128,quest,        quest_leader = env.quest_leader
strategist/Avalon/baseline_models_Avalon.py,129,phase,        phase = env.phase
strategist/Avalon/baseline_models_Avalon.py,136,"team,quest",        quest_team = tuple(sorted(list(env.quest_team)))
strategist/Avalon/baseline_models_Avalon.py,137,"team,vote",        team_votes = tuple(env.team_votes)
strategist/Avalon/baseline_models_Avalon.py,138,"vote,quest",        quest_votes = tuple(env.quest_votes)
strategist/Avalon/baseline_models_Avalon.py,139,quest,        quest_results = tuple(env.quest_results)
strategist/Avalon/baseline_models_Avalon.py,140,role,        roles = tuple(env.roles)
strategist/Avalon/baseline_models_Avalon.py,142,phase,        if phase == 0:
strategist/Avalon/baseline_models_Avalon.py,143,quest,            acting_players = tuple([quest_leader])
strategist/Avalon/baseline_models_Avalon.py,144,phase,        elif phase == 1:
strategist/Avalon/baseline_models_Avalon.py,146,phase,        elif phase == 2:
strategist/Avalon/baseline_models_Avalon.py,147,"team,quest",            acting_players = tuple(env.quest_team)
strategist/Avalon/baseline_models_Avalon.py,148,phase,        elif phase == 3:
strategist/Avalon/baseline_models_Avalon.py,149,Assassin,            acting_players = tuple([env.get_assassin()])
strategist/Avalon/baseline_models_Avalon.py,151,action,"        # if we init from env, we assume nobody has taken any simultaneous actions yet"
strategist/Avalon/baseline_models_Avalon.py,152,"role,team,vote,quest,phase","        return AvalonState(config, quest_leader, phase, turn, round, done, env.good_victory, quest_team, team_votes, quest_votes, quest_results, roles, acting_players, tuple())"
strategist/Avalon/baseline_models_Avalon.py,155,"role,team,vote,quest,phase","    def init_from_state_tuple(config: AvalonBasicConfig, quest_leader: int, phase: int, turn: int, round: int, done: bool, good_victory: bool, quest_team: tuple[int, ...], team_votes: tuple[bool, ...], quest_votes: tuple[bool, ...], quest_results: tuple[bool, ...], roles: tuple[int, ...], ):"
strategist/Avalon/baseline_models_Avalon.py,156,phase,        if phase == -1:
strategist/Avalon/baseline_models_Avalon.py,158,phase,        elif phase == 0:
strategist/Avalon/baseline_models_Avalon.py,159,quest,            acting_players = tuple([quest_leader])
strategist/Avalon/baseline_models_Avalon.py,160,phase,        elif phase == 1:
strategist/Avalon/baseline_models_Avalon.py,162,phase,        elif phase == 2:
strategist/Avalon/baseline_models_Avalon.py,163,"team,quest",            acting_players = tuple(quest_team)
strategist/Avalon/baseline_models_Avalon.py,164,phase,        elif phase == 3:
strategist/Avalon/baseline_models_Avalon.py,165,"Assassin,role",            # find assassin by looking through roles
strategist/Avalon/baseline_models_Avalon.py,166,Assassin,            assassin = 0
strategist/Avalon/baseline_models_Avalon.py,167,role,"            for i, role in enumerate(roles):"
strategist/Avalon/baseline_models_Avalon.py,168,role,                if role == 7:
strategist/Avalon/baseline_models_Avalon.py,169,Assassin,                    assassin = i
strategist/Avalon/baseline_models_Avalon.py,171,Assassin,            acting_players = tuple([assassin])
strategist/Avalon/baseline_models_Avalon.py,172,"role,team,vote,quest,phase","        return AvalonState(config, quest_leader, phase, turn, round, done, good_victory, quest_team, team_votes, quest_votes, quest_results, roles, acting_players, tuple())"
strategist/Avalon/baseline_models_Avalon.py,181,"role,team,vote,quest,phase,action","        return AvalonState(self.config, self.quest_leader, self.phase, self.turn, self.round, self.done, self.good_victory, self.quest_team, self.team_votes, self.quest_votes, self.quest_results, self.roles, self.acting_players, self.simultaneous_actions)"
strategist/Avalon/baseline_models_Avalon.py,183,action,"    def next_simulaneous_state_copy(self, action: Any):"
strategist/Avalon/baseline_models_Avalon.py,188,action,            action: the action taken by the acting player
strategist/Avalon/baseline_models_Avalon.py,192,action,        # add the action to the simultaneous actions
strategist/Avalon/baseline_models_Avalon.py,193,action,"        simultaneous_actions = self.simultaneous_actions + ((self.acting_players[0], action),)"
strategist/Avalon/baseline_models_Avalon.py,195,"role,team,vote,quest,phase,action","        return AvalonState(self.config, self.quest_leader, self.phase, self.turn, self.round, self.done, self.good_victory, self.quest_team, self.team_votes, self.quest_votes, self.quest_results, self.roles, acting_players, simultaneous_actions)"
strategist/Avalon/baseline_models_Avalon.py,197,Assassin,    def get_assassin(self):
strategist/Avalon/baseline_models_Avalon.py,199,Assassin,        Returns the assassin
strategist/Avalon/baseline_models_Avalon.py,201,role,"        for i, role in enumerate(self.roles):"
strategist/Avalon/baseline_models_Avalon.py,202,role,            if role == 7:
strategist/Avalon/baseline_models_Avalon.py,205,Assassin,        raise ValueError('No assassin found')
strategist/Avalon/baseline_models_Avalon.py,209,role,"        Returns the side of each player according to the role (True for good, False for evil)"
strategist/Avalon/baseline_models_Avalon.py,211,role,        is_good = [self.config.ROLES_TO_IS_GOOD[role] for role in self.roles]
strategist/Avalon/baseline_models_Avalon.py,214,role,    def get_roles_in_str_list(self):
strategist/Avalon/baseline_models_Avalon.py,216,role,        Returns the roles in string format
strategist/Avalon/baseline_models_Avalon.py,218,role,        return [self.config.ROLES[role] for role in self.roles]
strategist/Avalon/baseline_models_Avalon.py,226,role,"            hidden_info = f'''- The roles of the players in order are {state.get_roles_in_str_list()} with sides {state.get_is_good()} (True for Good, False for Evil)"
strategist/Avalon/baseline_models_Avalon.py,231,phase,        if state.phase == 0:
strategist/Avalon/baseline_models_Avalon.py,232,"team,phase",            phase_description = f'''- The current phase of the game is the team selection phase
strategist/Avalon/baseline_models_Avalon.py,233,quest,            - The current leader is player {state.quest_leader}
strategist/Avalon/baseline_models_Avalon.py,235,phase,        elif state.phase == 1:
strategist/Avalon/baseline_models_Avalon.py,236,"team,phase",            phase_description = f'''- The current phase of the game is the team voting phase
strategist/Avalon/baseline_models_Avalon.py,237,"team,quest",            - The current leader is player {state.quest_leader} who selected {state.quest_team} as the quest team
strategist/Avalon/baseline_models_Avalon.py,239,phase,        elif state.phase == 2:
strategist/Avalon/baseline_models_Avalon.py,240,"quest,phase",            phase_description = f'''- The current phase of the game is the quest voting phase
strategist/Avalon/baseline_models_Avalon.py,241,"team,vote,quest",            - The team {state.quest_team} was approved with {state.quest_votes.count(True)} votes for and {state.quest_votes.count(False)} votes against
strategist/Avalon/baseline_models_Avalon.py,243,phase,        elif state.phase == 3:
strategist/Avalon/baseline_models_Avalon.py,244,"Assassin,phase",            phase_description = f'''- The current phase of the game is the assassination phase
strategist/Avalon/baseline_models_Avalon.py,245,Assassin,            - The assassin is player {state.get_assassin()}
strategist/Avalon/baseline_models_Avalon.py,248,phase,            raise ValueError('Invalid phase')
strategist/Avalon/baseline_models_Avalon.py,252,"quest,fail",        - This is the quest number {state.turn} which requires {state.config.num_players_for_quest[state.turn]} players and {state.config.num_fails_for_quest[state.turn]} fails to fail 
strategist/Avalon/baseline_models_Avalon.py,253,discussion,        - This is the {state.round} round of discussion
strategist/Avalon/baseline_models_Avalon.py,254,"quest,success,fail","        - The previous results for the quest were {state.quest_results} (True for Success, False for Fail)"
strategist/Avalon/baseline_models_Avalon.py,255,phase,        ''' + hidden_info + phase_description
strategist/Avalon/baseline_models_Avalon.py,260,"role,team,vote,quest,phase","    def __init__(self, config: AvalonBasicConfig, quest_leader: int, phase: int, turn: int, round: int, done: bool, quest_team: tuple[int, ...], team_votes: tuple[bool, ...], quest_results: tuple[bool, ...], known_sides: tuple[int, ...], self_role: int, self_player: int):"
strategist/Avalon/baseline_models_Avalon.py,264,quest,        self.quest_leader = quest_leader
strategist/Avalon/baseline_models_Avalon.py,265,phase,        self.phase = phase
strategist/Avalon/baseline_models_Avalon.py,269,"team,quest",        self.quest_team = quest_team
strategist/Avalon/baseline_models_Avalon.py,270,"team,vote",        self.team_votes = team_votes
strategist/Avalon/baseline_models_Avalon.py,271,quest,        self.quest_results = quest_results
strategist/Avalon/baseline_models_Avalon.py,273,role,        self.self_role = self_role
strategist/Avalon/baseline_models_Avalon.py,277,"quest,phase","        id = tuple([self.quest_leader, self.phase, self.turn, self.round, self.done,"
strategist/Avalon/baseline_models_Avalon.py,278,"team,vote,quest","                    self.quest_team, self.team_votes,"
strategist/Avalon/baseline_models_Avalon.py,279,"role,quest","                    self.quest_results, self.known_sides, self.self_role, self.self_player])"
strategist/Avalon/baseline_models_Avalon.py,283,"role,team,vote,quest,phase","        return (self.quest_leader, self.phase, self.turn, self.round, self.done, self.quest_team, self.team_votes, self.quest_results, self.known_sides, self.self_role, self.self_player)"
strategist/Avalon/baseline_models_Avalon.py,292,phase,        if self.phase == 0:
strategist/Avalon/baseline_models_Avalon.py,293,"team,quest,phase",            phase_description = f'''This is the team selection phase. The current leader is player {self.quest_leader}
strategist/Avalon/baseline_models_Avalon.py,296,"team,vote,quest,phase","                phase_description += f'''The previous team {self.quest_team} was approved by players {[index for index, value in enumerate(self.team_votes) if value == True]} and rejected by players {[index for index, value in enumerate(self.team_votes) if value == False]}"
strategist/Avalon/baseline_models_Avalon.py,299,"team,quest,success,fail,phase","                phase_description += f'''The previous quest {self.turn} with team {self.quest_team} was a {""Success"" if self.quest_results[-1] else ""Fail""}"
strategist/Avalon/baseline_models_Avalon.py,301,quest,                if not self.quest_results[-1]:
strategist/Avalon/baseline_models_Avalon.py,302,"team,vote,quest,fail,phase",                    phase_description += f'''This means that at least {self.config.num_fails_for_quest[self.turn]} players on the team voted to fail the quest.
strategist/Avalon/baseline_models_Avalon.py,305,phase,        elif self.phase == 1:
strategist/Avalon/baseline_models_Avalon.py,306,"team,quest,phase",            phase_description = f'''This is the team voting phase. The current leader is player {self.quest_leader} who selected {self.quest_team} as the quest team
strategist/Avalon/baseline_models_Avalon.py,308,phase,        elif self.phase == 2:
strategist/Avalon/baseline_models_Avalon.py,309,"team,vote,quest,phase",            phase_description = f'''This is the quest voting phase. The team {self.quest_team} was approved with {self.team_votes.count(True)} votes for and {self.team_votes.count(False)} votes against
strategist/Avalon/baseline_models_Avalon.py,311,phase,        elif self.phase == 3:
strategist/Avalon/baseline_models_Avalon.py,312,"Assassin,phase",            phase_description = f'''This is the assassination phase.
strategist/Avalon/baseline_models_Avalon.py,315,phase,            raise ValueError('Invalid phase')
strategist/Avalon/baseline_models_Avalon.py,320,"quest,fail","        - We are on quest number {self.turn}, which requires {self.config.num_players_for_quest[self.turn]} players and {self.config.num_fails_for_quest[self.turn]} fails to fail"
strategist/Avalon/baseline_models_Avalon.py,321,discussion,"        - This is round {self.round} of discussion, 5 rounds max"
strategist/Avalon/baseline_models_Avalon.py,322,"quest,success,fail","        - The previous results for the quest were {self.quest_results} (True for Success, False for Fail)"
strategist/Avalon/baseline_models_Avalon.py,323,role,"        - You are player {self.self_player} with role {self.config.ROLES[self.self_role]} and side {""Good"" if self.config.ROLES_TO_IS_GOOD[self.self_role] else ""Evil""}"
strategist/Avalon/baseline_models_Avalon.py,325,phase,        ''' + phase_description
strategist/Avalon/baseline_models_Avalon.py,346,role,            self_role = -1
strategist/Avalon/baseline_models_Avalon.py,347,"role,team,vote,quest,phase","            information_set = AvalonInformationSet(state.config, state.quest_leader, state.phase, state.turn, state.round, state.done, state.quest_team, state.team_votes, state.quest_results, known_sides, self_role, actor)"
strategist/Avalon/baseline_models_Avalon.py,350,"role,private","                known_sides, self_role  = state.get_private_information(actor)"
strategist/Avalon/baseline_models_Avalon.py,351,"role,team,vote,quest,phase","                information_set = AvalonInformationSet(state.config, state.quest_leader, state.phase, state.turn, state.round, state.done, state.quest_team, state.team_votes, state.quest_results, known_sides, self_role, actor)"
strategist/Avalon/baseline_models_Avalon.py,362,Merlin,"    def __init__(self, config: AvalonBasicConfig, belief_p_is_good: NDArray, belief_p_is_merlin: NDArray, rng: np.random.Generator = np.random.default_rng()) -> None:"
strategist/Avalon/baseline_models_Avalon.py,367,Merlin,        self.belief_p_is_merlin = belief_p_is_merlin
strategist/Avalon/baseline_models_Avalon.py,371,"Servant,role",        # if known_role == 5: # servant
strategist/Avalon/baseline_models_Avalon.py,379,Merlin,        # belief_p_is_merlin = np.ones(self.config.num_players) / self.config.num_players
strategist/Avalon/baseline_models_Avalon.py,419,"Merlin,role","    def sample_roles(self, known_role, known_player, known_sides, belief_p_is_good, belief_p_is_merlin,) -> tuple[int, ...]:"
strategist/Avalon/baseline_models_Avalon.py,420,role,"        # print(""known_role = "", known_role)"
strategist/Avalon/baseline_models_Avalon.py,424,Merlin,        # assert that both belief_p_is_good and belief_p_is_merlin are of the correct length
strategist/Avalon/baseline_models_Avalon.py,426,Merlin,        assert len(belief_p_is_merlin) == self.config.num_players
strategist/Avalon/baseline_models_Avalon.py,428,Merlin,        # assert that belief_p_is_merlin is a probability vector
strategist/Avalon/baseline_models_Avalon.py,429,Merlin,        assert np.all(belief_p_is_merlin >= 0)
strategist/Avalon/baseline_models_Avalon.py,430,Merlin,        assert np.all(belief_p_is_merlin <= 1)
strategist/Avalon/baseline_models_Avalon.py,431,Merlin,"        assert np.isclose(np.sum(belief_p_is_merlin), 1)"
strategist/Avalon/baseline_models_Avalon.py,437,Servant,        # if the player is a servant we need to sample the possible sides first
strategist/Avalon/baseline_models_Avalon.py,438,"Servant,role",        if known_role == 5: # servant
strategist/Avalon/baseline_models_Avalon.py,453,role,        # next sample from the possible roles. recall that the player's role is known. We need to assign good roles to the good players and evil roles to the evil players
strategist/Avalon/baseline_models_Avalon.py,455,role,        # initialize the roles vector to all 5s
strategist/Avalon/baseline_models_Avalon.py,456,role,"        roles = np.ones(self.config.num_players, dtype=int) * 5"
strategist/Avalon/baseline_models_Avalon.py,458,role,        if known_role == 0:
strategist/Avalon/baseline_models_Avalon.py,459,"Merlin,role",            # Set the player's role to Merlin
strategist/Avalon/baseline_models_Avalon.py,460,role,            roles[known_player] = 0
strategist/Avalon/baseline_models_Avalon.py,462,"Merlin,role",            # Set a random good role to Merlin according to the belief
strategist/Avalon/baseline_models_Avalon.py,463,Merlin,"            p_is_merlin = np.where(is_good, belief_p_is_merlin, 0)"
strategist/Avalon/baseline_models_Avalon.py,464,Merlin,            p_is_merlin[known_player] = 0  # Player cannot be Merlin if they are not already
strategist/Avalon/baseline_models_Avalon.py,467,Merlin,            p_is_merlin /= np.sum(p_is_merlin)
strategist/Avalon/baseline_models_Avalon.py,470,Merlin,"            merlin = self.rng.choice(self.config.num_players, p=p_is_merlin)"
strategist/Avalon/baseline_models_Avalon.py,471,"Merlin,role",            roles[merlin] = 0
strategist/Avalon/baseline_models_Avalon.py,473,Minion,        # Set all is_good != 0 to Minion (6)
strategist/Avalon/baseline_models_Avalon.py,474,role,        roles[is_good == 0] = 6
strategist/Avalon/baseline_models_Avalon.py,476,role,        if known_role != 7:
strategist/Avalon/baseline_models_Avalon.py,477,Assassin,            # Choose random evil player (who is not the known_player) to be the Assassin (7) uniformly
strategist/Avalon/baseline_models_Avalon.py,480,Assassin,            assassin = self.rng.choice(evil_players)
strategist/Avalon/baseline_models_Avalon.py,481,"Assassin,role",            roles[assassin] = 7
strategist/Avalon/baseline_models_Avalon.py,483,role,            roles[known_player] = 7
strategist/Avalon/baseline_models_Avalon.py,484,role,        return tuple(roles)
strategist/Avalon/baseline_models_Avalon.py,488,"role,vote,quest",        The two unknowns are quest_votes and roles
strategist/Avalon/baseline_models_Avalon.py,489,"vote,quest",        For quest_votes we can assume that nobody has voted yet
strategist/Avalon/baseline_models_Avalon.py,490,role,        For roles we need to sample from the possible roles
strategist/Avalon/baseline_models_Avalon.py,494,role,"        self.logger.debug(f""Known role = {information_set.self_role}"")"
strategist/Avalon/baseline_models_Avalon.py,497,Merlin,"        self.logger.debug(f""Belief p_is_merlin = {self.belief_p_is_merlin}"")"
strategist/Avalon/baseline_models_Avalon.py,499,role,        known_role = information_set.self_role
strategist/Avalon/baseline_models_Avalon.py,503,"Merlin,role","        sampled_roles = self.sample_roles(known_role, known_player, known_sides, self.belief_p_is_good, self.belief_p_is_merlin)"
strategist/Avalon/baseline_models_Avalon.py,505,"role,team,vote,quest,phase","        state = AvalonState.init_from_state_tuple(config=self.config, quest_leader=information_set.quest_leader, phase=information_set.phase, turn=information_set.turn, round=information_set.round, done=information_set.done, good_victory=False, quest_team=information_set.quest_team, team_votes=information_set.team_votes, quest_votes=tuple(), quest_results=tuple(), roles=sampled_roles)"
strategist/Avalon/baseline_models_Avalon.py,510,action,class AvalonActorActionEnumerator(ActorActionEnumerator):
strategist/Avalon/baseline_models_Avalon.py,515,quest,        self.num_players_per_quest = avalon_env.config.num_players_for_quest
strategist/Avalon/baseline_models_Avalon.py,520,quest,        for quest_size in set(avalon_env.config.num_players_for_quest):
strategist/Avalon/baseline_models_Avalon.py,521,quest,            # get all combinations of players of size quest_size
strategist/Avalon/baseline_models_Avalon.py,522,quest,"            combinations = list(itertools.combinations(self.all_players, quest_size))"
strategist/Avalon/baseline_models_Avalon.py,523,quest,            self.player_combinations[quest_size] = set([frozenset(combine) for combine in combinations])
strategist/Avalon/baseline_models_Avalon.py,525,role,        # get all possible permutations of roles as tuples
strategist/Avalon/baseline_models_Avalon.py,526,role,"        permutations_of_roles = list(itertools.permutations([role_id for role_id, _, _ in avalon_env.get_roles()]))"
strategist/Avalon/baseline_models_Avalon.py,527,role,        self.permutations_of_roles = set([tuple(permutation) for permutation in permutations_of_roles])
strategist/Avalon/baseline_models_Avalon.py,531,action,        Returns the actor for the current state and the set of actions that the actor can take
strategist/Avalon/baseline_models_Avalon.py,537,action,            actor: actor to enumerate actions for
strategist/Avalon/baseline_models_Avalon.py,538,action,            actions: set of actions
strategist/Avalon/baseline_models_Avalon.py,553,role,"        # if state.roles are all -1, then we need to assign roles"
strategist/Avalon/baseline_models_Avalon.py,554,phase,        if state.phase == -1:
strategist/Avalon/baseline_models_Avalon.py,555,"role,action",            actions = self.permutations_of_roles
strategist/Avalon/baseline_models_Avalon.py,557,phase,        elif state.phase == 0:
strategist/Avalon/baseline_models_Avalon.py,559,"quest,action",            actions = self.player_combinations[self.num_players_per_quest[turn]]
strategist/Avalon/baseline_models_Avalon.py,561,phase,        elif state.phase == 1:
strategist/Avalon/baseline_models_Avalon.py,562,action,"            actions = {0, 1}"
strategist/Avalon/baseline_models_Avalon.py,564,phase,        elif state.phase == 2:
strategist/Avalon/baseline_models_Avalon.py,565,action,"            actions = {0, 1}"
strategist/Avalon/baseline_models_Avalon.py,567,phase,        elif state.phase == 3:
strategist/Avalon/baseline_models_Avalon.py,568,action,            actions = self.all_players
strategist/Avalon/baseline_models_Avalon.py,571,phase,            raise ValueError('Invalid phase')
strategist/Avalon/baseline_models_Avalon.py,573,action,"        return actor, actions"
strategist/Avalon/baseline_models_Avalon.py,576,action,    def parse_str_to_action(action_str: str) -> Hashable:
strategist/Avalon/baseline_models_Avalon.py,577,action,        # recall that actions are either frozenset of players or int
strategist/Avalon/baseline_models_Avalon.py,579,action,        if len(action_str) == 1:
strategist/Avalon/baseline_models_Avalon.py,580,action,            return int(action_str)
strategist/Avalon/baseline_models_Avalon.py,583,action,            fs = AvalonActorActionEnumerator.string_to_frozenset(action_str)
strategist/Avalon/baseline_models_Avalon.py,611,"team,phase,action","        Players get to discuss in the team selection phase, before any player has committed to any actions"
strategist/Avalon/baseline_models_Avalon.py,613,quest,"        The speaker order should start with the quest leader, go to the right, and loop back to the quest leader"
strategist/Avalon/baseline_models_Avalon.py,615,phase,        if state.phase == 0:
strategist/Avalon/baseline_models_Avalon.py,616,quest,            quest_leader = state.quest_leader
strategist/Avalon/baseline_models_Avalon.py,617,quest,"            # return tuple of (quest_leader, quest_leader +1 , ..., quest_leader)"
strategist/Avalon/baseline_models_Avalon.py,618,quest,"            return tuple([quest_leader] + [(quest_leader + i) % self.config.num_players for i in range(1, self.config.num_players)])"
strategist/Avalon/baseline_models_Avalon.py,628,action,"    def _transition(self, state: AvalonState, action: Hashable, actor: int) -> Tuple[AvalonState, dict[int, float]]:"
strategist/Avalon/baseline_models_Avalon.py,630,action,        Transits to the next state given the current state and action
strategist/Avalon/baseline_models_Avalon.py,634,action,            action: action taken by the acting player
strategist/Avalon/baseline_models_Avalon.py,645,action,        acting_action = action
strategist/Avalon/baseline_models_Avalon.py,651,role,"        # if we need to assign roles, do it now"
strategist/Avalon/baseline_models_Avalon.py,652,phase,        if state.phase == -1:
strategist/Avalon/baseline_models_Avalon.py,653,"role,action",            new_roles = action
strategist/Avalon/baseline_models_Avalon.py,654,role,"            # print('new_roles = ', new_roles)"
strategist/Avalon/baseline_models_Avalon.py,655,"role,quest","            next_state = AvalonState.init_from_state_tuple(state.config, state.quest_leader, 0, 0, 0, False, False, tuple(), tuple(), tuple(), tuple(), new_roles)"
strategist/Avalon/baseline_models_Avalon.py,657,action,        # first make sure we have all the simultaneous actions
strategist/Avalon/baseline_models_Avalon.py,658,phase,        elif state.phase == 1:
strategist/Avalon/baseline_models_Avalon.py,659,action,"            # if actions is not the same length as the number of players, then we need to wait for more actions"
strategist/Avalon/baseline_models_Avalon.py,661,action,            if len(state.simultaneous_actions) + 1 < self.env.config.num_players:
strategist/Avalon/baseline_models_Avalon.py,662,action,                next_state = state.next_simulaneous_state_copy(acting_action)
strategist/Avalon/baseline_models_Avalon.py,664,phase,        elif state.phase == 2:
strategist/Avalon/baseline_models_Avalon.py,665,"team,quest,action","            # if actions is not the same length as the quest team, then we need to wait for more actions"
strategist/Avalon/baseline_models_Avalon.py,666,"team,quest",            # return copy of state but where acting player is the next player on the quest team
strategist/Avalon/baseline_models_Avalon.py,667,"team,quest,action",            if len(state.simultaneous_actions) + 1 < len(state.quest_team):
strategist/Avalon/baseline_models_Avalon.py,668,action,                next_state = state.next_simulaneous_state_copy(acting_action)
strategist/Avalon/baseline_models_Avalon.py,671,action,        # combine state.simultaneous_actions with actions to get the full action set
strategist/Avalon/baseline_models_Avalon.py,672,action,"        all_actions = {**dict(state.simultaneous_actions), acting_player: acting_action}"
strategist/Avalon/baseline_models_Avalon.py,678,quest,        self.env.quest_leader = state.quest_leader
strategist/Avalon/baseline_models_Avalon.py,679,phase,        self.env.phase = state.phase
strategist/Avalon/baseline_models_Avalon.py,684,"team,quest",        self.env.quest_team = frozenset(state.quest_team)
strategist/Avalon/baseline_models_Avalon.py,685,"team,vote",        self.env.team_votes = list(state.team_votes)
strategist/Avalon/baseline_models_Avalon.py,686,"vote,quest",        self.env.quest_votes = list(state.quest_votes)
strategist/Avalon/baseline_models_Avalon.py,687,quest,        self.env.quest_results = list(state.quest_results)
strategist/Avalon/baseline_models_Avalon.py,688,role,        self.env.roles = np.array(state.roles)
strategist/Avalon/baseline_models_Avalon.py,690,Assassin,        # state.assassin
strategist/Avalon/baseline_models_Avalon.py,693,phase,        if self.env.phase == 0:
strategist/Avalon/baseline_models_Avalon.py,694,"quest,action",            action = all_actions[state.quest_leader]
strategist/Avalon/baseline_models_Avalon.py,695,"team,quest,action","            self.env.choose_quest_team(action, self.env.quest_leader)"
strategist/Avalon/baseline_models_Avalon.py,696,"quest,phase","            # self.env.phase, self.env.done, self.env.quest_leader = "
strategist/Avalon/baseline_models_Avalon.py,698,phase,        elif self.env.phase == 1:
strategist/Avalon/baseline_models_Avalon.py,699,action,            action = list(all_actions.values())
strategist/Avalon/baseline_models_Avalon.py,700,"team,vote,action",            self.env.gather_team_votes(action)
strategist/Avalon/baseline_models_Avalon.py,702,"team,vote,phase","            # self.env.phase, self.env.done, team_votes_result = "
strategist/Avalon/baseline_models_Avalon.py,704,phase,        elif self.env.phase == 2:
strategist/Avalon/baseline_models_Avalon.py,705,action,            action = list(all_actions.values())
strategist/Avalon/baseline_models_Avalon.py,707,"vote,quest,action",            self.env.gather_quest_votes(action)
strategist/Avalon/baseline_models_Avalon.py,708,"vote,quest,fail,phase","            # self.env.phase, self.env.done, quest_vote_result, num_fails = "
strategist/Avalon/baseline_models_Avalon.py,711,phase,        elif self.env.phase == 3:
strategist/Avalon/baseline_models_Avalon.py,712,Assassin,            player = state.get_assassin()
strategist/Avalon/baseline_models_Avalon.py,713,action,            action = all_actions[player]
strategist/Avalon/baseline_models_Avalon.py,714,"Assassin,action","            self.env.choose_assassination_target(player, action)"
strategist/Avalon/baseline_models_Avalon.py,716,phase,"            # self.env.phase, self.env.done, self.env.good_victory = "
strategist/Avalon/baseline_models_Avalon.py,726,role,"                (role_ii, role_ii_name, role_ii_good) = self.env.get_role(ii)"
strategist/Avalon/baseline_models_Avalon.py,727,role,                if role_ii_good == True:
strategist/Avalon/baseline_models_Avalon.py,734,role,"                (role_ii, role_ii_name, role_ii_good) = self.env.get_role(ii)"
strategist/Avalon/baseline_models_Avalon.py,735,role,                if role_ii_good == True:
strategist/Avalon/baseline_models_Avalon.py,748,"Merlin,Minion,Assassin,Servant,role,team,vote,quest,fail,phase","        {'quest_leader': 0, 'phase': 3, 'turn': 3, 'round': 0, 'quest_team': (3, 4), 'historical_team_votes': (0, 0, 0, 1, 1), 'historical_quest_results': (True, True, True), 'players': {0, 1, 2, 3, 4}, 'num_good': 3, 'num_participants_per_quest': [2, 3, 2, 3, 3], 'num_fails_per_quest': [1, 1, 1, 1, 1], 'roles': ['Minion', 'Merlin', 'Assassin', 'Servant', 'Servant'], 'is_good': [False, True, False, True, True]}, "
strategist/Avalon/baseline_models_Avalon.py,749,"Merlin,Minion,Assassin,Servant,role,team,vote,quest,fail,phase","        {'quest_leader': 0, 'phase': 2, 'turn': 2, 'round': 0, 'quest_team': (3, 4), 'historical_team_votes': (1, 0, 0, 1, 1), 'historical_quest_results': (True, True), 'players': {0, 1, 2, 3, 4}, 'num_good': 3, 'num_participants_per_quest': [2, 3, 2, 3, 3], 'num_fails_per_quest': [1, 1, 1, 1, 1], 'roles': ['Minion', 'Merlin', 'Assassin', 'Servant', 'Servant'], 'is_good': [False, True, False, True, True]}, "
strategist/Avalon/baseline_models_Avalon.py,750,"Merlin,Minion,Assassin,Servant,role,team,vote,quest,fail,phase","        {'quest_leader': 4, 'phase': 0, 'turn': 1, 'round': 0, 'quest_team': (1, 4), 'historical_team_votes': (0, 1, 0, 0, 1), 'historical_quest_results': (True,), 'players': {0, 1, 2, 3, 4}, 'num_good': 3, 'num_participants_per_quest': [2, 3, 2, 3, 3], 'num_fails_per_quest': [1, 1, 1, 1, 1], 'roles': ['Minion', 'Merlin', 'Assassin', 'Servant', 'Servant'], 'is_good': [False, True, False, True, True]},"
strategist/Avalon/baseline_models_Avalon.py,751,"Merlin,Minion,Assassin,Servant,role,team,vote,quest,fail,phase","        {'quest_leader': 0, 'phase': 0, 'turn': 0, 'round': 1, 'quest_team': (1, 2), 'historical_team_votes': (1, 0, 1, 0, 0), 'historical_quest_results': tuple(), 'players': {0, 1, 2, 3, 4}, 'num_good': 3, 'num_participants_per_quest': [2, 3, 2, 3, 3], 'num_fails_per_quest': [1, 1, 1, 1, 1], 'roles': ['Minion', 'Merlin', 'Assassin', 'Servant', 'Servant'], 'is_good': [False, True, False, True, True]},"
strategist/Avalon/baseline_models_Avalon.py,752,"Merlin,Minion,Assassin,Servant,role,team,vote,quest,fail,phase","        {'quest_leader': 2, 'phase': 0, 'turn': 0, 'round': 1, 'quest_team': (1, 4), 'historical_team_votes': (1, 0, 1, 0, 0), 'historical_quest_results': (), 'players': {0, 1, 2, 3, 4}, 'num_good': 3, 'num_participants_per_quest': [2, 3, 2, 3, 3], 'num_fails_per_quest': [1, 1, 1, 1, 1], 'roles': ['Minion', 'Merlin', 'Servant', 'Assassin', 'Servant'], 'is_good': [False, True, True, False, True]},"
strategist/Avalon/baseline_models_Avalon.py,753,"Merlin,Minion,Assassin,Servant,role,team,vote,quest,fail,phase","        {'quest_leader': 1, 'phase': 1, 'turn': 0, 'round': 0, 'quest_team': (1, 2), 'historical_team_votes': (), 'historical_quest_results': (), 'players': {0, 1, 2, 3, 4}, 'num_good': 3, 'num_participants_per_quest': [2, 3, 2, 3, 3], 'num_fails_per_quest': [1, 1, 1, 1, 1], 'roles': ['Minion', 'Assassin', 'Servant', 'Merlin', 'Servant'], 'is_good': [False, False, True, True, True]},"
strategist/Avalon/baseline_models_Avalon.py,754,"Merlin,Minion,Assassin,Servant,role,team,vote,quest,fail,phase","        {'quest_leader': 2, 'phase': 0, 'turn': 0, 'round': 1, 'quest_team': (1, 4), 'historical_team_votes': (1, 0, 1, 0, 0), 'historical_quest_results': (), 'players': {0, 1, 2, 3, 4}, 'num_good': 3, 'num_participants_per_quest': [2, 3, 2, 3, 3], 'num_fails_per_quest': [1, 1, 1, 1, 1], 'roles': ['Assassin', 'Merlin', 'Minion', 'Servant', 'Servant'], 'is_good': [False, True, False, True, True]},"
strategist/Avalon/baseline_models_Avalon.py,755,"Merlin,Minion,Assassin,Servant,role,team,vote,quest,fail,phase","        {'quest_leader': 2, 'phase': 0, 'turn': 0, 'round': 1, 'quest_team': (1, 4), 'historical_team_votes': (1, 0, 1, 0, 0), 'historical_quest_results': (), 'players': {0, 1, 2, 3, 4}, 'num_good': 3, 'num_participants_per_quest': [2, 3, 2, 3, 3], 'num_fails_per_quest': [1, 1, 1, 1, 1], 'roles': ['Assassin', 'Servant', 'Servant', 'Merlin', 'Minion'], 'is_good': [False, True, True, True, False]},"
strategist/Avalon/baseline_models_Avalon.py,756,"Merlin,Minion,Assassin,Servant,role,team,vote,quest,fail,phase","        {'quest_leader': 0, 'phase': 1, 'turn': 0, 'round': 0, 'quest_team': (1, 4), 'historical_team_votes': (), 'historical_quest_results': (), 'players': {0, 1, 2, 3, 4}, 'num_good': 3, 'num_participants_per_quest': [2, 3, 2, 3, 3], 'num_fails_per_quest': [1, 1, 1, 1, 1], 'roles': ['Minion', 'Servant', 'Merlin', 'Assassin', 'Servant'], 'is_good': [False, True, True, False, True]},"
strategist/Avalon/baseline_models_Avalon.py,757,"Merlin,Minion,Assassin,Servant,role,team,vote,quest,fail,phase","        {'quest_leader': 3, 'phase': 1, 'turn': 0, 'round': 1, 'quest_team': (1, 4), 'historical_team_votes': (0, 0, 0, 0, 0), 'historical_quest_results': (), 'players': {0, 1, 2, 3, 4}, 'num_good': 3, 'num_participants_per_quest': [2, 3, 2, 3, 3], 'num_fails_per_quest': [1, 1, 1, 1, 1], 'roles': ['Merlin', 'Assassin', 'Servant', 'Servant', 'Minion'], 'is_good': [True, False, True, True, False]},"
strategist/Avalon/baseline_models_Avalon.py,758,"Merlin,Minion,Assassin,Servant,role,team,vote,quest,fail,phase","        {'quest_leader': 1, 'phase': 2, 'turn': 0, 'round': 0, 'quest_team': (3, 4), 'historical_team_votes': (0, 0, 0, 0, 1), 'historical_quest_results': (), 'players': {0, 1, 2, 3, 4}, 'num_good': 3, 'num_participants_per_quest': [2, 3, 2, 3, 3], 'num_fails_per_quest': [1, 1, 1, 1, 1], 'roles': ['Assassin', 'Minion', 'Merlin', 'Servant', 'Servant'], 'is_good': [False, False, True, True, True]},"
strategist/Avalon/baseline_models_Avalon.py,759,"Merlin,Minion,Assassin,Servant,role,team,vote,quest,fail,phase","        {'quest_leader': 2, 'phase': 1, 'turn': 1, 'round': 0, 'quest_team': (0, 1, 4), 'historical_team_votes': (1, 1, 1, 0, 1), 'historical_quest_results': (True,), 'players': {0, 1, 2, 3, 4}, 'num_good': 3, 'num_participants_per_quest': [2, 3, 2, 3, 3], 'num_fails_per_quest': [1, 1, 1, 1, 1], 'roles': ['Servant', 'Servant', 'Minion', 'Assassin', 'Merlin'], 'is_good': [True, True, False, False, True]},"
strategist/Avalon/baseline_models_Avalon.py,760,"Merlin,Minion,Assassin,Servant,role,team,vote,quest,fail,phase","        {'quest_leader': 2, 'phase': 0, 'turn': 0, 'round': 2, 'quest_team': (3, 4), 'historical_team_votes': (0, 0, 0, 0, 1), 'historical_quest_results': (), 'players': {0, 1, 2, 3, 4}, 'num_good': 3, 'num_participants_per_quest': [2, 3, 2, 3, 3], 'num_fails_per_quest': [1, 1, 1, 1, 1], 'roles': ['Assassin', 'Servant', 'Minion', 'Merlin', 'Servant'], 'is_good': [False, True, False, True, True]},"
strategist/Avalon/baseline_models_Avalon.py,761,"Merlin,Minion,Assassin,Servant,role,team,vote,quest,fail,phase","        {'quest_leader': 0, 'phase': 2, 'turn': 1, 'round': 0, 'quest_team': (0, 3, 4), 'historical_team_votes': (0, 0, 0, 0, 1), 'historical_quest_results': (False,), 'players': {0, 1, 2, 3, 4}, 'num_good': 3, 'num_participants_per_quest': [2, 3, 2, 3, 3], 'num_fails_per_quest': [1, 1, 1, 1, 1], 'roles': ['Servant', 'Servant', 'Assassin', 'Minion', 'Merlin'], 'is_good': [True, True, False, False, True]},  "
strategist/Avalon/baseline_models_Avalon.py,826,quest,        input_dict['quest_leader'] = state.quest_leader
strategist/Avalon/baseline_models_Avalon.py,827,phase,        input_dict['phase'] = state.phase
strategist/Avalon/baseline_models_Avalon.py,830,"team,quest",        input_dict['quest_team'] = state.quest_team
strategist/Avalon/baseline_models_Avalon.py,831,"team,vote",        input_dict['historical_team_votes'] = state.team_votes
strategist/Avalon/baseline_models_Avalon.py,832,quest,        input_dict['historical_quest_results'] = state.quest_results
strategist/Avalon/baseline_models_Avalon.py,833,role,        # input_dict['roles'] = state.roles
strategist/Avalon/baseline_models_Avalon.py,838,quest,        input_dict['num_participants_per_quest'] = state.config.num_players_for_quest
strategist/Avalon/baseline_models_Avalon.py,839,"quest,fail",        input_dict['num_fails_per_quest'] = state.config.num_fails_for_quest
strategist/Avalon/baseline_models_Avalon.py,843,role,"        # input_dict['roles'] = {player:role for player, role in enumerate(state.get_roles_in_str_list())}"
strategist/Avalon/baseline_models_Avalon.py,844,role,        input_dict['roles'] = state.get_roles_in_str_list()
strategist/Avalon/baseline_models_Avalon.py,864,success,                # print('successfully defined function')
strategist/Avalon/baseline_models_Avalon.py,878,success,                # print('successfully passed test')
strategist/Avalon/engine.py,10,quest,        QUEST_PRESET:
strategist/Avalon/engine.py,11,quest,            - Detail: Presets for each quest under various game settings (number of players)
strategist/Avalon/engine.py,12,"quest,fail","            - Typing: Dict[num_players: List[List[num_good, num_evil], List[num_players_for_quest], List[num_fails_for_quest]]]"
strategist/Avalon/engine.py,14,phase,        PHASES: Map from id to different phases
strategist/Avalon/engine.py,15,role,        ROLES: Map from id to different roles
strategist/Avalon/engine.py,18,Merlin,        merlin (bool): Whether Merlin is in the game
strategist/Avalon/engine.py,27,quest,        num_players_for_quest (list): Number of players for each quest
strategist/Avalon/engine.py,28,"quest,fail",        num_fails_for_quest (list): Number of rejects required for the failure of each quest
strategist/Avalon/engine.py,37,quest,"    QUEST_PRESET: ClassVar =   {5 : [[3,2] , [2,3,2,3,3], [1,1,1,1,1], ] , "
strategist/Avalon/engine.py,45,"Assassin,team,quest,phase","    PHASES: ClassVar = {0 : ""Team Selection"", 1 : ""Team Voting"", 2 : ""Quest Voting"", 3 : ""Assassination""}"
strategist/Avalon/engine.py,46,"Merlin,Minion,Assassin,Servant,role","    ROLES: ClassVar = {0 : ""Merlin"", 1 : ""Percival"", 2 : ""Morgana"", 3 : ""Mordred"", 4 : ""Oberon"", 5 : ""Servant"", 6 : ""Minion"", 7 : ""Assassin""}"
strategist/Avalon/engine.py,47,role,"    ROLES_REVERSE: ClassVar = {v: k for k, v in ROLES.items()}"
strategist/Avalon/engine.py,48,role,"    ROLES_TO_IS_GOOD: ClassVar = {0: True, 1: True, 2: False, 3: False, 4: False, 5: True, 6: False, 7: False}"
strategist/Avalon/engine.py,50,Merlin,    merlin: bool = True
strategist/Avalon/engine.py,59,quest,    num_players_for_quest: list
strategist/Avalon/engine.py,60,"quest,fail",    num_fails_for_quest: list
strategist/Avalon/engine.py,67,quest,        num_evil = cls.QUEST_PRESET[num_players][0][1]
strategist/Avalon/engine.py,69,quest,        num_players_for_quest = cls.QUEST_PRESET[num_players][1]
strategist/Avalon/engine.py,70,"quest,fail",        num_fails_for_quest = cls.QUEST_PRESET[num_players][2]
strategist/Avalon/engine.py,76,quest,"            num_players_for_quest=num_players_for_quest,"
strategist/Avalon/engine.py,77,"quest,fail","            num_fails_for_quest=num_fails_for_quest,"
strategist/Avalon/engine.py,86,quest,        num_evil = cls.QUEST_PRESET[num_players][0][1]
strategist/Avalon/engine.py,88,quest,        num_players_for_quest = cls.QUEST_PRESET[num_players][1]
strategist/Avalon/engine.py,89,"quest,fail",        num_fails_for_quest = cls.QUEST_PRESET[num_players][2]
strategist/Avalon/engine.py,95,quest,"            num_players_for_quest=num_players_for_quest,"
strategist/Avalon/engine.py,96,"quest,fail","            num_fails_for_quest=num_fails_for_quest,"
strategist/Avalon/engine.py,106,role,"    2. Call the class method :method:`from_presets` to instantiate the environment with game presets, which includes role information"
strategist/Avalon/engine.py,109,role,    - role_names (List[str]): List of role names for each player
strategist/Avalon/engine.py,111,quest,    - quest_leader (int): The id of the quest leader
strategist/Avalon/engine.py,140,quest,        quest_leader = presets['quest_leader']
strategist/Avalon/engine.py,141,role,        role_names = presets['role_names']
strategist/Avalon/engine.py,142,role,        role_ids = [config.ROLES_REVERSE[role_name] for role_name in role_names]
strategist/Avalon/engine.py,145,role,"        for idx, role in enumerate(role_names):"
strategist/Avalon/engine.py,146,"Minion,Assassin,role","            if role in [""Morgana"", ""Mordred"", ""Oberon"", ""Minion"", ""Assassin""]:"
strategist/Avalon/engine.py,149,role,        cls.roles = np.array(role_ids)
strategist/Avalon/engine.py,150,role,        cls.role_names = role_names
strategist/Avalon/engine.py,152,quest,        cls.quest_leader = quest_leader
strategist/Avalon/engine.py,155,quest,        cls.quest = 0
strategist/Avalon/engine.py,156,phase,        cls.phase = 0
strategist/Avalon/engine.py,161,"team,quest",        cls.quest_team = []
strategist/Avalon/engine.py,162,"team,vote",        cls.team_votes = []
strategist/Avalon/engine.py,163,"vote,quest",        cls.quest_votes = []
strategist/Avalon/engine.py,164,quest,        cls.quest_results = []
strategist/Avalon/engine.py,176,quest,        self.quest = 0
strategist/Avalon/engine.py,177,phase,        self.phase = 0
strategist/Avalon/engine.py,181,quest,"        self.quest_leader = np.random.randint(0, self.num_players)"
strategist/Avalon/engine.py,183,quest,        self.quest_results = []
strategist/Avalon/engine.py,184,"team,quest",        self.quest_team = []
strategist/Avalon/engine.py,185,"team,vote",        self.team_votes = []
strategist/Avalon/engine.py,186,"vote,quest",        self.quest_votes = []
strategist/Avalon/engine.py,188,role,        # reassign roles
strategist/Avalon/engine.py,189,role,        return self.assign_roles()
strategist/Avalon/engine.py,191,role,    def assign_roles(self):
strategist/Avalon/engine.py,193,role,        assigns roles to players
strategist/Avalon/engine.py,195,role,"        self.roles = np.full(self.num_players, 5)"
strategist/Avalon/engine.py,202,role,        # create evil roles
strategist/Avalon/engine.py,203,role,        evil_roles = [7]
strategist/Avalon/engine.py,205,role,            evil_roles.append(2)
strategist/Avalon/engine.py,207,role,            evil_roles.append(3)
strategist/Avalon/engine.py,209,role,            evil_roles.append(4)
strategist/Avalon/engine.py,211,role,        # fill rest of evil roles with 6
strategist/Avalon/engine.py,212,role,        evil_roles += [6] * (self.num_evil - len(evil_roles))
strategist/Avalon/engine.py,214,role,        # assign evil roles randomly
strategist/Avalon/engine.py,215,role,"        self.roles[evil_players] = np.random.choice(evil_roles, self.num_evil, replace = False)"
strategist/Avalon/engine.py,217,role,        # create good roles
strategist/Avalon/engine.py,218,role,        good_roles = []
strategist/Avalon/engine.py,219,Merlin,        if self.merlin:
strategist/Avalon/engine.py,220,role,            good_roles.append(0)
strategist/Avalon/engine.py,222,role,            good_roles.append(1)
strategist/Avalon/engine.py,224,role,        # fill rest of good roles with 5
strategist/Avalon/engine.py,225,role,        good_roles += [5] * (self.num_good - len(good_roles))
strategist/Avalon/engine.py,227,role,        # assign good roles randomly
strategist/Avalon/engine.py,229,role,"        self.roles[good_players] = np.random.choice(good_roles, self.num_good, replace = False)"
strategist/Avalon/engine.py,231,role,        # return list of role names
strategist/Avalon/engine.py,232,role,        return [self.config.ROLES[role] for role in self.roles]
strategist/Avalon/engine.py,234,role,"    def get_role(self, player):"
strategist/Avalon/engine.py,236,role,"        returns tuple of role index, role name, and whether player is good"
strategist/Avalon/engine.py,238,role,"        return (self.roles[player], self.config.ROLES[self.roles[player]], self.is_good[player])"
strategist/Avalon/engine.py,240,role,    def get_roles(self):
strategist/Avalon/engine.py,242,role,"        returns list of tuples of role index, role name, and whether player is good"
strategist/Avalon/engine.py,244,role,"        return [(role, self.config.ROLES[role], self.is_good[player]) for player, role in enumerate(self.roles)]"
strategist/Avalon/engine.py,251,Merlin,"        # if player is Merlin or evil, return all sides"
strategist/Avalon/engine.py,252,role,        if self.roles[player] == 0 or not self.is_good[player]:
strategist/Avalon/engine.py,258,phase,    def get_phase(self):
strategist/Avalon/engine.py,260,phase,        returns tuple of phase index and phase name
strategist/Avalon/engine.py,262,phase,"        return (self.phase, self.config.PHASES[self.phase])"
strategist/Avalon/engine.py,264,quest,    def get_quest_leader(self):
strategist/Avalon/engine.py,266,quest,        returns quest leader
strategist/Avalon/engine.py,268,quest,        return self.quest_leader
strategist/Avalon/engine.py,270,team,    def get_team_size(self):
strategist/Avalon/engine.py,272,team,        returns team size
strategist/Avalon/engine.py,275,quest,            return self.num_players_for_quest[self.turn]
strategist/Avalon/engine.py,278,quest,            return self.num_players_for_quest[self.turn]
strategist/Avalon/engine.py,280,"team,quest,phase","    def choose_quest_team(self, team: frozenset, leader):  # phase 0"
strategist/Avalon/engine.py,282,"team,quest",        chooses quest team
strategist/Avalon/engine.py,283,team,        team: list of players on team
strategist/Avalon/engine.py,284,"quest,phase","        returns: (next phase, whether game is done, next quest leader)"
strategist/Avalon/engine.py,290,"team,phase","        # check if it is team selection phase. if not, raise error"
strategist/Avalon/engine.py,291,phase,        if self.phase != 0:
strategist/Avalon/engine.py,292,"team,phase","            raise AvalonEnvException(""Not in team selection phase"")"
strategist/Avalon/engine.py,294,team,        # check if team size is valid
strategist/Avalon/engine.py,295,"team,quest",        # if np.sum(team) != self.num_players_for_quest[self.round]:
strategist/Avalon/engine.py,296,team,"        #     raise AvalonEnvException(""Invalid team size"")"
strategist/Avalon/engine.py,298,"team,quest",        if len(team) != self.num_players_for_quest[self.turn]:
strategist/Avalon/engine.py,299,team,"            raise AvalonEnvException(""Invalid team size"")"
strategist/Avalon/engine.py,301,quest,        # check if leader is quest leader
strategist/Avalon/engine.py,302,quest,        if leader != self.quest_leader:
strategist/Avalon/engine.py,303,quest,"            raise AvalonEnvException(""Not quest leader"")"
strategist/Avalon/engine.py,305,"team,quest",        self.quest_team = team
strategist/Avalon/engine.py,307,phase,        # move to next phase
strategist/Avalon/engine.py,308,phase,        self.phase += 1
strategist/Avalon/engine.py,309,quest,        self.quest_leader = (self.quest_leader + 1) % self.num_players
strategist/Avalon/engine.py,311,"quest,phase","        return (self.phase, self.done, self.quest_leader)"
strategist/Avalon/engine.py,313,"team,quest",    def get_current_quest_team(self):
strategist/Avalon/engine.py,315,"team,quest",        returns list of players on quest team
strategist/Avalon/engine.py,317,"team,quest",        return self.quest_team
strategist/Avalon/engine.py,319,"team,vote,phase","    def gather_team_votes(self, votes: List):  # phase 1"
strategist/Avalon/engine.py,321,"team,vote,quest","        votes on quest team: list, 0 for reject, 1 for accept"
strategist/Avalon/engine.py,322,"team,phase","        returns (next phase, whether game is done, whether team is accepted)"
strategist/Avalon/engine.py,328,"team,phase","        # check if it is team voting phase. if not, raise error"
strategist/Avalon/engine.py,329,phase,        if self.phase != 1:
strategist/Avalon/engine.py,330,"team,phase","            raise AvalonEnvException(""Not in team voting phase"")"
strategist/Avalon/engine.py,332,vote,        # check if votes is valid
strategist/Avalon/engine.py,333,vote,        if len(votes) != self.num_players:
strategist/Avalon/engine.py,334,vote,"            raise AvalonEnvException(""Invalid number of votes"")"
strategist/Avalon/engine.py,336,"team,vote",        self.team_votes = votes
strategist/Avalon/engine.py,338,team,"        # if this is the MAX_ROUNDS round, then team automatically passes"
strategist/Avalon/engine.py,340,phase,            self.phase += 1
strategist/Avalon/engine.py,342,phase,"            return (self.phase, self.done, True)"
strategist/Avalon/engine.py,344,"team,phase","        # if strict majority accepts, move to next phase. Otherwise back to team selection"
strategist/Avalon/engine.py,345,vote,        if sum(votes) > self.num_players / 2:
strategist/Avalon/engine.py,346,phase,            self.phase += 1
strategist/Avalon/engine.py,348,phase,"            return (self.phase, self.done, True)"
strategist/Avalon/engine.py,350,phase,            self.phase = 0
strategist/Avalon/engine.py,352,phase,"            return (self.phase, self.done, False)"
strategist/Avalon/engine.py,354,"team,vote,quest",    def get_quest_team_votes(self):
strategist/Avalon/engine.py,356,"team,vote,quest",        returns list of votes on quest team
strategist/Avalon/engine.py,358,"team,vote,quest",        return self.quest_team_votes
strategist/Avalon/engine.py,360,"vote,quest,phase","    def gather_quest_votes(self, votes: List):  # phase 2"
strategist/Avalon/engine.py,362,"vote,quest,fail","        votes on quest: list, 0 for fail, 1 for pass"
strategist/Avalon/engine.py,363,"quest,fail,phase","        returns: (next phase, whether game is done, whether the quest succeeded, number of fails)"
strategist/Avalon/engine.py,369,"quest,phase","        # check if it is quest voting phase. if not, raise error"
strategist/Avalon/engine.py,370,phase,        if self.phase != 2:
strategist/Avalon/engine.py,371,"quest,phase","            raise AvalonEnvException(""Not in quest voting phase"")"
strategist/Avalon/engine.py,373,vote,        # check if votes is valid
strategist/Avalon/engine.py,374,"vote,quest",        if len(votes) != self.num_players_for_quest[self.turn]:
strategist/Avalon/engine.py,375,vote,"            raise AvalonEnvException(""Invalid number of votes"")"
strategist/Avalon/engine.py,377,"vote,quest",        self.quest_votes = votes
strategist/Avalon/engine.py,379,"vote,fail",        num_fails = len(votes) - sum(votes)
strategist/Avalon/engine.py,381,"quest,fail","        # if number of fails is greater to or equal to number of fails allowed, quest fails"
strategist/Avalon/engine.py,382,"quest,fail",        if (num_fails) >= self.num_fails_for_quest[self.turn]:
strategist/Avalon/engine.py,384,quest,            self.quest_results.append(False)
strategist/Avalon/engine.py,390,"team,quest,fail,phase",            # end game if 3 quests failed. Otherwise go to team selection phase
strategist/Avalon/engine.py,391,quest,            if len(self.quest_results) - sum(self.quest_results) == 3:
strategist/Avalon/engine.py,394,"fail,phase","                return (self.phase, self.done, False, num_fails)"
strategist/Avalon/engine.py,396,phase,                self.phase = 0
strategist/Avalon/engine.py,397,"fail,phase","                return (self.phase, self.done, False, num_fails)"
strategist/Avalon/engine.py,400,quest,            self.quest_results.append(True)
strategist/Avalon/engine.py,407,"Assassin,team,quest,phase",            # go to assassination phase if 3 quests succeeded. Otherwise go to team selection phase
strategist/Avalon/engine.py,408,quest,            if sum(self.quest_results) == 3:
strategist/Avalon/engine.py,409,phase,                self.phase += 1
strategist/Avalon/engine.py,411,phase,                self.phase = 0
strategist/Avalon/engine.py,412,"fail,phase","            return (self.phase, self.done, True, num_fails)"
strategist/Avalon/engine.py,415,Assassin,    def get_assassin(self):
strategist/Avalon/engine.py,417,Assassin,        returns assassin
strategist/Avalon/engine.py,419,role,        return np.where(self.roles == 7)[0][0]
strategist/Avalon/engine.py,421,"Assassin,phase","    def choose_assassination_target(self, player, target):  # phase 3"
strategist/Avalon/engine.py,423,Assassin,        chooses assassination target
strategist/Avalon/engine.py,424,phase,"        returns: (next phase, whether game is done, whether good wins)"
strategist/Avalon/engine.py,431,"Assassin,phase","        # check if it is assassination phase. if not, raise error"
strategist/Avalon/engine.py,432,phase,        if self.phase != 3:
strategist/Avalon/engine.py,433,"Assassin,phase","            raise AvalonEnvException(""Not in assassination phase"")"
strategist/Avalon/engine.py,435,Assassin,        # check if player is assassin
strategist/Avalon/engine.py,436,role,        if self.roles[player] != 7:
strategist/Avalon/engine.py,437,Assassin,"            raise AvalonEnvException(""Not assassin"")"
strategist/Avalon/engine.py,441,Assassin,"            raise AvalonEnvException(""Assassin cannot be good"")"
strategist/Avalon/engine.py,445,Merlin,        # check if target is merlin
strategist/Avalon/engine.py,446,role,        if self.roles[target] == 0:
strategist/Avalon/engine.py,448,phase,"            return (self.phase, self.done, False)"
strategist/Avalon/engine.py,450,"quest,success",        # check if at least 3 successfuel quests
strategist/Avalon/engine.py,451,quest,        if sum(self.quest_results) >= 3:
strategist/Avalon/engine.py,453,phase,"            return (self.phase, self.done, True)"
strategist/Avalon/engine.py,455,"quest,success",        # # check if at least 3 successfuel quests
strategist/Avalon/engine.py,456,quest,        # if sum(self.quest_results) >= 3:
strategist/Avalon/engine.py,459,Merlin,        #     # check if target is merlin
strategist/Avalon/engine.py,460,role,        #     if self.roles[target] == 0:
strategist/Avalon/engine.py,462,phase,"        #         return (self.phase, self.done, False)"
strategist/Avalon/engine.py,463,phase,"        #     return (self.phase, self.done, True)"
strategist/Avalon/engine.py,467,phase,"        return (self.phase, self.done, False)"
strategist/Avalon/engine.py,473,quest,"    #     'quest_leader': 0,"
strategist/Avalon/engine.py,474,"Servant,role","    #     'role_names': ['Servant', 'Percival', 'Morgana', 'Mordred', 'Oberon']"
strategist/Avalon/engine.py,477,role,    # print(env.get_role(0))
strategist/Avalon/engine.py,480,role,    print(env.roles)
strategist/Avalon/engine.py,482,role,    # print(env.get_role(0))
strategist/Avalon/engine.py,484,role,    # print(env.roles)
strategist/Avalon/engine.py,486,role,    # print(config.ROLES)
strategist/Avalon/engine.py,487,role,    # print(config.ROLES_REVERSE)
strategist/Avalon/examples/avalon_abstract.py,4,"team,quest,fail",- The number of Quests that have succeeded or failed: This indicates the progress of each team towards their respective goals.
strategist/Avalon/examples/avalon_abstract.py,6,"quest,fail",- The choices made by players during the Quests: Passing or failing a Quest can reveal the intentions and strategies of players.
strategist/Avalon/examples/avalon_abstract.py,10,"quest,fail",2. Calculate the number of Quests that have succeeded and failed in the current state.
strategist/Avalon/examples/avalon_abstract.py,12,quest,4. Evaluate the choices made by players during the Quests to determine the likelihood of a player being Good or Evil.
strategist/Avalon/examples/avalon_abstract.py,13,"Merlin,Assassin,role","5. Consider the roles of Merlin and Assassin, as their identities can significantly impact the outcome of the game."
strategist/Avalon/examples/avalon_abstract.py,15,team,7. Return the value of the state as an indicator of the current state of the game and the potential outcomes for each team.
strategist/Avalon/examples/avalon_abstract.py,20,quest,    num_quests_succeeded = calculate_num_quests_succeeded(state)
strategist/Avalon/examples/avalon_abstract.py,21,"quest,fail",    num_quests_failed = calculate_num_quests_failed(state)
strategist/Avalon/examples/avalon_abstract.py,26,Merlin,    merlin_found = is_merlin_exposed(state)
strategist/Avalon/examples/avalon_abstract.py,27,Assassin,    assassin_alive = is_assassin_alive(state)
strategist/Avalon/examples/avalon_abstract.py,29,"Merlin,Assassin,quest,fail","    state_value = assign_value(num_quests_succeeded, num_quests_failed, voting_patterns, player_choices, merlin_found, assassin_alive)"
strategist/Avalon/examples/avalon_abstract.py,35,quest,- The number of Quests succeeded by the Good players.
strategist/Avalon/examples/avalon_abstract.py,36,"quest,fail",- The number of Quests failed by the Evil players.
strategist/Avalon/examples/avalon_abstract.py,37,Merlin,- The identity of Merlin and whether they have been identified by the Evil players.
strategist/Avalon/examples/avalon_abstract.py,38,discussion,- The state of discussion and deception among players.
strategist/Avalon/examples/avalon_abstract.py,39,"team,quest",- The composition of teams selected for each Quest.
strategist/Avalon/examples/avalon_abstract.py,40,team,- The voting patterns of players during team selection.
strategist/Avalon/examples/avalon_abstract.py,45,"quest,fail",2. Calculate the number of Quests succeeded by the Good players and failed by the Evil players based on the current state.
strategist/Avalon/examples/avalon_abstract.py,46,Merlin,3. Check if Merlin has been identified by the Evil players.
strategist/Avalon/examples/avalon_abstract.py,47,"team,quest","4. Evaluate the state based on the composition of teams selected for each Quest, the voting patterns, claims made by players, and the overall deception in the game."
strategist/Avalon/examples/avalon_abstract.py,48,team,5. Consider the strategic advantage/disadvantage for each team based on the current state.
strategist/Avalon/examples/avalon_abstract.py,54,quest,"    quests_succeeded_by_good = calculate_quests_succeeded(state, ""Good"")"
strategist/Avalon/examples/avalon_abstract.py,55,"quest,fail","    quests_failed_by_evil = calculate_quests_failed(state, ""Evil"")"
strategist/Avalon/examples/avalon_abstract.py,57,Merlin,    merlin_identified = check_merlin_identified(state)
strategist/Avalon/examples/avalon_abstract.py,59,team,    team_composition = evaluate_team_composition(state)
strategist/Avalon/examples/avalon_abstract.py,65,"Merlin,team,quest,fail","    likelihood_of_good_win = calculate_likelihood_of_good_win(quests_succeeded_by_good, quests_failed_by_evil, merlin_identified, team_composition, voting_patterns, claims_credibility, strategic_advantage)"
strategist/Avalon/examples/avalon_abstract.py,71,"quest,fail",- The number of Quests that have succeeded or failed.
strategist/Avalon/examples/avalon_abstract.py,72,discussion,"- The players' claims, discussions, and accusations."
strategist/Avalon/examples/avalon_abstract.py,73,team,- The number of teams that have been rejected in a row.
strategist/Avalon/examples/avalon_abstract.py,74,"Merlin,Assassin,action",- The knowledge and actions of Merlin and the Assassin.
strategist/Avalon/examples/avalon_abstract.py,75,"team,quest",- The voting patterns of players on teams and Quests.
strategist/Avalon/examples/avalon_abstract.py,80,team,3. Consider the impact of team rejections and the possibility of the fifth team being automatically approved.
strategist/Avalon/examples/avalon_abstract.py,83,"quest,fail",   - The number of Quests that have succeeded or failed.
strategist/Avalon/examples/avalon_abstract.py,84,"Merlin,Assassin",   - The claim and knowledge of Merlin and the Assassin.
strategist/Avalon/examples/avalon_abstract.py,94,team,    team_rejections = get_team_rejections(state)
strategist/Avalon/examples/avalon_abstract.py,95,team,    automatic_approval = check_automatic_approval(team_rejections)
strategist/Avalon/examples/avalon_func.py,6,phase,#     phase = state['phase']
strategist/Avalon/examples/avalon_func.py,8,quest,#     quest_leader = state['quest_leader']
strategist/Avalon/examples/avalon_func.py,9,"team,quest",#     quest_team = state['quest_team']
strategist/Avalon/examples/avalon_func.py,10,quest,#     historical_quest_results = state['historical_quest_results']
strategist/Avalon/examples/avalon_func.py,11,"team,vote",#     historical_team_votes = state['historical_team_votes']
strategist/Avalon/examples/avalon_func.py,14,quest,#     num_participants_per_quest = state['num_participants_per_quest']
strategist/Avalon/examples/avalon_func.py,15,"quest,fail",#     num_fails_per_quest = state['num_fails_per_quest']
strategist/Avalon/examples/avalon_func.py,18,role,#     player_rates = {p: 0.5 for p in players} # Since we don't have any information about roles yet
strategist/Avalon/examples/avalon_func.py,21,quest,#     total_quests = len(num_participants_per_quest)
strategist/Avalon/examples/avalon_func.py,22,discussion,"#     total_rounds = 5 # In every turn, there can be at most 5 rounds of discussions"
strategist/Avalon/examples/avalon_func.py,23,quest,#     quests_passed = sum(historical_quest_results) 
strategist/Avalon/examples/avalon_func.py,24,"quest,fail",#     quests_failed = turn - quests_passed # Subtract quests passed from total quests attempted
strategist/Avalon/examples/avalon_func.py,25,"team,vote,fail",#     rounds_failed = sum([1 for vote in historical_team_votes if vote is False])
strategist/Avalon/examples/avalon_func.py,27,"team,quest,success",#     if quests_passed == 3: # 3 Successful Quests for Good Team => Good team wins
strategist/Avalon/examples/avalon_func.py,28,"team,quest",#         player_rates = {player: (1 if player in quest_team else 0) for player in players}
strategist/Avalon/examples/avalon_func.py,29,"team,quest,success,fail",#     elif quests_failed == 3: # 3 Successful Quests for Evil Team => Evil team wins
strategist/Avalon/examples/avalon_func.py,30,"team,quest",#         player_rates = {player: (1 if player not in quest_team else 0) for player in players}
strategist/Avalon/examples/avalon_func.py,32,"team,quest,success",#         # More successful quests increase win rates for the quest team
strategist/Avalon/examples/avalon_func.py,33,"team,quest",#         for player in quest_team:
strategist/Avalon/examples/avalon_func.py,34,quest,#             player_rates[player] += quests_passed / total_quests
strategist/Avalon/examples/avalon_func.py,36,"team,quest,fail",#         # More failed quests increase win rates for the non-quest team
strategist/Avalon/examples/avalon_func.py,37,"team,quest",#         for player in players - quest_team:
strategist/Avalon/examples/avalon_func.py,38,"quest,fail",#             player_rates[player] += quests_failed / total_quests
strategist/Avalon/examples/avalon_func.py,41,"team,vote",#     for qb in historical_team_votes:
strategist/Avalon/examples/avalon_func.py,42,"team,quest","#         if qb: # If a quest team is approved, increase win rate for quest team members"
strategist/Avalon/examples/avalon_func.py,43,"team,quest",#             for player in quest_team:
strategist/Avalon/examples/avalon_func.py,45,"team,quest","#         else: # If it is rejected, increase win rate for non-quest team members"
strategist/Avalon/examples/avalon_func.py,46,"team,quest",#             for player in players - quest_team:
strategist/Avalon/examples/avalon_func.py,51,quest,"#                             'quests_passed' : quests_passed,"
strategist/Avalon/examples/avalon_func.py,52,"quest,fail","#                             'quests_failed' : quests_failed,"
strategist/Avalon/examples/avalon_func.py,53,fail,#                             'rounds_failed' : rounds_failed}
strategist/Avalon/examples/avalon_func.py,63,phase,    phase = state['phase']
strategist/Avalon/examples/avalon_func.py,65,quest,    quest_leader = state['quest_leader']
strategist/Avalon/examples/avalon_func.py,66,"team,quest",    quest_team = state['quest_team']
strategist/Avalon/examples/avalon_func.py,67,quest,    historical_quest_results = state['historical_quest_results']
strategist/Avalon/examples/avalon_func.py,68,"team,vote",    historical_team_votes = state['historical_team_votes']
strategist/Avalon/examples/avalon_func.py,70,quest,    num_participants_per_quest = state['num_participants_per_quest']
strategist/Avalon/examples/avalon_func.py,71,"quest,fail",    num_fails_per_quest = state['num_fails_per_quest']
strategist/Avalon/examples/avalon_func.py,72,role,    roles = state['roles']
strategist/Avalon/examples/avalon_func.py,95,"Merlin,Assassin",    # Helper function to calculate the likelihood of Merlin being assassinated
strategist/Avalon/examples/avalon_func.py,96,"Merlin,Assassin",    def calculate_merlin_assassination_probability(state):
strategist/Avalon/examples/avalon_func.py,100,team,    # Helper function to evaluate the team composition
strategist/Avalon/examples/avalon_func.py,101,team,    def evaluate_team_composition(state):
strategist/Avalon/examples/avalon_func.py,120,quest,    # Helper function to calculate the number of Quests succeeded by the Good players
strategist/Avalon/examples/avalon_func.py,121,quest,"    def calculate_quests_succeeded(state, side):"
strategist/Avalon/examples/avalon_func.py,125,"quest,fail",    # Helper function to calculate the number of Quests failed by the Evil players
strategist/Avalon/examples/avalon_func.py,126,"quest,fail","    def calculate_quests_failed(state, side):"
strategist/Avalon/examples/avalon_func.py,130,Merlin,    # Helper function to check if Merlin has been identified by the Evil players
strategist/Avalon/examples/avalon_func.py,131,Merlin,    def check_merlin_identified(state):
strategist/Avalon/examples/avalon_func.py,135,"quest,fail",    # Calculate the number of Quests succeeded by the Good players and failed by the Evil players
strategist/Avalon/examples/avalon_func.py,136,quest,"    quests_succeeded_by_good = calculate_quests_succeeded(state, ""Good"")"
strategist/Avalon/examples/avalon_func.py,137,"quest,fail","    quests_failed_by_evil = calculate_quests_failed(state, ""Evil"")"
strategist/Avalon/examples/avalon_func.py,139,Merlin,    # Check if Merlin has been identified by the Evil players
strategist/Avalon/examples/avalon_func.py,140,Merlin,    merlin_identified = check_merlin_identified(state)
strategist/Avalon/examples/avalon_func.py,142,team,"    # Evaluate team composition, voting patterns, claims credibility, and strategic advantage"
strategist/Avalon/examples/avalon_func.py,143,team,    team_composition = evaluate_team_composition(state)
strategist/Avalon/examples/avalon_func.py,156,"Merlin,Assassin","        'merlin_assassination_probability': calculate_merlin_assassination_probability(state),"
strategist/Avalon/examples/avalon_func.py,157,team,"        'team_composition': team_composition,"
strategist/Avalon/examples/avalon_func.py,165,role,    # Helper function to calculate the win rate of a player based on their role
strategist/Avalon/examples/avalon_func.py,166,role,"    def calculate_win_rate(role, is_good):"
strategist/Avalon/examples/avalon_func.py,167,"Merlin,role",        if role == 'Merlin':
strategist/Avalon/examples/avalon_func.py,169,"Assassin,role",        elif role == 'Assassin':
strategist/Avalon/examples/avalon_func.py,175,role,    roles = state['roles']
strategist/Avalon/examples/avalon_func.py,178,role,    # Calculate the expected win rate for each player based on their role
strategist/Avalon/examples/avalon_func.py,179,role,"    player_winrates = {player: calculate_win_rate(roles[player], is_good[player]) for player in players}"
strategist/Avalon/examples/avalon_func.py,192,phase,    phase: int = state['phase']
strategist/Avalon/examples/avalon_func.py,194,quest,    quest_leader: int = state['quest_leader']
strategist/Avalon/examples/avalon_func.py,195,"team,quest",    quest_team: set[int] = state['quest_team']
strategist/Avalon/examples/avalon_func.py,196,quest,    historical_quest_results: list[bool] = state['historical_quest_results']
strategist/Avalon/examples/avalon_func.py,197,"team,vote",    historical_team_votes: list[bool] = state['historical_team_votes']
strategist/Avalon/examples/avalon_func.py,199,quest,    num_participants_per_quest: list[int] = state['num_participants_per_quest']
strategist/Avalon/examples/avalon_func.py,200,"quest,fail",    num_fails_per_quest: list[int] = state['num_fails_per_quest']
strategist/Avalon/examples/avalon_func.py,201,role,    roles: list[str] = state['roles']
strategist/Avalon/examples/avalon_func.py,209,"team,phase",    if phase == 0:  # Team selection phase
strategist/Avalon/examples/avalon_func.py,210,"role,quest",        # Modify the probability of Good winning based on the role of the quest leader
strategist/Avalon/examples/avalon_func.py,211,"Minion,Assassin,role,quest","        if roles[quest_leader] in ['Minion', 'Assassin']:"
strategist/Avalon/examples/avalon_func.py,217,role,        intermediate_values['role_influence'] = prob_good_victory
strategist/Avalon/examples/avalon_func.py,219,"team,phase",    elif phase == 1:  # Team approval phase
strategist/Avalon/examples/avalon_func.py,220,"team,vote",        if len(historical_team_votes) >= 4:
strategist/Avalon/examples/avalon_func.py,223,"Minion,Assassin,role,quest","            if roles[quest_leader] in ['Minion', 'Assassin']:"
strategist/Avalon/examples/avalon_func.py,231,"quest,phase",    elif phase == 2:  # Quest phase
strategist/Avalon/examples/avalon_func.py,232,"quest,success",        successful_quests = sum(historical_quest_results)
strategist/Avalon/examples/avalon_func.py,233,"quest,success,fail",        failed_quests = len(historical_quest_results) - successful_quests
strategist/Avalon/examples/avalon_func.py,234,"quest,success,fail",        if successful_quests > failed_quests:
strategist/Avalon/examples/avalon_func.py,240,quest,        intermediate_values['quest_outcome'] = prob_good_victory
strategist/Avalon/examples/avalon_func.py,242,"Assassin,phase",    elif phase == 3:  # Assassination phase
strategist/Avalon/examples/avalon_func.py,243,"Merlin,role",        if 'Merlin' in roles:
strategist/Avalon/examples/avalon_func.py,249,Assassin,        intermediate_values['assassination_outcome'] = prob_good_victory
strategist/Avalon/examples/avalon_func.py,263,phase,    phase = state['phase']
strategist/Avalon/examples/avalon_func.py,265,quest,    quest_leader = state['quest_leader']
strategist/Avalon/examples/avalon_func.py,266,"team,quest",    quest_team = state['quest_team']
strategist/Avalon/examples/avalon_func.py,267,quest,    historical_quest_results = state['historical_quest_results']
strategist/Avalon/examples/avalon_func.py,268,"team,vote",    historical_team_votes = state['historical_team_votes']
strategist/Avalon/examples/avalon_func.py,270,quest,    num_participants_per_quest = state['num_participants_per_quest']
strategist/Avalon/examples/avalon_func.py,271,"quest,fail",    num_fails_per_quest = state['num_fails_per_quest']
strategist/Avalon/examples/avalon_func.py,272,role,    roles = state['roles']
strategist/Avalon/examples/avalon_func.py,279,"team,phase",    if phase == 0:  # team selection phase
strategist/Avalon/examples/avalon_func.py,280,"team,phase",        # No need to adjust win rates in team selection phase
strategist/Avalon/examples/avalon_func.py,281,team,        intermediate_values['team_selection_value'] = 0.0
strategist/Avalon/examples/avalon_func.py,283,"team,phase",    elif phase == 1:  # team approval phase
strategist/Avalon/examples/avalon_func.py,289,"Minion,role",                minions = [p for p in evil_players if roles[p] == 'Minion']
strategist/Avalon/examples/avalon_func.py,290,Minion,"                # If player is a Minion, adjust their win rate based on the number of Minions in the game"
strategist/Avalon/examples/avalon_func.py,291,"Minion,role",                if roles[player] == 'Minion':
strategist/Avalon/examples/avalon_func.py,292,Minion,                    expected_winrates_per_player[player] = prob_good_victory / len(minions)
strategist/Avalon/examples/avalon_func.py,294,Minion,                    expected_winrates_per_player[player] = prob_good_victory / (len(evil_players) - len(minions))
strategist/Avalon/examples/avalon_func.py,296,team,        intermediate_values['team_approval_value'] = 0.0
strategist/Avalon/examples/avalon_func.py,298,"quest,phase",    elif phase == 2:  # quest phase
strategist/Avalon/examples/avalon_func.py,299,"quest,phase",        # No need to adjust win rates in quest phase
strategist/Avalon/examples/avalon_func.py,300,"quest,phase",        intermediate_values['quest_phase_value'] = 0.0
strategist/Avalon/examples/avalon_func.py,302,"Assassin,phase",    elif phase == 3:  # assassination phase
strategist/Avalon/examples/avalon_func.py,303,"Merlin,Assassin",        # Adjust win rates based on the probability of Merlin being assassinated by Assassin
strategist/Avalon/examples/avalon_func.py,305,"Merlin,role",        merlin = [p for p in players if roles[p] == 'Merlin'][0]
strategist/Avalon/examples/avalon_func.py,306,"Assassin,role",        assassin = [p for p in players if roles[p] == 'Assassin'][0]
strategist/Avalon/examples/avalon_func.py,307,"Merlin,Assassin","        if turn == 5:  # Last turn, Assassin has a chance to assassinate Merlin"
strategist/Avalon/examples/avalon_func.py,308,"Assassin,team,quest,fail",            if assassin in quest_team and 'fail' in quest_team[assassin]:
strategist/Avalon/examples/avalon_func.py,309,"Merlin,Assassin,team,quest,fail","                # Merlin was on the quest team and failed the quest, so Assassin can assassinate Merlin"
strategist/Avalon/examples/avalon_func.py,310,Merlin,                expected_winrates_per_player[merlin] = 0.0
strategist/Avalon/examples/avalon_func.py,312,"Merlin,Assassin,team,quest,fail","                # Merlin was not on the quest team or did not fail the quest, so Assassin cannot assassinate Merlin"
strategist/Avalon/examples/avalon_func.py,313,Merlin,                expected_winrates_per_player[merlin] = prob_good_victory
strategist/Avalon/examples/avalon_func.py,315,Assassin,        intermediate_values['assassination_value'] = 0.0
strategist/Avalon/examples/avalon_func_weiqin.py,5,phase,    phase: int = state['phase']
strategist/Avalon/examples/avalon_func_weiqin.py,7,quest,    quest_leader: int = state['quest_leader']
strategist/Avalon/examples/avalon_func_weiqin.py,8,"team,quest",    quest_team: set[int] = state['quest_team']
strategist/Avalon/examples/avalon_func_weiqin.py,9,quest,    historical_quest_results: list[bool] = state['historical_quest_results']
strategist/Avalon/examples/avalon_func_weiqin.py,10,"team,vote",    historical_team_votes: list[bool] = state['historical_team_votes']
strategist/Avalon/examples/avalon_func_weiqin.py,12,quest,    num_participants_per_quest: list[int] = state['num_participants_per_quest']
strategist/Avalon/examples/avalon_func_weiqin.py,13,"quest,fail",    num_fails_per_quest: list[int] = state['num_fails_per_quest']
strategist/Avalon/examples/avalon_func_weiqin.py,14,role,    roles: list[str] = state['roles']
strategist/Avalon/examples/avalon_func_weiqin.py,19,"team,phase",    if phase == 0:  # Team selection phase
strategist/Avalon/examples/avalon_func_weiqin.py,20,"team,phase",        # Placeholder values for team selection phase
strategist/Avalon/examples/avalon_func_weiqin.py,24,"team,phase",    elif phase == 1:  # Team approval phase
strategist/Avalon/examples/avalon_func_weiqin.py,25,"team,phase",        # Placeholder values for team approval phase
strategist/Avalon/examples/avalon_func_weiqin.py,29,"quest,phase",    elif phase == 2:  # Quest phase
strategist/Avalon/examples/avalon_func_weiqin.py,30,"quest,success",        successful_quests = sum(historical_quest_results)
strategist/Avalon/examples/avalon_func_weiqin.py,31,"quest,success,fail",        failed_quests = len(historical_quest_results) - successful_quests
strategist/Avalon/examples/avalon_func_weiqin.py,32,"quest,success,fail",        if successful_quests > failed_quests:
strategist/Avalon/examples/avalon_func_weiqin.py,37,"quest,success",        intermediate_value1 = successful_quests
strategist/Avalon/examples/avalon_func_weiqin.py,38,"quest,fail",        intermediate_value2 = failed_quests
strategist/Avalon/examples/avalon_func_weiqin.py,40,"Assassin,phase",    elif phase == 3:  # Assassination phase
strategist/Avalon/examples/avalon_func_weiqin.py,41,"Merlin,Assassin,success",        # Evaluate Assassin's probability of successfully identifying and assassinating Merlin
strategist/Avalon/examples/avalon_func_weiqin.py,42,"Assassin,role",        assassin_index = roles.index('Assassin')
strategist/Avalon/examples/avalon_func_weiqin.py,43,"Merlin,role",        merlin_index = roles.index('Merlin')
strategist/Avalon/examples/avalon_func_weiqin.py,44,Assassin,        assassin_is_good = is_good[assassin_index]
strategist/Avalon/examples/avalon_func_weiqin.py,45,Merlin,        merlin_is_good = is_good[merlin_index]
strategist/Avalon/examples/avalon_func_weiqin.py,47,Assassin,        if not assassin_is_good:
strategist/Avalon/examples/avalon_func_weiqin.py,48,Merlin,            if merlin_is_good:
strategist/Avalon/examples/avalon_func_weiqin.py,49,"Merlin,Assassin","                # Assassin is Evil and Merlin is Good, so Assassin can assassinate Merlin"
strategist/Avalon/examples/avalon_func_weiqin.py,52,"Merlin,Assassin,role","                # Assassin is Evil but Merlin is Evil or another role, so no chance to assassinate"
strategist/Avalon/examples/avalon_func_weiqin.py,66,Assassin,    intermediate_values = {'assassination_probability': prob_good_victory}
strategist/Avalon/examples/avalon_func_weiqin.py,71,phase,    phase: int = state['phase']
strategist/Avalon/examples/avalon_func_weiqin.py,73,quest,    quest_leader: int = state['quest_leader']
strategist/Avalon/examples/avalon_func_weiqin.py,74,"team,quest",    quest_team: set[int] = state['quest_team']
strategist/Avalon/examples/avalon_func_weiqin.py,75,quest,    historical_quest_results: list[bool] = state['historical_quest_results']
strategist/Avalon/examples/avalon_func_weiqin.py,76,"team,vote",    historical_team_votes: list[bool] = state['historical_team_votes']
strategist/Avalon/examples/avalon_func_weiqin.py,78,quest,    num_participants_per_quest: list[int] = state['num_participants_per_quest']
strategist/Avalon/examples/avalon_func_weiqin.py,79,"quest,fail",    num_fails_per_quest: list[int] = state['num_fails_per_quest']
strategist/Avalon/examples/avalon_func_weiqin.py,80,role,    roles: list[str] = state['roles']
strategist/Avalon/examples/avalon_func_weiqin.py,85,"team,phase",    if phase == 0:  # team selection phase
strategist/Avalon/examples/avalon_func_weiqin.py,90,"team,phase",    elif phase == 1:  # team approval phase
strategist/Avalon/examples/avalon_func_weiqin.py,95,"quest,phase",    elif phase == 2:  # quest phase
strategist/Avalon/examples/avalon_func_weiqin.py,100,"Assassin,phase",    elif phase == 3:  # assassination phase
strategist/Avalon/examples/avalon_func_weiqin.py,101,Merlin,        # Calculate the probability of Merlin being identified by the Evil players
strategist/Avalon/examples/avalon_func_weiqin.py,102,"Merlin,role",        merlin_index = roles.index('Merlin')
strategist/Avalon/examples/avalon_func_weiqin.py,103,"Assassin,role",        assassin_index = roles.index('Assassin')
strategist/Avalon/examples/avalon_func_weiqin.py,104,"Merlin,Assassin,team,quest",        is_merlin_assassin_target = (assassin_index in quest_team)
strategist/Avalon/examples/avalon_func_weiqin.py,106,"Merlin,Assassin",        # Calculate the probability of Merlin being assassinated
strategist/Avalon/examples/avalon_func_weiqin.py,107,"Merlin,Assassin",        prob_merlin_assassinated = 0
strategist/Avalon/examples/avalon_func_weiqin.py,108,"Merlin,Assassin",        if is_merlin_assassin_target:
strategist/Avalon/examples/avalon_func_weiqin.py,109,"quest,fail",            num_failed_quests = len([result for result in historical_quest_results if not result])
strategist/Avalon/examples/avalon_func_weiqin.py,110,"quest,fail",            num_failed_required = 3 - num_failed_quests
strategist/Avalon/examples/avalon_func_weiqin.py,111,"Merlin,Assassin,quest,fail",            prob_merlin_assassinated = num_failed_required / (5 - turn)  # Adjust for remaining quests
strategist/Avalon/examples/avalon_func_weiqin.py,113,"Merlin,Assassin",        intermediate_value1 = prob_merlin_assassinated
strategist/Avalon/examples/avalon_func_weiqin.py,124,"Merlin,Assassin",    intermediate_values = {'merlin_assassination_probability': intermediate_value1}
strategist/Avalon/examples/avalon_func_weiqin.py,130,phase,    phase: int = state['phase']
strategist/Avalon/examples/avalon_func_weiqin.py,132,quest,    quest_leader: int = state['quest_leader']
strategist/Avalon/examples/avalon_func_weiqin.py,133,"team,quest",    quest_team: set[int] = state['quest_team']
strategist/Avalon/examples/avalon_func_weiqin.py,134,quest,    historical_quest_results: list[bool] = state['historical_quest_results']
strategist/Avalon/examples/avalon_func_weiqin.py,135,"team,vote",    historical_team_votes: list[bool] = state['historical_team_votes']
strategist/Avalon/examples/avalon_func_weiqin.py,137,quest,    num_participants_per_quest: list[int] = state['num_participants_per_quest']
strategist/Avalon/examples/avalon_func_weiqin.py,138,"quest,fail",    num_fails_per_quest: list[int] = state['num_fails_per_quest']
strategist/Avalon/examples/avalon_func_weiqin.py,139,role,    roles: list[str] = state['roles']
strategist/Avalon/examples/avalon_func_weiqin.py,146,"team,phase",    if phase == 0:  # Team Selection Phase
strategist/Avalon/examples/avalon_func_weiqin.py,147,team,        # Analyze team selection patterns or behaviors here
strategist/Avalon/examples/avalon_func_weiqin.py,149,team,"        intermediate_values['team_selection_analysis'] = ""Placeholder analysis"""
strategist/Avalon/examples/avalon_func_weiqin.py,151,"team,phase",    elif phase == 1:  # Team Approval Phase
strategist/Avalon/examples/avalon_func_weiqin.py,152,team,        # Analyze team approval voting patterns here
strategist/Avalon/examples/avalon_func_weiqin.py,153,"team,vote",        last_team_rejected = len(historical_team_votes) > 0 and not historical_team_votes[-1]
strategist/Avalon/examples/avalon_func_weiqin.py,155,team,        if last_team_rejected:
strategist/Avalon/examples/avalon_func_weiqin.py,160,"quest,phase",    elif phase == 2:  # Quest Phase
strategist/Avalon/examples/avalon_func_weiqin.py,161,"quest,success",        num_successful_quests = historical_quest_results.count(True)
strategist/Avalon/examples/avalon_func_weiqin.py,162,"quest,fail",        num_failed_quests = historical_quest_results.count(False)
strategist/Avalon/examples/avalon_func_weiqin.py,164,"quest,success,fail",        if num_successful_quests > num_failed_quests:
strategist/Avalon/examples/avalon_func_weiqin.py,169,"role,quest,phase",        # Role-specific calculations for Quest Phase
strategist/Avalon/examples/avalon_func_weiqin.py,170,"Merlin,role",        merlin_index = roles.index('Merlin')
strategist/Avalon/examples/avalon_func_weiqin.py,171,"Assassin,role",        assassin_index = roles.index('Assassin')
strategist/Avalon/examples/avalon_func_weiqin.py,172,"Merlin,team,quest",        merlin_on_quest = merlin_index in quest_team
strategist/Avalon/examples/avalon_func_weiqin.py,173,"Assassin,team,quest",        assassin_on_quest = assassin_index in quest_team
strategist/Avalon/examples/avalon_func_weiqin.py,175,"Merlin,Assassin,quest",        if merlin_on_quest and not assassin_on_quest:
strategist/Avalon/examples/avalon_func_weiqin.py,177,"Assassin,quest",        elif assassin_on_quest:
strategist/Avalon/examples/avalon_func_weiqin.py,180,"Merlin,quest",        intermediate_values['merlin_on_quest'] = merlin_on_quest
strategist/Avalon/examples/avalon_func_weiqin.py,181,"Assassin,quest",        intermediate_values['assassin_on_quest'] = assassin_on_quest
strategist/Avalon/examples/avalon_func_weiqin.py,183,"Assassin,phase",    elif phase == 3:  # Assassination Phase
strategist/Avalon/examples/avalon_func_weiqin.py,184,"Merlin,role",        merlin_index = roles.index('Merlin')
strategist/Avalon/examples/avalon_func_weiqin.py,185,"Merlin,team,quest",        merlin_targeted = merlin_index in quest_team
strategist/Avalon/examples/avalon_func_weiqin.py,187,"Merlin,Assassin",        prob_merlin_assassinated = 0.5
strategist/Avalon/examples/avalon_func_weiqin.py,188,Merlin,        if merlin_targeted:
strategist/Avalon/examples/avalon_func_weiqin.py,189,role,"            evil_players_indices = [i for i, role in enumerate(roles) if not is_good[i]]"
strategist/Avalon/examples/avalon_func_weiqin.py,190,"team,quest",            evil_players_on_team = [player for player in quest_team if player in evil_players_indices]
strategist/Avalon/examples/avalon_func_weiqin.py,191,"Merlin,Assassin,team",            prob_merlin_assassinated = 0.5 + (0.1 * len(evil_players_on_team))
strategist/Avalon/examples/avalon_func_weiqin.py,193,Merlin,        intermediate_values['merlin_targeted'] = merlin_targeted
strategist/Avalon/examples/avalon_func_weiqin.py,194,"Merlin,Assassin",        intermediate_values['prob_merlin_assassinated'] = prob_merlin_assassinated
strategist/Avalon/examples/avalon_func_weiqin.py,211,phase,    phase: int = state['phase']
strategist/Avalon/examples/avalon_func_weiqin.py,213,quest,    quest_leader: int = state['quest_leader']
strategist/Avalon/examples/avalon_func_weiqin.py,214,"team,quest",    quest_team: set[int] = state['quest_team']
strategist/Avalon/examples/avalon_func_weiqin.py,215,quest,    historical_quest_results: list[bool] = state['historical_quest_results']
strategist/Avalon/examples/avalon_func_weiqin.py,216,"team,vote",    historical_team_votes: list[bool] = state['historical_team_votes']
strategist/Avalon/examples/avalon_func_weiqin.py,218,quest,    num_participants_per_quest: list[int] = state['num_participants_per_quest']
strategist/Avalon/examples/avalon_func_weiqin.py,219,"quest,fail",    num_fails_per_quest: list[int] = state['num_fails_per_quest']
strategist/Avalon/examples/avalon_func_weiqin.py,220,role,    roles: list[str] = state['roles']
strategist/Avalon/examples/avalon_func_weiqin.py,225,"team,phase",    if phase == 0:  # Team Selection Phase
strategist/Avalon/examples/avalon_func_weiqin.py,230,"team,phase",    elif phase == 1:  # Team Approval Phase
strategist/Avalon/examples/avalon_func_weiqin.py,235,"quest,phase",    elif phase == 2:  # Quest Phase
strategist/Avalon/examples/avalon_func_weiqin.py,240,"Assassin,phase",    elif phase == 3:  # Assassination Phase
strategist/Avalon/examples/avalon_func_weiqin.py,245,phase,    # Calculate the expected win rates for each player based on the current phase
strategist/Avalon/examples/avalon_func_weiqin.py,261,phase,    phase: int = state['phase']
strategist/Avalon/examples/avalon_func_weiqin.py,263,quest,    quest_leader: int = state['quest_leader']
strategist/Avalon/examples/avalon_func_weiqin.py,264,"team,quest",    quest_team: set[int] = state['quest_team']
strategist/Avalon/examples/avalon_func_weiqin.py,265,quest,    historical_quest_results: list[bool] = state['historical_quest_results']
strategist/Avalon/examples/avalon_func_weiqin.py,266,"team,vote",    historical_team_votes: list[bool] = state['historical_team_votes']
strategist/Avalon/examples/avalon_func_weiqin.py,268,quest,    num_participants_per_quest: list[int] = state['num_participants_per_quest']
strategist/Avalon/examples/avalon_func_weiqin.py,269,"quest,fail",    num_fails_per_quest: list[int] = state['num_fails_per_quest']
strategist/Avalon/examples/avalon_func_weiqin.py,270,role,    roles: list[str] = state['roles']
strategist/Avalon/examples/avalon_func_weiqin.py,277,"team,phase",    if phase == 0:  # Team selection phase
strategist/Avalon/examples/avalon_func_weiqin.py,278,"team,phase",        # Add logic here to adjust win rates based on team selection phase
strategist/Avalon/examples/avalon_func_weiqin.py,279,"Merlin,role",        if 'Merlin' in roles:
strategist/Avalon/examples/avalon_func_weiqin.py,281,"Minion,Assassin,role,quest","        if roles[quest_leader] in ['Minion', 'Assassin']:"
strategist/Avalon/examples/avalon_func_weiqin.py,286,"team,phase",    elif phase == 1:  # Team approval phase
strategist/Avalon/examples/avalon_func_weiqin.py,287,"team,phase",        # Add logic here to adjust win rates based on team approval phase
strategist/Avalon/examples/avalon_func_weiqin.py,288,"team,vote",        if len(historical_team_votes) >= 4:
strategist/Avalon/examples/avalon_func_weiqin.py,291,"Merlin,role",            if 'Merlin' in roles:
strategist/Avalon/examples/avalon_func_weiqin.py,293,"Minion,Assassin,role,quest","            if roles[quest_leader] in ['Minion', 'Assassin']:"
strategist/Avalon/examples/avalon_func_weiqin.py,298,"quest,phase",    elif phase == 2:  # Quest phase
strategist/Avalon/examples/avalon_func_weiqin.py,299,"quest,phase",        # Add logic here to adjust win rates based on quest phase
strategist/Avalon/examples/avalon_func_weiqin.py,300,"quest,success",        successful_quests = sum(historical_quest_results)
strategist/Avalon/examples/avalon_func_weiqin.py,301,"quest,success,fail",        failed_quests = len(historical_quest_results) - successful_quests
strategist/Avalon/examples/avalon_func_weiqin.py,302,"Merlin,role",        if 'Merlin' in roles:
strategist/Avalon/examples/avalon_func_weiqin.py,303,"Assassin,role",            if 'Assassin' in roles:
strategist/Avalon/examples/avalon_func_weiqin.py,304,"Merlin,Assassin,success",                prob_merlin_assassination = 0.5  # Probability of Assassin successfully assassinating Merlin
strategist/Avalon/examples/avalon_func_weiqin.py,305,"Merlin,Assassin",                prob_evil_win_merlin_assassinated = 1 - prob_merlin_assassination
strategist/Avalon/examples/avalon_func_weiqin.py,306,fail,                prob_evil_win_three_fails = 0.5  # Assume equal chance of Evil winning by three fails
strategist/Avalon/examples/avalon_func_weiqin.py,307,"Merlin,Assassin",                intermediate_values['prob_merlin_assassination'] = prob_merlin_assassination
strategist/Avalon/examples/avalon_func_weiqin.py,308,"Merlin,Assassin",                intermediate_values['prob_evil_win_merlin_assassinated'] = prob_evil_win_merlin_assassinated
strategist/Avalon/examples/avalon_func_weiqin.py,309,fail,                intermediate_values['prob_evil_win_three_fails'] = prob_evil_win_three_fails
strategist/Avalon/examples/avalon_func_weiqin.py,310,"Merlin,Assassin,fail",                prob_good_victory = prob_good_victory * (1 - prob_merlin_assassination) * (1 - prob_evil_win_three_fails)
strategist/Avalon/examples/avalon_func_weiqin.py,314,"quest,success,fail",        if successful_quests > failed_quests:
strategist/Avalon/examples/avalon_func_weiqin.py,319,"Assassin,phase",    elif phase == 3:  # Assassination phase
strategist/Avalon/examples/avalon_func_weiqin.py,320,"Assassin,phase",        # Add logic here to adjust win rates based on assassination phase
strategist/Avalon/examples/avalon_func_weiqin.py,321,"Merlin,role",        if 'Merlin' in roles:
strategist/Avalon/examples/avalon_func_weiqin.py,344,phase,    phase: int = state['phase']  
strategist/Avalon/examples/avalon_func_weiqin.py,346,quest,    quest_leader: int = state['quest_leader']  
strategist/Avalon/examples/avalon_func_weiqin.py,347,"team,quest",    quest_team: set[int] = state['quest_team']  
strategist/Avalon/examples/avalon_func_weiqin.py,348,quest,    historical_quest_results: list[bool] = state['historical_quest_results']  
strategist/Avalon/examples/avalon_func_weiqin.py,349,"team,vote",    historical_team_votes: list[bool] = state['historical_team_votes']  
strategist/Avalon/examples/avalon_func_weiqin.py,351,quest,    num_participants_per_quest: list[int] = state['num_participants_per_quest']  
strategist/Avalon/examples/avalon_func_weiqin.py,352,"quest,fail",    num_fails_per_quest: list[int] = state['num_fails_per_quest']  
strategist/Avalon/examples/avalon_func_weiqin.py,353,role,    roles: list[str] = state['roles']  
strategist/Avalon/examples/avalon_func_weiqin.py,358,team,    intermediate_value_team_selection = 0
strategist/Avalon/examples/avalon_func_weiqin.py,359,phase,    intermediate_value_approval_phase = 0
strategist/Avalon/examples/avalon_func_weiqin.py,360,"quest,phase",    intermediate_value_quest_phase = 0
strategist/Avalon/examples/avalon_func_weiqin.py,361,"Assassin,phase",    intermediate_value_assassination_phase = 0
strategist/Avalon/examples/avalon_func_weiqin.py,363,phase,    if phase == 0: 
strategist/Avalon/examples/avalon_func_weiqin.py,365,team,        intermediate_value_team_selection = 0
strategist/Avalon/examples/avalon_func_weiqin.py,367,phase,    elif phase == 1: 
strategist/Avalon/examples/avalon_func_weiqin.py,368,vote,        suspicious_voters = set()
strategist/Avalon/examples/avalon_func_weiqin.py,369,"team,vote","        for i, vote in enumerate(historical_team_votes):"
strategist/Avalon/examples/avalon_func_weiqin.py,370,vote,            if vote == False:
strategist/Avalon/examples/avalon_func_weiqin.py,371,vote,                suspicious_voters.add(i)
strategist/Avalon/examples/avalon_func_weiqin.py,373,vote,        num_suspicious_voters = len(suspicious_voters)
strategist/Avalon/examples/avalon_func_weiqin.py,374,vote,        prob_good_victory += 0.05 * num_suspicious_voters
strategist/Avalon/examples/avalon_func_weiqin.py,376,"vote,phase",        intermediate_value_approval_phase = num_suspicious_voters
strategist/Avalon/examples/avalon_func_weiqin.py,378,phase,    elif phase == 2: 
strategist/Avalon/examples/avalon_func_weiqin.py,379,"quest,success",        num_successful_quests = sum(historical_quest_results)
strategist/Avalon/examples/avalon_func_weiqin.py,380,"quest,success,fail",        num_failed_quests = len(historical_quest_results) - num_successful_quests
strategist/Avalon/examples/avalon_func_weiqin.py,382,quest,        impact_on_quest = 0
strategist/Avalon/examples/avalon_func_weiqin.py,383,role,"        for i, role in enumerate(roles):"
strategist/Avalon/examples/avalon_func_weiqin.py,384,"Minion,Assassin,role",            if role == 'Minion' or role == 'Assassin':
strategist/Avalon/examples/avalon_func_weiqin.py,385,"quest,fail",                if num_failed_quests >= 3:  
strategist/Avalon/examples/avalon_func_weiqin.py,386,quest,                    impact_on_quest += 0.3
strategist/Avalon/examples/avalon_func_weiqin.py,388,quest,                    impact_on_quest -= 0.3
strategist/Avalon/examples/avalon_func_weiqin.py,390,quest,        prob_good_victory += impact_on_quest
strategist/Avalon/examples/avalon_func_weiqin.py,392,"quest,success,phase",        intermediate_value_quest_phase = num_successful_quests
strategist/Avalon/examples/avalon_func_weiqin.py,394,phase,    elif phase == 3: 
strategist/Avalon/examples/avalon_func_weiqin.py,395,"Merlin,Assassin",        prob_merlin_assassination = 0
strategist/Avalon/examples/avalon_func_weiqin.py,396,"Merlin,role",        if 'Merlin' in roles:
strategist/Avalon/examples/avalon_func_weiqin.py,397,"Merlin,Assassin",            prob_merlin_assassination = 1 / num_good
strategist/Avalon/examples/avalon_func_weiqin.py,398,"Merlin,Assassin",        prob_good_victory -= prob_merlin_assassination
strategist/Avalon/examples/avalon_func_weiqin.py,400,"Merlin,Assassin,phase",        intermediate_value_assassination_phase = prob_merlin_assassination
strategist/Avalon/examples/avalon_func_weiqin.py,410,"team,vote","    intermediate_values = {'team_selection_suspicious_voters': intermediate_value_team_selection,"
strategist/Avalon/examples/avalon_func_weiqin.py,411,"team,vote,phase","                           'team_approval_num_suspicious_voters': intermediate_value_approval_phase,"
strategist/Avalon/examples/avalon_func_weiqin.py,412,"quest,success,phase","                           'quest_successful_count': intermediate_value_quest_phase,"
strategist/Avalon/examples/avalon_func_weiqin.py,413,"Merlin,Assassin,phase",                           'merlin_assassination_probability': intermediate_value_assassination_phase}
strategist/Avalon/examples/avalon_func_weiqin.py,419,phase,    phase: int = state['phase']
strategist/Avalon/examples/avalon_func_weiqin.py,421,quest,    quest_leader: int = state['quest_leader']
strategist/Avalon/examples/avalon_func_weiqin.py,422,"team,quest",    quest_team: set[int] = state['quest_team']
strategist/Avalon/examples/avalon_func_weiqin.py,423,quest,    historical_quest_results: list[bool] = state['historical_quest_results']
strategist/Avalon/examples/avalon_func_weiqin.py,424,"team,vote",    historical_team_votes: list[bool] = state['historical_team_votes']
strategist/Avalon/examples/avalon_func_weiqin.py,426,quest,    num_participants_per_quest: list[int] = state['num_participants_per_quest']
strategist/Avalon/examples/avalon_func_weiqin.py,427,"quest,fail",    num_fails_per_quest: list[int] = state['num_fails_per_quest']
strategist/Avalon/examples/avalon_func_weiqin.py,428,role,    roles: list[str] = state['roles']
strategist/Avalon/examples/avalon_func_weiqin.py,435,"team,phase",    if phase == 0:  # team selection phase
strategist/Avalon/examples/avalon_func_weiqin.py,438,"team,phase",    elif phase == 1:  # team approval phase
strategist/Avalon/examples/avalon_func_weiqin.py,441,"quest,phase",    elif phase == 2:  # quest phase
strategist/Avalon/examples/avalon_func_weiqin.py,447,"team,quest",            if player in quest_team:
strategist/Avalon/examples/avalon_func_weiqin.py,448,"team,quest",                weight += 0.1  # Players in the quest team may have a higher weight
strategist/Avalon/examples/avalon_func_weiqin.py,449,"team,vote,quest",            if historical_quest_results and historical_team_votes:
strategist/Avalon/examples/avalon_func_weiqin.py,450,"quest,success",                num_successful_quests = sum(historical_quest_results)
strategist/Avalon/examples/avalon_func_weiqin.py,451,"quest,success,fail",                num_failed_quests = len(historical_quest_results) - num_successful_quests
strategist/Avalon/examples/avalon_func_weiqin.py,452,"quest,fail",                quest_fail_rate = num_failed_quests / len(historical_quest_results)
strategist/Avalon/examples/avalon_func_weiqin.py,454,"quest,fail",                if quest_fail_rate > 0.5:
strategist/Avalon/examples/avalon_func_weiqin.py,455,quest,                    weight -= 0.1  # Adjust weight based on historical quest performance
strategist/Avalon/examples/avalon_func_weiqin.py,457,"team,vote",                team_approval_rate = historical_team_votes.count(True) / len(historical_team_votes)
strategist/Avalon/examples/avalon_func_weiqin.py,458,team,                if team_approval_rate > 0.5:
strategist/Avalon/examples/avalon_func_weiqin.py,459,team,                    weight += 0.1  # Adjust weight based on historical team approval rate
strategist/Avalon/examples/avalon_func_weiqin.py,469,"Assassin,phase",    elif phase == 3:  # assassination phase
strategist/Avalon/examples/avalon_func_weiqin.py,470,"Assassin,role","        assassin = [idx for idx, role in enumerate(roles) if role == 'Assassin'][0]"
strategist/Avalon/examples/avalon_func_weiqin.py,471,"Merlin,role","        merlin = [idx for idx, role in enumerate(roles) if role == 'Merlin'][0]"
strategist/Avalon/examples/avalon_func_weiqin.py,473,"Merlin,Assassin",        if is_good[assassin] and is_good[merlin]:  # If both Assassin and Merlin are Good
strategist/Avalon/examples/avalon_func_weiqin.py,474,Assassin,            assassin_win_rate = 0.0
strategist/Avalon/examples/avalon_func_weiqin.py,475,"Merlin,Assassin",        elif not is_good[assassin] and not is_good[merlin]:  # If both Assassin and Merlin are Evil
strategist/Avalon/examples/avalon_func_weiqin.py,476,Assassin,            assassin_win_rate = 0.0
strategist/Avalon/examples/avalon_func_weiqin.py,477,"Merlin,Assassin",        elif not is_good[assassin] and is_good[merlin]:  # If Assassin is Evil and Merlin is Good
strategist/Avalon/examples/avalon_func_weiqin.py,478,"Merlin,Assassin",            assassin_win_rate = 1.0  # Assassin can win by assassinating Merlin
strategist/Avalon/examples/avalon_func_weiqin.py,479,"Merlin,Assassin",        elif is_good[assassin] and not is_good[merlin]:  # If Assassin is Good and Merlin is Evil
strategist/Avalon/examples/avalon_func_weiqin.py,480,Assassin,            assassin_win_rate = 0.0
strategist/Avalon/examples/avalon_func_weiqin.py,482,Assassin,        intermediate_values['assassin_win_rate'] = assassin_win_rate
strategist/Avalon/examples/avalon_func_weiqin.py,499,phase,    phase = state['phase']
strategist/Avalon/examples/avalon_func_weiqin.py,501,quest,    quest_leader = state['quest_leader']
strategist/Avalon/examples/avalon_func_weiqin.py,502,"team,quest",    quest_team = state['quest_team']
strategist/Avalon/examples/avalon_func_weiqin.py,503,quest,    historical_quest_results = state['historical_quest_results']
strategist/Avalon/examples/avalon_func_weiqin.py,504,"team,vote",    historical_team_votes = state['historical_team_votes']
strategist/Avalon/examples/avalon_func_weiqin.py,506,quest,    num_participants_per_quest = state['num_participants_per_quest']
strategist/Avalon/examples/avalon_func_weiqin.py,507,"quest,fail",    num_fails_per_quest = state['num_fails_per_quest']
strategist/Avalon/examples/avalon_func_weiqin.py,508,role,    roles = state['roles']
strategist/Avalon/examples/avalon_func_weiqin.py,513,"team,phase",    if phase == 0:  # Team selection phase
strategist/Avalon/examples/avalon_func_weiqin.py,514,"Minion,Assassin,role,quest","        if roles[quest_leader] in ['Minion', 'Assassin']:"
strategist/Avalon/examples/avalon_func_weiqin.py,519,"team,phase",    elif phase == 1:  # Team approval phase
strategist/Avalon/examples/avalon_func_weiqin.py,520,"team,vote",        if len(historical_team_votes) >= 4:
strategist/Avalon/examples/avalon_func_weiqin.py,523,"Minion,Assassin,role,quest","            if roles[quest_leader] in ['Minion', 'Assassin']:"
strategist/Avalon/examples/avalon_func_weiqin.py,528,"quest,phase",    elif phase == 2:  # Quest phase
strategist/Avalon/examples/avalon_func_weiqin.py,529,"quest,success",        successful_quests = sum(historical_quest_results)
strategist/Avalon/examples/avalon_func_weiqin.py,530,"quest,success,fail",        failed_quests = len(historical_quest_results) - successful_quests
strategist/Avalon/examples/avalon_func_weiqin.py,531,"quest,success,fail",        if successful_quests > failed_quests:
strategist/Avalon/examples/avalon_func_weiqin.py,536,"Assassin,phase",    elif phase == 3:  # Assassination phase
strategist/Avalon/examples/avalon_func_weiqin.py,537,"Merlin,role",        if 'Merlin' in roles:
strategist/Avalon/examples/avalon_func_weiqin.py,558,phase,    phase: int = state['phase']
strategist/Avalon/examples/avalon_func_weiqin.py,560,quest,    quest_leader: int = state['quest_leader']
strategist/Avalon/examples/avalon_func_weiqin.py,561,"team,quest",    quest_team: set[int] = state['quest_team']
strategist/Avalon/examples/avalon_func_weiqin.py,562,quest,    historical_quest_results: list[bool] = state['historical_quest_results']
strategist/Avalon/examples/avalon_func_weiqin.py,563,"team,vote",    historical_team_votes: list[bool] = state['historical_team_votes']
strategist/Avalon/examples/avalon_func_weiqin.py,565,quest,    num_participants_per_quest: list[int] = state['num_participants_per_quest']
strategist/Avalon/examples/avalon_func_weiqin.py,566,"quest,fail",    num_fails_per_quest: list[int] = state['num_fails_per_quest']
strategist/Avalon/examples/avalon_func_weiqin.py,567,role,    roles: list[str] = state['roles']
strategist/Avalon/examples/avalon_func_weiqin.py,574,"team,phase",    if phase == 0:  # team selection phase
strategist/Avalon/examples/avalon_func_weiqin.py,575,"team,phase",        # Placeholder values for team selection phase
strategist/Avalon/examples/avalon_func_weiqin.py,576,"role,team,phase",        # You can add specific role considerations here for team selection phase
strategist/Avalon/examples/avalon_func_weiqin.py,577,team,        intermediate_values['team_selection_value'] = 0.1
strategist/Avalon/examples/avalon_func_weiqin.py,578,team,        intermediate_values['team_selection_value2'] = 0.2
strategist/Avalon/examples/avalon_func_weiqin.py,580,"team,phase",    elif phase == 1:  # team approval phase
strategist/Avalon/examples/avalon_func_weiqin.py,581,"role,team,phase",        # Analyze voting patterns based on player roles during team approval phase
strategist/Avalon/examples/avalon_func_weiqin.py,585,role,"        for player, role in enumerate(roles):"
strategist/Avalon/examples/avalon_func_weiqin.py,591,"quest,phase",    elif phase == 2:  # quest phase
strategist/Avalon/examples/avalon_func_weiqin.py,592,"quest,phase",        # Placeholder values for quest phase
strategist/Avalon/examples/avalon_func_weiqin.py,593,"quest,phase",        intermediate_values['quest_phase_value'] = 0.5
strategist/Avalon/examples/avalon_func_weiqin.py,594,"quest,phase",        intermediate_values['quest_phase_value2'] = 0.6
strategist/Avalon/examples/avalon_func_weiqin.py,596,"Assassin,phase",    elif phase == 3:  # assassination phase
strategist/Avalon/examples/avalon_func_weiqin.py,597,"Assassin,phase",        # Placeholder values for assassination phase
strategist/Avalon/examples/avalon_func_weiqin.py,598,Assassin,        intermediate_values['assassination_value'] = 0.7
strategist/Avalon/examples/avalon_func_weiqin.py,599,Assassin,        intermediate_values['assassination_value2'] = 0.8
strategist/Avalon/examples/avalon_func_weiqin.py,617,phase,    phase: int = state['phase']
strategist/Avalon/examples/avalon_func_weiqin.py,619,quest,    quest_leader: int = state['quest_leader']
strategist/Avalon/examples/avalon_func_weiqin.py,620,"team,quest",    quest_team: set[int] = state['quest_team']
strategist/Avalon/examples/avalon_func_weiqin.py,621,quest,    historical_quest_results: list[bool] = state['historical_quest_results']
strategist/Avalon/examples/avalon_func_weiqin.py,622,"team,vote",    historical_team_votes: list[bool] = state['historical_team_votes']
strategist/Avalon/examples/avalon_func_weiqin.py,624,quest,    num_participants_per_quest: list[int] = state['num_participants_per_quest']
strategist/Avalon/examples/avalon_func_weiqin.py,625,"quest,fail",    num_fails_per_quest: list[int] = state['num_fails_per_quest']
strategist/Avalon/examples/avalon_func_weiqin.py,626,role,    roles: list[str] = state['roles']
strategist/Avalon/examples/avalon_func_weiqin.py,634,"team,phase",    if phase == 0:  # Team Selection Phase
strategist/Avalon/examples/avalon_func_weiqin.py,635,phase,        # No voting patterns to consider in this phase
strategist/Avalon/examples/avalon_func_weiqin.py,636,"team,phase",        intermediate_value1 = 'Team_Selection_Phase'
strategist/Avalon/examples/avalon_func_weiqin.py,639,"team,phase",    elif phase == 1:  # Team Approval Phase
strategist/Avalon/examples/avalon_func_weiqin.py,640,"team,phase",        # Analyze voting patterns during team approval phase
strategist/Avalon/examples/avalon_func_weiqin.py,641,"team,vote",        if historical_team_votes:
strategist/Avalon/examples/avalon_func_weiqin.py,642,"team,vote",            num_approve = historical_team_votes.count(True)
strategist/Avalon/examples/avalon_func_weiqin.py,643,"team,vote",            num_reject = historical_team_votes.count(False)
strategist/Avalon/examples/avalon_func_weiqin.py,654,vote,            player_vote_patterns = {player: 0.5 for player in players}
strategist/Avalon/examples/avalon_func_weiqin.py,656,"team,vote","            for idx, vote in enumerate(historical_team_votes):"
strategist/Avalon/examples/avalon_func_weiqin.py,658,vote,                    if vote != (not is_good[player]):
strategist/Avalon/examples/avalon_func_weiqin.py,659,vote,                        player_vote_patterns[player] -= 0.1
strategist/Avalon/examples/avalon_func_weiqin.py,662,vote,            prob_good_victory = sum(player_vote_patterns[player] for player in players if is_good[player]) / num_good
strategist/Avalon/examples/avalon_func_weiqin.py,664,"team,phase",            intermediate_value1 = 'Team_Approval_Phase'
strategist/Avalon/examples/avalon_func_weiqin.py,667,"quest,phase",    elif phase == 2:  # Quest Phase
strategist/Avalon/examples/avalon_func_weiqin.py,668,quest,        # Analyze quest results to improve heuristic
strategist/Avalon/examples/avalon_func_weiqin.py,669,quest,        total_quests = len(historical_quest_results)
strategist/Avalon/examples/avalon_func_weiqin.py,670,quest,        if total_quests == 0:  # Handle division by zero case
strategist/Avalon/examples/avalon_func_weiqin.py,676,quest,            for quest_result in historical_quest_results:
strategist/Avalon/examples/avalon_func_weiqin.py,677,"quest,fail",                if not quest_result:  # Quest failed
strategist/Avalon/examples/avalon_func_weiqin.py,678,"team,quest",                    for player in quest_team:
strategist/Avalon/examples/avalon_func_weiqin.py,687,"quest,phase",            intermediate_value1 = 'Quest_Phase'
strategist/Avalon/examples/avalon_func_weiqin.py,688,quest,            intermediate_value2 = 'Analyzing_quest_results'
strategist/Avalon/examples/avalon_func_weiqin.py,690,"Assassin,phase",    elif phase == 3:  # Assassination Phase
strategist/Avalon/examples/avalon_func_weiqin.py,691,"Merlin,Assassin",        # Example: Determine the probability of Merlin being assassinated
strategist/Avalon/examples/avalon_func_weiqin.py,692,"Merlin,role",        merlin = roles.index('Merlin')
strategist/Avalon/examples/avalon_func_weiqin.py,693,"Merlin,team,quest",        if merlin in quest_team:
strategist/Avalon/examples/avalon_func_weiqin.py,694,"Merlin,Assassin",            prob_merlin_assassinated = 1.0
strategist/Avalon/examples/avalon_func_weiqin.py,696,"Assassin,phase",        intermediate_value1 = 'Assassination_Phase'
strategist/Avalon/examples/avalon_func_weiqin.py,697,Assassin,        intermediate_value2 = 'Analyzing_assassination'
strategist/Avalon/examples/avalon_func_weiqin.py,700,"team,vote","    def update_player_voting_strategies(player_vote_patterns, historical_team_votes, is_good):"
strategist/Avalon/examples/avalon_func_weiqin.py,701,"team,vote","        for idx, vote in enumerate(historical_team_votes):"
strategist/Avalon/examples/avalon_func_weiqin.py,703,vote,                if vote != (not is_good[player]):
strategist/Avalon/examples/avalon_func_weiqin.py,705,vote,                        player_vote_patterns[player] -= 0.1
strategist/Avalon/examples/avalon_func_weiqin.py,707,vote,                        player_vote_patterns[player] += 0.1
strategist/Avalon/examples/avalon_func_weiqin.py,708,vote,        return player_vote_patterns
strategist/Avalon/examples/avalon_func_weiqin.py,710,vote,    player_vote_patterns = {player: 0.5 for player in players}
strategist/Avalon/examples/avalon_func_weiqin.py,711,"team,vote","    player_vote_patterns = update_player_voting_strategies(player_vote_patterns, historical_team_votes, is_good)"
strategist/Avalon/examples/avalon_func_weiqin.py,714,vote,    prob_good_victory = sum(player_vote_patterns[player] for player in players if is_good[player]) / num_good
strategist/Avalon/prompt_generator.py,8,action,    Generates prompts for Avalon action self improvement
strategist/Avalon/prompt_generator.py,16,role,"            hidden_info = f'''- The roles of the players in order are {state.get_roles_in_str_list()} with sides {state.get_is_good()} (True for Good, False for Evil)"
strategist/Avalon/prompt_generator.py,21,phase,        if state.phase == 0:
strategist/Avalon/prompt_generator.py,22,"team,phase",            phase_description = f'''- The current phase of the game is the team selection phase
strategist/Avalon/prompt_generator.py,23,quest,            - The current leader is player {state.quest_leader}
strategist/Avalon/prompt_generator.py,25,phase,        elif state.phase == 1:
strategist/Avalon/prompt_generator.py,26,"team,phase",            phase_description = f'''- The current phase of the game is the team voting phase
strategist/Avalon/prompt_generator.py,27,"team,quest",            - The current leader is player {state.quest_leader} who selected {state.quest_team} as the quest team
strategist/Avalon/prompt_generator.py,29,phase,        elif state.phase == 2:
strategist/Avalon/prompt_generator.py,30,"quest,phase",            phase_description = f'''- The current phase of the game is the quest voting phase
strategist/Avalon/prompt_generator.py,31,"team,vote,quest",            - The team {state.quest_team} was approved with {state.quest_votes.count(True)} votes for and {state.quest_votes.count(False)} votes against
strategist/Avalon/prompt_generator.py,33,phase,        elif state.phase == 3:
strategist/Avalon/prompt_generator.py,34,"Assassin,phase",            phase_description = f'''- The current phase of the game is the assassination phase
strategist/Avalon/prompt_generator.py,35,Assassin,            - The assassin is player {state.get_assassin()}
strategist/Avalon/prompt_generator.py,39,"quest,fail",        - This is the quest number {state.turn} which requires {state.config.num_players_for_quest[state.turn]} players and {state.config.num_fails_for_quest[state.turn]} fails to fail 
strategist/Avalon/prompt_generator.py,40,discussion,        - This is the {state.round} round of discussion
strategist/Avalon/prompt_generator.py,41,"quest,success,fail","        - The previous results for the quest were {state.quest_results} (True for Success, False for Fail)"
strategist/Avalon/prompt_generator.py,42,phase,        ''' + hidden_info + phase_description
strategist/Avalon/prompts.py,2,"role,team","GAME_RULES = """"""The game you are interested in is called The Resistance: Avalon. The Resistance: Avalon is the game of hidden identities and social deduction. There are two teams in the game: Good and Evil. Each player has a hidden identity (role) and side. "
strategist/Avalon/prompts.py,4,"quest,fail","There are five Quests in the game and five turns, one for each quest. Good players aim to help three Quests succeed, while Evil players aim to fail three Quests. Different quests require different numbers of players to participate. "
strategist/Avalon/prompts.py,6,"role,private","At the beginning of the game, each player is assigned a role secretly and randomly. Private information is then revealed to each player. A random player is selected as the leader for the first round."
strategist/Avalon/prompts.py,8,"discussion,team,vote,quest","Each round, after a round of discussion, the leader will select a team of players to participate in the Quest. Then, all players will vote on whether to approve or reject the team publicly. If the team is approved (a strict majority vote to approve), the Quest will be carried out. If the team is not approved, the next player becomes the leader and the next round will start. If four teams are rejected in a row, the fifth team will automatically be approved."
strategist/Avalon/prompts.py,10,"team,vote,quest,fail","If the team is approved, each team-member chooses to pass or fail the Quest anonymously. Usually if there is at least one fail vote, the Quest fails. Otherwise, the Quest succeeds. In either case, we move on to the next turn and the next quest. Note that while the number of votes to fail the Quest is public information, exactly who cast the fail votes is not."
strategist/Avalon/prompts.py,12,role,Below are the roles in the game:
strategist/Avalon/prompts.py,14,"Merlin,Assassin,Servant,quest",Servant of Arthur (Servant): A Good player who does not know who is on the Evil side. Servant's job is to make sure that three Quests succeed and Merlin is not assassinated.
strategist/Avalon/prompts.py,16,"Minion,quest,fail",Minion of Mordred (Minion): An Evil player who knows who is on the Evil side. Minion's job is to fail three Quests without being identified by the Good players.
strategist/Avalon/prompts.py,18,"Merlin,quest",Merlin: A Good player who knows who is on the Evil side. Merlin's job is make sure that three Quests succeed without revealing them-self to Evil players.
strategist/Avalon/prompts.py,20,"Merlin,Assassin,quest,success","Assassin: An Evil player who knows who is on the Evil side. Assassin's job identify and assassinate Merlin. If the Assassin successfully assassinates Merlin, the Evil players win the game immediately, even if three quests succeeded."
strategist/Avalon/prompts.py,22,Merlin,"Hence, Evil players know who is on the Evil side, but Good players (except Merlin) usually do not know who is on the Evil side. "
strategist/Avalon/prompts.py,24,discussion,"Players may make any claims during the game, at any point in the game. Discussion, deception, accusation, persuasion, and logical deduction are all equally important in order for Good to prevail or Evil to rule the day. Hence, players should rarely reveal their true identity to other players. Players will, can, and should lie to achieve their goals. \n"
strategist/Avalon/prompts.py,29,quest,"#     turn: int = state['turn'] # int, the turn we are on in the game (i.e. how many quests have been attempted so far)"
strategist/Avalon/prompts.py,30,"Assassin,team,quest,phase","#     phase: int = state['phase'] # int, the phase of the game we are in (numbered as follows, 0: team selection, 1: team approval, 2: quest phase, 3: assassination)"
strategist/Avalon/prompts.py,31,discussion,"#     round: int = state['round'] # int, how many rounds of discussion have occurred this turn"
strategist/Avalon/prompts.py,32,"team,quest,phase","#     quest_leader: int = state['quest_leader'] # player id, the player who is the leader currently (only relevant in the team selection phase)"
strategist/Avalon/prompts.py,33,"team,quest,phase","#     quest_team: set[int] = state['quest_team'] # set of player ids, the quest team, i.e. players who are on the quest team (only relevant in the team approval phase and quest phase). empty if no team has been proposed yet"
strategist/Avalon/prompts.py,34,"quest,fail","#     historical_quest_results: list[bool] = state['historical_quest_results'] # list of bools, quest results, i.e. whether the previous quests have succeeded or failed, in the order they have occurred. empty if no quests have been attempted yet"
strategist/Avalon/prompts.py,35,"team,vote","#     historical_team_votes: list[bool] = state['historical_team_votes'] # list of bools, the teams votes for the most recent team proposed, empty if no team has been proposed yet"
strategist/Avalon/prompts.py,37,quest,"#     num_participants_per_quest: list[int] = state['num_participants_per_quest'] # list of ints, number of participants required for each quest in order"
strategist/Avalon/prompts.py,38,"quest,fail","#     num_fails_per_quest: list[int] = state['num_fails_per_quest'] # list of ints, number of fails required for each quest to fail in order"
strategist/Avalon/prompts.py,39,"Merlin,Minion,Assassin,Servant,role","#     roles: list[str] = state['roles'] # a list player roles (strings), where each string is the role of the player and one of the following: 'Merlin', 'Minion', 'Servant', 'Assassin', 'Oberon', 'Morgana', 'Percival', 'Mordred'. the first element is the role of player 0, the second element is the role of player 1, etc."
strategist/Avalon/prompts.py,40,role,"#     is_good: list[bool] = state['is_good'] # a list of bools, where the bools indicate whether they are good or not (True for good, False for evil). the first element is the role of player 0, the second element is the role of player 1, etc."
strategist/Avalon/prompts.py,49,"Merlin,Assassin","The second element should be a dictionary of any important intermediate values that you used to calculate the scores. For example, if you calculated the probability of Merlin being assassinated, you could include that in the second element as `intermediate_value['merlin_assassination_probability']`."
strategist/Avalon/prompts.py,51,"Merlin,Assassin,role,team,quest,fail,phase,action","Since Avalon has 4 different phases, with different actions per phase, you should consider each phase separately. Recall that the phases are as follows: 0: team selection, 1: team approval, 2: quest phase, 3: assassination. Note that you are trying to evaluate the state of the game with full information, including the identities of all the players. Also note that at the end of the game either the Good or Evil side will win, so you just need to estimate the expected probability that Good will win"
strategist/Avalon/prompts.py,59,"Assassin,team,quest,phase","    phase: int = state['phase']  # An integer representing the phase of the game: 0 for team selection, 1 for team approval, 2 for quest phase, and 3 for assassination."
strategist/Avalon/prompts.py,60,discussion,    round_number: int = state['round']  # An integer representing the number of rounds of discussion that have occurred this turn.
strategist/Avalon/prompts.py,61,"team,quest,phase",    quest_leader: int = state['quest_leader']  # An integer representing the player who is currently the leader (only relevant in the team selection phase).
strategist/Avalon/prompts.py,62,"team,quest,phase",    quest_team: set[int] = state['quest_team']  # A set of player IDs representing the quest team (only relevant in the team approval and quest phases). Empty if no team has been proposed yet.
strategist/Avalon/prompts.py,63,"quest,success,fail","    historical_quest_results: list[bool] = state['historical_quest_results']  # A list of booleans representing the results of previous quests (True for success, False for failure). Empty if no quests have been attempted yet."
strategist/Avalon/prompts.py,64,"team,vote",    historical_team_votes: list[bool] = state['historical_team_votes']  # A list of booleans representing the votes for the most recent team proposed. Empty if no team has been proposed yet.
strategist/Avalon/prompts.py,66,quest,    num_participants_per_quest: list[int] = state['num_participants_per_quest']  # A list of integers representing the number of participants required for each quest in order.
strategist/Avalon/prompts.py,67,"quest,fail",    num_fails_per_quest: list[int] = state['num_fails_per_quest']  # A list of integers representing the number of fails required for each quest to fail in order.
strategist/Avalon/prompts.py,68,"Merlin,Minion,Assassin,Servant,role","    roles: list[str] = state['roles']  # A list of player roles (strings), with each string being one of the following: 'Merlin', 'Minion', 'Servant', 'Assassin', 'Oberon', 'Morgana', 'Percival', 'Mordred'. The first element represents the role of player 0, the second element represents the role of player 1, and so on."
strategist/Avalon/prompts.py,69,role,"    is_good: list[bool] = state['is_good']  # A list of booleans indicating whether each player is good or evil (True for good, False for evil). The first element represents the role of player 0, the second element represents the role of player 1, and so on."
strategist/Avalon/prompts.py,73,"team,phase",    if phase == 0: # team selection phase
strategist/Avalon/prompts.py,79,"team,phase",    elif phase == 1: # team approval phase
strategist/Avalon/prompts.py,85,"quest,phase",    elif phase == 2: # quest phase
strategist/Avalon/prompts.py,91,"Assassin,phase",    elif phase == 3: # assassination phase
strategist/Avalon/prompts.py,122,"Merlin,Assassin","# The second element should be a dictionary of any important intermediate values that you used to calculate the scores. For example, if you calculated the probability of Merlin being assassinated, you could include that in the second element as `intermediate_value['merlin_assassination_probability']`."
strategist/Avalon/prompts.py,129,quest,"#     turn = state['turn'] # int, the turn we are on in the game (i.e. how many quests have been attempted so far)"
strategist/Avalon/prompts.py,130,"Assassin,team,quest,phase","#     phase = state['phase'] # int, the phase of the game we are in (numbered as follows, 0: team selection, 1: team approval, 2: quest phase, 3: assassination)"
strategist/Avalon/prompts.py,131,discussion,"#     round = state['round'] # int, how many rounds of discussion have occurred this turn"
strategist/Avalon/prompts.py,132,"team,quest,phase","#     quest_leader = state['quest_leader'] # player id, the player who is the leader currently (only relevant in the team selection phase)"
strategist/Avalon/prompts.py,133,"team,quest,phase","#     quest_team = state['quest_team'] # set of player ids, the quest team, i.e. players who are on the quest team (only relevant in the team approval phase and quest phase)"
strategist/Avalon/prompts.py,134,"quest,fail","#     historical_quest_results = state['historical_quest_results'] # list of bools, quest results, i.e. whether the previous quests have succeeded or failed, in the order they have occurred"
strategist/Avalon/prompts.py,135,"team,vote","#     historical_team_votes = state['historical_team_votes'] # list of lists of bools, team votes, i.e. the historical votes on the teams proposed so far"
strategist/Avalon/prompts.py,137,quest,"#     num_participants_per_quest = state['num_participants_per_quest'] # list of ints, number of participants required for each quest in order"
strategist/Avalon/prompts.py,138,"quest,fail","#     num_fails_per_quest = state['num_fails_per_quest'] # list of ints, number of fails required for each quest to fail in order"
strategist/Avalon/prompts.py,139,"Merlin,Minion,Assassin,Servant,role","#     roles = state['roles'] # a dictionary of player ids to strings, where each string is the role of the player and one of the following: 'Merlin', 'Minion', 'Servant', 'Assassin', 'Oberon', 'Morgana', 'Percival', 'Mordred'"
strategist/Avalon/prompts.py,156,quest,# state['turn']: the turn we are on in the game (i.e. how many quests have been attempted so far)
strategist/Avalon/prompts.py,157,"Assassin,team,quest,phase","# state['phase']: the phase of the game we are in (numbered as follows, 0: team selection, 1: team approval, 2: quest phase, 3: assassination)"
strategist/Avalon/prompts.py,158,discussion,# state['round']: how many rounds of discussion have occurred this turn
strategist/Avalon/prompts.py,159,"team,quest,phase",# state['quest_leader']: the player who is the leader currently (only relevant in the team selection phase)
strategist/Avalon/prompts.py,160,"team,quest,phase","# state['quest_team']: the quest team, i.e. players who are on the quest team (only relevant in the team approval phase and quest phase)"
strategist/Avalon/prompts.py,161,"quest,fail","# state['historical_quest_results']: quest results, i.e. whether the previous quests have succeeded or failed "
strategist/Avalon/prompts.py,162,"team,vote","# state['historical_team_votes']: team votes, i.e. the historical votes on the teams proposed so far"
strategist/Avalon/prompts.py,164,quest,# state['num_participants_per_quest']: number of participants required for each quest
strategist/Avalon/prompts.py,165,"quest,fail",# state['num_fails_per_quest']: number of fails required for each quest to fail
strategist/Avalon/prompts.py,166,"Merlin,Minion,Assassin,Servant,role","# state['roles']: a dictionary of player names to roles, where the role is one of the following: 'Merlin', 'Minion', 'Servant', 'Assassin', 'Oberon', 'Morgana', 'Percival', 'Mordred'"
strategist/Avalon/prompts.py,182,phase,#     phase = state['phase'] # int
strategist/Avalon/prompts.py,184,quest,"#     quest_leader = state['quest_leader'] # player id, usually int"
strategist/Avalon/prompts.py,185,"team,quest",#     quest_team = state['quest_team'] # set of player ids
strategist/Avalon/prompts.py,186,quest,#     historical_quest_results = state['historical_quest_results'] # list of bools
strategist/Avalon/prompts.py,187,"team,vote",#     historical_team_votes = state['historical_team_votes'] # list 
strategist/Avalon/prompts.py,189,quest,#     num_participants_per_quest = state['num_participants_per_quest'] # list of ints
strategist/Avalon/prompts.py,190,"quest,fail",#     num_fails_per_quest = state['num_fails_per_quest'] # list of ints
strategist/Avalon/prompts.py,204,Merlin,"    'Merlin': [""""""Tutorial on strategies:"
strategist/Avalon/prompts.py,206,"Merlin,role","As you are playing the role of Merlin in this game, here are some aspects you can consider when formulating strategies for making decisions."
strategist/Avalon/prompts.py,208,Merlin,"1. Identity Declaration: Never reveal your true identity, as once players from the Evil side discover that you are Merlin, "
strategist/Avalon/prompts.py,209,Assassin,the Assassin can assassinate you and you will immediately lose the game.
strategist/Avalon/prompts.py,211,"Minion,team","2. Accusation: Exercise caution when accusing players from the Evil side. Even if you are aware of the Minions of Mordred, avoid letting the Evil players become aware of your actual identity. Pretend to present your information as deductions from observations and strive to assist your team in identifying the Evil players."
strategist/Avalon/prompts.py,213,Merlin,"3. Defense: When other players accuse you of being Merlin, try to defend yourself."""""","
strategist/Avalon/prompts.py,215,Minion,"    'Minion': [""""""Tutorial on strategies:"
strategist/Avalon/prompts.py,217,"Minion,role","As you are playing the role of Minion of Modred in this game, here are some aspects you can consider when formulating strategies for making decisions."
strategist/Avalon/prompts.py,226,Servant,"    'Servant': [""""""Tutorial on strategies:"
strategist/Avalon/prompts.py,228,"Servant,role","As you are playing the role of Servant in this game, here are some aspects you can consider when formulating strategies for making decisions."
strategist/Avalon/prompts.py,230,"Merlin,Servant,team,mission","1. Identity Declaration: You can choose to reveal your true identity to inform players on the Good side. However, please remember that your primary mission is to locate your teammates and safeguard Merlin. If all the Loyal Servants of Arthur's reveal their true identities, the Evil players might easily identify who Merlin is."
strategist/Avalon/prompts.py,234,Merlin,"3. Defense: When accused, you can pretend to be Merlin."
strategist/Avalon/prompts.py,237,Assassin,"    'Assassin': [""""""Tutorial on strategies:"
strategist/Avalon/prompts.py,239,"Assassin,role","As you are playing the role of Assassin in this game, here are some aspects you can consider when formulating strategies for making decisions."
strategist/Avalon/prompts.py,253,Merlin,"    ""Merlin"": ["
strategist/Avalon/prompts.py,255,Minion,"        # ""Players {} are Minions of Modred."""
strategist/Avalon/prompts.py,258,Minion,"    ""Minion"": ["
strategist/Avalon/prompts.py,259,Assassin,"        ""Player {} is Assassin. Players {} are Good."","
strategist/Avalon/prompts.py,263,Assassin,"    ""Assassin"": ["
strategist/Avalon/prompts.py,264,Minion,"        ""Player {} is Minion. Players {} are Good."","
strategist/Avalon/prompts.py,267,Merlin,"    # ""Percival"": ""Player {} is Merlin and player {} is Morgan."""
strategist/Avalon/prompts.py,270,"team,vote","CHECK_VOTE_ON_TEAM_PROMPT = """"""Based on the information, does the player approve the team? Please answer with the following template:"
strategist/Avalon/prompts.py,275,"vote,quest","CHECK_VOTE_ON_QUEST_PROMPT = """"""Based on the information, does the player support the quest? Please answer with the following template:"
strategist/Avalon/prompts.py,280,team,"CHECK_CHOOSE_TEAM_PROMPT = """"""Based on the information, what team does the player choose? Please answer with the following template:"
strategist/Avalon/prompts.py,285,Assassin,"CHECK_ASSASSINATE_PROMPT = """"""Based on the information, which player will be assassinated? Please answer with the following template:"
strategist/Avalon/prompts.py,296,"step,action","COTHOUGHT_PROMPT = """"""Please forget you are an AI. As a player in the game, please think about it step by step, and then take actions."""""""
strategist/Avalon/prompts.py,298,action,# Action Prompts
strategist/Avalon/prompts.py,299,team,"CHOOSE_TEAM_LEADER = """"""You are the leader this round. Please make some statements about what team you want to propose."
strategist/Avalon/prompts.py,302,"team,action","CHOOSE_TEAM_ACTION = """"""Please choose {} players from player ids 0 to {} as team members."
strategist/Avalon/prompts.py,305,"discussion,team,vote,phase","VOTE_TEAM_DISCUSSION = """"""Discussion Phase. Please discuss your thoughts on the team {} and what players should do in the current situation."
strategist/Avalon/prompts.py,308,"team,vote,action","VOTE_TEAM_ACTION = """"""You're a player in this game. Do you approve the team {}? Please answer `Yes` or `No`."
strategist/Avalon/prompts.py,311,"team,vote,mission,action","VOTE_MISSION_ACTION = """"""The team {} was approved, which includes you. Do you want to help the mission succeed? Please answer `Yes` or `No`."
strategist/Avalon/prompts.py,314,"Merlin,Assassin,phase","ASSASSINATION_PHASE = """"""Assassination phase. Your job is to assassinate Merlin. \"
strategist/Avalon/prompts.py,315,Assassin,Choose a player (id) to assassinate. Choose the player id from 0 to {}.
strategist/Avalon/prompts.py,321,"Merlin,Minion,Assassin,Servant,role","INFO_ROLE = """"""""In the current game, there are {} players, including Player 0, Player 1, Player 2, Player 3, and Player 4. {} players are good, including {} Merlin, and {} Servant(s). {} players are evil, including 1 Assassin, and {} Minion."""
strategist/Avalon/prompts.py,324,role,"INFO_YOUR_ROLE = """"""You are {}, with identity {}. You are on the side of {}. Please do not forget your identity throughout the game."
strategist/GOPS/baseline_models_GOPS.py,61,action,"    # simultaneous_actions: tuple[tuple[int, int], ...]"
strategist/GOPS/baseline_models_GOPS.py,145,action,"    def _transition(self, state: GOPSState, action: int) ->tuple[GOPSState, dict[int, float]]:"
strategist/GOPS/baseline_models_GOPS.py,150,action,"            raise ValueError('Terminal state, no actions should be taken')"
strategist/GOPS/baseline_models_GOPS.py,152,action,            # make sure the action is in the prize deck
strategist/GOPS/baseline_models_GOPS.py,153,action,            assert action in state.get_prize_deck()
strategist/GOPS/baseline_models_GOPS.py,154,action,            # append the action to the prize cards
strategist/GOPS/baseline_models_GOPS.py,156,action,            played_prize_cards.append(action)
strategist/GOPS/baseline_models_GOPS.py,163,action,            # make sure the action is in the acting player's hand
strategist/GOPS/baseline_models_GOPS.py,164,action,            assert action in state.get_player_0_hand() if acting_player == 0 else action in state.get_player_1_hand()
strategist/GOPS/baseline_models_GOPS.py,165,action,            # append the action to the acting player's played cards
strategist/GOPS/baseline_models_GOPS.py,170,action,                player_0_played_cards.append(action)
strategist/GOPS/baseline_models_GOPS.py,174,action,                player_1_played_cards.append(action)
strategist/GOPS/baseline_models_GOPS.py,200,action,class GOPSActorActionEnumerator(ActorActionEnumerator):
strategist/GOPS/baseline_models_GOPS.py,218,action,    def parse_str_to_action(action_str: str) -> int:
strategist/GOPS/baseline_models_GOPS.py,219,action,        return int(action_str)
strategist/GOPS/baseline_models_GOPS.py,295,success,                # print('successfully passed test')
strategist/GOPS/examples/abstract_list3.py,62,action,"- The value of a state can be dynamic and change as the game progresses, depending on the actions taken by each player."
strategist/GOPS/prompt_generator.py,8,action,    Generates prompts for GOPS action self improvement 
strategist/GOPS/prompts.py,20,action,FORWARD_ENUMERATOR_PROMPT = '''Recall the rules of the game and enumerate the possible next states of the game that we could be in given the current state and action taken. Write down your thoughts and output the list of states
strategist/GOPS/prompts.py,27,action,"FORWARD_PREDICTOR_PROMPT = b'''Given the current state and action taken, for each of the next states, what is the probability of being in that state? Write down your thoughts and output the dict of probabilities"
strategist/GOPS/prompts.py,216,action,OPPONENT_ACTION_ENUMERATOR_PROMPT = '''Recall the rules of the game and enumerate the possible actions that the opponent could take currently. Write down your thoughts and output the list of actions.
strategist/GOPS/prompts.py,221,action,Actions:
strategist/GOPS/prompts.py,222,action,"list of actions here, which should be a python list of card numbers, for example: [1, 2, 3]'''"
strategist/GOPS/prompts.py,223,action,"OPPONENT_ACTION_PREDICTOR_PROMPT_bytes = b'''Given the current situation and what the opponent is trying to achieve, what is the probability of the opponent taking each action? Write down your thoughts and output the dict of probabilities"
strategist/GOPS/prompts.py,229,action,"gather your thoughts in a python dict, for example: {action1: prob1, action2: prob2, action3: prob3}'''"
strategist/GOPS/prompts.py,231,action,OPPONENT_ACTION_PREDICTOR_PROMPT = OPPONENT_ACTION_PREDICTOR_PROMPT_bytes.decode('utf-8')
strategist/GOPS/prompts.py,233,action,ACTION_ENUMERATOR_PROMPT = '''Recall the rules of the game and enumerate the possible actions that we could take currently. Write down your thoughts and output the list of actions.
strategist/GOPS/prompts.py,238,action,Actions:
strategist/GOPS/prompts.py,239,action,"list of actions here, which should be a python list of card numbers, for example: [1, 2, 3]'''"
strategist/GOPS/prompts.py,253,action,"VERBALIZED_OPACTION_PREDICTOR = """"""Here is a candidate state of the game, please analyze the chances of the opponent taking given actions with this state, then at the last line conclude \""Thus the probabilities of the actions of the opponent is {{s}}\"", where s is a dictionary {{action1: prob1, ...}}."
strategist/GOPS/prompts.py,259,action,Possible Opponent Actions: {opponent_actions}
strategist/GOPS/prompts.py,291,action,"It should return 2 elements. The first element is a dictionary mapping players to their optimal actions. For example, if you think player 0 should play card 1 and player 1 should play card 2, the function should return {{0: 1, 1: 2}}. The second element is a dictionary of intermediate values that you used to calculate the optimal actions. For example, if you used the value of the state to calculate the optimal actions, you should return {{'value': value}}."
strategist/GOPS/prompts.py,311,action,"    return {<player1>: <player1_optimal_action>, <player2>: <player2_optimal_action>}, {'<intermediate_value1>': intermediate_value1, '<intermediate_value2>': intermediate_value2, ...}"
strategist/GOPS/value_heuristic_evaluators.py,5,action,"from strategist.searchlight.headers import ActionEnumerator, ActorEnumerator, ForwardTransitor2"
strategist/GOPS/value_heuristic_evaluators.py,6,action,"from strategist.searchlightimprove.evaluators import ActionEnumerator, ActorEnumerator, ForwardTransitor2"
strategist/GOPS/value_heuristic_evaluators.py,38,action,        action_enumerator = GOPSActionEnumerator()
strategist/GOPS/value_heuristic_evaluators.py,41,action,"        self.value_heuristic = RandomRolloutValueHeuristic(actor_enumerator, action_enumerator,"
strategist/GOPS/value_heuristic_evaluators.py,90,action,#         self.action_enumerator = GOPSActionEnumerator()
strategist/GOPS/value_heuristic_evaluators.py,91,action,#         self.action_predictor = PolicyPredictor()
strategist/GOPS/value_heuristic_evaluators.py,158,action,"#         initial_inferencers = [GOPSInitialInferencer2(self.transitor, self.action_enumerator, self.action_predictor, self.actor_enumerator, value_heuristic) for value_heuristic in value_heuristics]"
strategist/GOPS/value_heuristic_evaluators.py,173,action,"#         value_heuristics = [RandomRolloutValueHeuristic(self.actor_enumerator, self.action_enumerator, self.transitor, num_rollouts=self.random_rollout_num_rollouts, rng=self.random_agent.rng) for _ in range(num_agents)]"
strategist/GOPS/value_heuristic_evaluators.py,175,action,"#         initial_inferencers = [GOPSInitialInferencer2(self.transitor, self.action_enumerator, self.action_predictor, self.actor_enumerator, value_heuristic) for value_heuristic in value_heuristics]"
strategist/dialogue_improve/action_planner.py,21,action,class AvalonActionPlannerAgent(MuteMCTSAgent):
strategist/dialogue_improve/action_planner.py,24,role,"    role_to_dialogue_guide: dict[int, str]"
strategist/dialogue_improve/action_planner.py,26,role,"    def __init__(self, config: AvalonBasicConfig, llm_model: LLMModel, player: int, value_heuristic: ValueHeuristic, role_to_dialogue_guide: dict[int, str], num_rollout: int = 100, node_budget: int = 100, rng: np.random.Generator = np.random.default_rng()):"
strategist/dialogue_improve/action_planner.py,38,action,"        actor_action_enumerator = AvalonActorActionEnumerator(avalon_env=env, default_player_order=tuple(default_player_order))"
strategist/dialogue_improve/action_planner.py,46,role,        self.dialogue_gudies = role_to_dialogue_guide
strategist/dialogue_improve/action_planner.py,49,Merlin,"        information_prior = AvalonInformationPrior(config=config, belief_p_is_merlin=self.dialogue_discriminator.get_p_is_merlin(), belief_p_is_good=self.dialogue_discriminator.get_p_is_good(),)"
strategist/dialogue_improve/action_planner.py,53,action,"        super(). __init__(players=players, player=player, forward_transitor=forward_transitor, actor_action_enumerator=actor_action_enumerator, value_heuristic=value_heuristic, policy_predictor=policy_predictor, information_function=information_function, information_prior=information_prior, num_rollout=num_rollout, node_budget=node_budget, rng=rng)"
strategist/dialogue_improve/action_planner.py,60,role,        if not self.dialogue_discriminator.check_role_equivalent(state.self_role):
strategist/dialogue_improve/action_planner.py,61,role,            # reset the dialogue discriminator if the role is not equivalent
strategist/dialogue_improve/action_planner.py,62,role,"            self.dialogue_discriminator.reset(known_sides=state.known_sides, player_role=state.self_role)"
strategist/dialogue_improve/action_planner.py,75,Merlin,"        self.information_prior = AvalonInformationPrior(config=self.config, belief_p_is_merlin=self.dialogue_discriminator.get_p_is_merlin(), belief_p_is_good=self.dialogue_discriminator.get_p_is_good(),)# TODO: we need to update the information prior here"
strategist/dialogue_improve/action_planner.py,97,action,        # query action planner for intended action
strategist/dialogue_improve/action_planner.py,98,action,"        # actor, actions = self.actor_action_enumerator.enumerate(state)"
strategist/dialogue_improve/action_planner.py,99,action,"        intended_action = self._act(state, actions=set([""not yet decided""])) # NOTE: we might need to change this to actions"
strategist/dialogue_improve/action_planner.py,100,role,        tips = self.dialogue_gudies[state.self_role]
strategist/dialogue_improve/action_planner.py,102,"phase,action","        response, notes = self.dialogue_generator.generate_dialogue(history=full_description, phase=state.phase, intended_action=intended_action, tips=tips)"
strategist/dialogue_improve/action_planner.py,105,action,class MuteDeafAvalonActionPlannerAgent(MuteMCTSAgent):
strategist/dialogue_improve/action_planner.py,108,role,"    role_to_dialogue_guide: dict[int, str]"
strategist/dialogue_improve/action_planner.py,110,role,"    def __init__(self, config: AvalonBasicConfig, llm_model: LLMModel, player: int, value_heuristic: ValueHeuristic, role_to_dialogue_guide: dict[int, str], num_rollout: int = 100, node_budget: int = 100, rng: np.random.Generator = np.random.default_rng()):"
strategist/dialogue_improve/action_planner.py,121,action,"        actor_action_enumerator = AvalonActorActionEnumerator(avalon_env=env, default_player_order=tuple(default_player_order))"
strategist/dialogue_improve/action_planner.py,129,role,        self.dialogue_gudies = role_to_dialogue_guide
strategist/dialogue_improve/action_planner.py,132,Merlin,"        information_prior = AvalonInformationPrior(config=config, belief_p_is_merlin=self.dialogue_discriminator.get_p_is_merlin(), belief_p_is_good=self.dialogue_discriminator.get_p_is_good(),)"
strategist/dialogue_improve/action_planner.py,136,action,"        super(). __init__(players=players, player=player, forward_transitor=forward_transitor, actor_action_enumerator=actor_action_enumerator, value_heuristic=value_heuristic, policy_predictor=policy_predictor, information_function=information_function, information_prior=information_prior, num_rollout=num_rollout, node_budget=node_budget, rng=rng)"
strategist/dialogue_improve/action_planner.py,164,action,        # query action planner for intended action
strategist/dialogue_improve/action_planner.py,165,action,"        # actor, actions = self.actor_action_enumerator.enumerate(state)"
strategist/dialogue_improve/action_planner.py,166,action,"        intended_action = self._act(state, actions=set([""not yet decided""])) # NOTE: we might need to change this to actions"
strategist/dialogue_improve/action_planner.py,167,role,        tips = self.dialogue_gudies[state.self_role]
strategist/dialogue_improve/action_planner.py,169,"phase,action","        response, notes = self.dialogue_generator.generate_dialogue(history=full_description, phase=state.phase, intended_action=intended_action, tips=tips)"
strategist/dialogue_improve/action_planner.py,172,action,# class BaselineAvalonActionPlannerAgent(MuteDeafAvalonActionPlannerAgent):
strategist/dialogue_improve/action_planner.py,176,role,"#     def __init__(self, config: AvalonBasicConfig, llm_model: LLMModel, player: int, value_heuristic: ValueHeuristic, role_to_dialogue_guide: dict[int, str], num_rollout: int = 100, node_budget: int = 100, rng: np.random.Generator = np.random.default_rng()):"
strategist/dialogue_improve/action_planner.py,177,role,"#         super().__init__(config=config, llm_model=llm_model, player=player, value_heuristic=value_heuristic, role_to_dialogue_guide=role_to_dialogue_guide, num_rollout=num_rollout, node_budget=node_budget, rng=rng)"
strategist/dialogue_improve/action_planner.py,181,action,#         action_enumerator = AvalonActionEnumerator(env)
strategist/dialogue_improve/action_planner.py,187,action,"#         initial_inferencer = PackageInitialInferencer(forward_transitor, action_enumerator, "
strategist/dialogue_improve/action_planner.py,197,action,"    # def _act(self, state: AvalonState, actions):"
strategist/dialogue_improve/action_planner.py,200,Merlin,    #     belief_p_is_merlin = self.dialogue_discriminator.get_p_is_merlin()
strategist/dialogue_improve/action_planner.py,201,"role,team,vote,quest,phase","    #     (quest_leader, phase, turn, round, done, quest_team, team_votes, quest_results, known_sides, self_role) = state.get_information_set(self.player)"
strategist/dialogue_improve/action_planner.py,203,role,"    #     # note that since our dialogue discriminator is initialized with the known sides and a role, we need to assert that the known sides and the role are the same as the ones in the state"
strategist/dialogue_improve/action_planner.py,207,role,"    #     # self.logger.info(f""Self role: {self_role}"")"
strategist/dialogue_improve/action_planner.py,208,role,"    #     # self.logger.info(f""Self.role: {self.role}"")"
strategist/dialogue_improve/action_planner.py,210,role,"    #     # print(""Self.role: "", self.role)"
strategist/dialogue_improve/action_planner.py,212,role,    #     self.role = self_role
strategist/dialogue_improve/action_planner.py,214,role,    #     # assert self_role == self.role
strategist/dialogue_improve/action_planner.py,220,"Merlin,role","    #         sampled_roles = self.sample_roles(belief_p_is_good, belief_p_is_merlin)"
strategist/dialogue_improve/action_planner.py,221,"vote,quest,success,fail","    #         # NOTE: quest votes is hidden information. given such, we will simply assume that good players always vote success and evil players always vote fail"
strategist/dialogue_improve/action_planner.py,222,"team,vote,quest","    #         # hence, gather the votes for the players on the quest team"
strategist/dialogue_improve/action_planner.py,223,"role,team,vote,quest",    #         quest_votes = tuple([AvalonBasicConfig.ROLES_TO_IS_GOOD[sampled_roles[player]] for player in quest_team])
strategist/dialogue_improve/action_planner.py,225,role,    #         # we need to create a state from the sampled roles
strategist/dialogue_improve/action_planner.py,226,"role,team,vote,quest,phase","    #         # new_state = AvalonState.init_from_state_tuple(config=self.config, roles=sampled_roles, quest_leader=quest_leader, phase=phase, turn=turn, round=round, done=done, quest_team=quest_team, team_votes=team_votes, quest_votes=quest_votes, quest_results=quest_results, good_victory=False)"
strategist/dialogue_improve/action_planner.py,231,action,    #     # we need to get the best action from the agent
strategist/dialogue_improve/action_planner.py,232,action,"    #     # legal_actions = self.action_enumerator.enumerate(state, actor=self.player)"
strategist/dialogue_improve/action_planner.py,234,action,"    #     return self.search.get_best_action(self.graph, state, self.player)"
strategist/dialogue_improve/action_planner.py,237,"Merlin,role","    # def sample_roles(self, belief_p_is_good, belief_p_is_merlin,) -> tuple[int, ...]:"
strategist/dialogue_improve/action_planner.py,238,Merlin,    #     # assert that both belief_p_is_good and belief_p_is_merlin are of the correct length
strategist/dialogue_improve/action_planner.py,240,Merlin,    #     assert len(belief_p_is_merlin) == self.config.num_players
strategist/dialogue_improve/action_planner.py,242,Merlin,    #     # assert that belief_p_is_merlin is a probability vector
strategist/dialogue_improve/action_planner.py,243,Merlin,    #     assert np.all(belief_p_is_merlin >= 0)
strategist/dialogue_improve/action_planner.py,244,Merlin,    #     assert np.all(belief_p_is_merlin <= 1)
strategist/dialogue_improve/action_planner.py,245,Merlin,"    #     assert np.isclose(np.sum(belief_p_is_merlin), 1)"
strategist/dialogue_improve/action_planner.py,251,Servant,    #     # if the player is a servant we need to sample the possible sides first
strategist/dialogue_improve/action_planner.py,252,"Servant,role",    #     if self.role == 5: # servant
strategist/dialogue_improve/action_planner.py,266,role,    #     # next sample from the possible roles. recall that the player's role is known. We need to assign good roles to the good players and evil roles to the evil players
strategist/dialogue_improve/action_planner.py,268,role,    #     # initialize the roles vector to all 5s
strategist/dialogue_improve/action_planner.py,269,role,"    #     roles = np.ones(self.config.num_players, dtype=int) * 5"
strategist/dialogue_improve/action_planner.py,271,role,    #     if self.role == 0:
strategist/dialogue_improve/action_planner.py,272,"Merlin,role",    #         # Set the player's role to Merlin
strategist/dialogue_improve/action_planner.py,273,role,    #         roles[self.player] = 0
strategist/dialogue_improve/action_planner.py,275,"Merlin,role",    #         # Set a random good role to Merlin according to the belief
strategist/dialogue_improve/action_planner.py,276,Merlin,"    #         p_is_merlin = np.where(is_good, belief_p_is_merlin, 0)"
strategist/dialogue_improve/action_planner.py,277,Merlin,    #         p_is_merlin[self.player] = 0  # Player cannot be Merlin if they are not already
strategist/dialogue_improve/action_planner.py,280,Merlin,    #         p_is_merlin /= np.sum(p_is_merlin)
strategist/dialogue_improve/action_planner.py,283,Merlin,"    #         merlin = self.rng.choice(self.config.num_players, p=p_is_merlin)"
strategist/dialogue_improve/action_planner.py,284,"Merlin,role",    #         roles[merlin] = 0
strategist/dialogue_improve/action_planner.py,287,Minion,    #     # Set all is_good == 0 to Minion (6)
strategist/dialogue_improve/action_planner.py,288,role,    #     roles[is_good == 0] = 6
strategist/dialogue_improve/action_planner.py,289,Assassin,    #     # Choose random evil player to be the Assassin (7) uniformly
strategist/dialogue_improve/action_planner.py,290,role,    #     evil_players = np.where(roles == 6)[0]
strategist/dialogue_improve/action_planner.py,291,Assassin,    #     assassin = self.rng.choice(evil_players)
strategist/dialogue_improve/action_planner.py,292,"Assassin,role",    #     roles[assassin] = 7
strategist/dialogue_improve/action_planner.py,294,role,    #     return tuple(roles)
strategist/dialogue_improve/avalon_bench_interface.py,1,discussion,from AvalonBench import LLMAgentWithDiscussion # this part is not correct yet
strategist/dialogue_improve/avalon_bench_interface.py,3,action,from .action_planner import ActionPlanner
strategist/dialogue_improve/avalon_bench_interface.py,9,discussion,class SearchlightLLMAgentWithDiscussion(LLMAgentWithDiscussion):
strategist/dialogue_improve/avalon_bench_interface.py,10,role,"    def __init__(self, name: str, num_players: int, id: int, role: int, role_name: str, config:AvalonBasicConfig, session: AvalonSessionWrapper=None, side=None, seed=None, func_str=None, **kwargs):"
strategist/dialogue_improve/avalon_bench_interface.py,11,action,        # we want to keep track of the current game state here somehow. this should include both the current action history and dialogue history (or summary of dialogue history)
strategist/dialogue_improve/avalon_bench_interface.py,13,action,        # and some action intent prediction module to predict the action intent of the agent
strategist/dialogue_improve/avalon_bench_interface.py,18,role,"            role=role,"
strategist/dialogue_improve/avalon_bench_interface.py,19,role,"            role_name=role_name,"
strategist/dialogue_improve/avalon_bench_interface.py,26,private,"        private_information = """""
strategist/dialogue_improve/avalon_bench_interface.py,27,action,        self.action_planner = ActionPlanner(
strategist/dialogue_improve/avalon_bench_interface.py,31,role,"            player_role=self.role,"
strategist/dialogue_improve/avalon_bench_interface.py,39,private,            private_information=private_information
strategist/dialogue_improve/avalon_bench_interface.py,46,role,"            player_role=self.role,"
strategist/dialogue_improve/avalon_bench_interface.py,47,private,            private_information=private_information
strategist/dialogue_improve/avalon_bench_interface.py,50,"discussion,team,mission","    async def team_discussion(self, team_size, team_leader_id, mission_id):"
strategist/dialogue_improve/avalon_bench_interface.py,52,"discussion,team",        Team discussion
strategist/dialogue_improve/avalon_bench_interface.py,56,"team,mission","    async def propose_team(self, env, team_size, mission_id):"
strategist/dialogue_improve/avalon_bench_interface.py,58,team,        Propose Team
strategist/dialogue_improve/avalon_bench_interface.py,60,action,        return self.get_action_intent(env)
strategist/dialogue_improve/avalon_bench_interface.py,62,"team,vote,mission","    async def vote_on_team(self, team, mission_id):"
strategist/dialogue_improve/avalon_bench_interface.py,64,"team,vote",        Vote on team
strategist/dialogue_improve/avalon_bench_interface.py,66,action,        return self.get_action_intent(env)
strategist/dialogue_improve/avalon_bench_interface.py,74,action,"    def get_action_intent(self, env):"
strategist/dialogue_improve/avalon_bench_interface.py,76,action,        Returns the action intent of the agent
strategist/dialogue_improve/avalon_bench_interface.py,80,Merlin,        belief_p_is_merlin = self.dialogue_discriminator.get_p_is_merlin()
strategist/dialogue_improve/avalon_bench_interface.py,81,action,        action = self.action_planner.get_intent(
strategist/dialogue_improve/avalon_bench_interface.py,83,Merlin,"            belief_p_is_merlin=belief_p_is_merlin,"
strategist/dialogue_improve/avalon_bench_interface.py,84,quest,"            quest_leader=state.quest_leader,"
strategist/dialogue_improve/avalon_bench_interface.py,85,phase,"            phase=state.phase,"
strategist/dialogue_improve/avalon_bench_interface.py,89,"team,quest","            quest_team=state.quest_team,"
strategist/dialogue_improve/avalon_bench_interface.py,90,"team,vote","            team_votes=state.team_votes,"
strategist/dialogue_improve/avalon_bench_interface.py,91,"vote,quest","            quest_votes=state.quest_votes,"
strategist/dialogue_improve/avalon_bench_interface.py,92,quest,"            quest_results=state.quest_results,"
strategist/dialogue_improve/avalon_bench_interface.py,95,action,        return action
strategist/dialogue_improve/data_loader.py,20,discussion,        - discussion_history_summary: string containing the history of the discussion for each agent
strategist/dialogue_improve/data_loader.py,22,action,        - intended_actions: list of intended actions of each agent (or final action)
strategist/dialogue_improve/data_loader.py,23,private,        - private_informations: list of private information strings for each agent
strategist/dialogue_improve/data_loader.py,24,role,        - roles: list[int] of roles for each player
strategist/dialogue_improve/data_loader.py,25,quest,        - dialogue: list[str] of the dialogues generated by each agent starting from the quest leader in order
strategist/dialogue_improve/data_loader.py,49,"role,private,discussion,action","        discussion_history_summary, state_info, intended_actions, private_informations, roles, dialogue, speaking_order = data_point"
strategist/dialogue_improve/data_loader.py,51,discussion,"            'discussion_history_summary': discussion_history_summary,"
strategist/dialogue_improve/data_loader.py,53,action,"            'intended_actions': intended_actions,"
strategist/dialogue_improve/data_loader.py,54,private,"            'private_informations': private_informations,"
strategist/dialogue_improve/data_loader.py,55,role,"            'roles': roles,"
strategist/dialogue_improve/data_loader.py,62,discussion,"            serializable_data['discussion_history_summary'],"
strategist/dialogue_improve/data_loader.py,64,action,"            serializable_data['intended_actions'],"
strategist/dialogue_improve/data_loader.py,65,private,"            serializable_data['private_informations'],"
strategist/dialogue_improve/data_loader.py,66,role,"            serializable_data['roles'],"
strategist/dialogue_improve/data_loader.py,81,discussion,"                       discussion_history_summary: list[str], "
strategist/dialogue_improve/data_loader.py,83,action,"                       intended_actions: list[Any], "
strategist/dialogue_improve/data_loader.py,84,private,"                       private_informations: list[str], "
strategist/dialogue_improve/data_loader.py,85,role,"                       roles: list[int], "
strategist/dialogue_improve/data_loader.py,88,discussion,"        data_point = (discussion_history_summary, "
strategist/dialogue_improve/data_loader.py,90,action,"                      intended_actions, "
strategist/dialogue_improve/data_loader.py,91,private,"                      private_informations, "
strategist/dialogue_improve/data_loader.py,92,role,"                      roles, "
strategist/dialogue_improve/data_loader.py,103,"role,team,vote,quest,phase","        num_players, quest_leader, phase, turn, round, done, good_victory, quest_team, team_votes, quest_votes, quest_results, roles = state_tuple"
strategist/dialogue_improve/data_loader.py,105,"team,vote,quest,phase","        return tuple([quest_leader, phase, turn, round, quest_team, team_votes, quest_results,])"
strategist/dialogue_improve/dialogue_discrimination.py,11,discussion,    Class for dialogue discrimination. Dialogue discrimination is the process of converting the dialogue from the previous round and summary of discussions from rounds before that into a better representation (i.e. numerical beliefs). The dialogue discriminator is used to update the beliefs of the agent based on the input string.
strategist/dialogue_improve/dialogue_discrimination.py,23,role,            player_role: role of the player
strategist/dialogue_improve/dialogue_discrimination.py,24,private,            private_information: the private information string given to the player
strategist/dialogue_improve/dialogue_discrimination.py,33,role,        self.player_role = None
strategist/dialogue_improve/dialogue_discrimination.py,35,Merlin,        self.logits_is_merlin = np.zeros(len(players))
strategist/dialogue_improve/dialogue_discrimination.py,36,role,"        # self.reset(known_sides, player_role, )"
strategist/dialogue_improve/dialogue_discrimination.py,38,role,"    def reset(self, known_sides: tuple[int, ...], player_role: int, ):"
strategist/dialogue_improve/dialogue_discrimination.py,39,Merlin,        # we will keep track of logits for each player being good and merlin instead of the probabilities themselves
strategist/dialogue_improve/dialogue_discrimination.py,41,Merlin,        self.logits_is_merlin = np.zeros(len(known_sides))
strategist/dialogue_improve/dialogue_discrimination.py,43,"Servant,role",        if player_role == 5: # servant
strategist/dialogue_improve/dialogue_discrimination.py,56,role,        if player_role == 0:
strategist/dialogue_improve/dialogue_discrimination.py,57,Merlin,            self.logits_is_merlin[self.player] = np.inf
strategist/dialogue_improve/dialogue_discrimination.py,59,Merlin,            # set self.logits_is_merlin to -inf if player is known to be evil (known_side == 0) in known_sides. otherwise set it to 0
strategist/dialogue_improve/dialogue_discrimination.py,60,Merlin,            self.logits_is_merlin[known_sides == 0] = -np.inf
strategist/dialogue_improve/dialogue_discrimination.py,61,Merlin,"            # self.logger.info(f""Player: {player}, logit: {self.logits_is_merlin}"")"
strategist/dialogue_improve/dialogue_discrimination.py,64,role,        self.player_role = player_role
strategist/dialogue_improve/dialogue_discrimination.py,67,role,"    def check_role_equivalent(self, role: int) -> bool:"
strategist/dialogue_improve/dialogue_discrimination.py,69,role,        Check if the role is equivalent to the player role
strategist/dialogue_improve/dialogue_discrimination.py,72,role,            role: role to check
strategist/dialogue_improve/dialogue_discrimination.py,75,role,"            True if the role is equivalent to the player role, False otherwise"
strategist/dialogue_improve/dialogue_discrimination.py,77,role,        return role == self.player_role
strategist/dialogue_improve/dialogue_discrimination.py,82,discussion,        Updates the beliefs based on the input string. The input string might include the dialogue from the previous round and summary of discussions from rounds before that.
strategist/dialogue_improve/dialogue_discrimination.py,90,"Servant,role",        if self.player_role == 5: # servant
strategist/dialogue_improve/dialogue_discrimination.py,91,"Merlin,Servant",            # for servant we need to update both p_is_good and p_is_merlin
strategist/dialogue_improve/dialogue_discrimination.py,93,Merlin,"            pmerlin_updates, pmerlin_response = self.get_pmerlin_updates(history)"
strategist/dialogue_improve/dialogue_discrimination.py,98,Merlin,"                # self.logger.info(f""Player: {player}, logit: {self.logits_is_merlin}"")"
strategist/dialogue_improve/dialogue_discrimination.py,99,Merlin,"                self.logits_is_merlin[player] += pmerlin_updates.get(player, (0, ''))[0]"
strategist/dialogue_improve/dialogue_discrimination.py,100,"Merlin,role",        elif self.player_role == 0: # merlin
strategist/dialogue_improve/dialogue_discrimination.py,101,Merlin,            # for merlin no updates are needed
strategist/dialogue_improve/dialogue_discrimination.py,102,Merlin,            pmerlin_response = ''
strategist/dialogue_improve/dialogue_discrimination.py,103,Merlin,            pmerlin_updates = {}
strategist/dialogue_improve/dialogue_discrimination.py,107,role,        elif self.player_role == 6 or 7:
strategist/dialogue_improve/dialogue_discrimination.py,108,"Merlin,Minion,Assassin",            # for Minion and Assassin we only need to update p_is_merlin
strategist/dialogue_improve/dialogue_discrimination.py,109,Merlin,"            pmerlin_updates, pmerlin_response = self.get_pmerlin_updates(history)"
strategist/dialogue_improve/dialogue_discrimination.py,110,Merlin,"            for player, (update, _) in pmerlin_updates.items():"
strategist/dialogue_improve/dialogue_discrimination.py,111,Merlin,                self.logits_is_merlin[player] += update
strategist/dialogue_improve/dialogue_discrimination.py,115,role,"            raise ValueError(""Not supported player role"")"
strategist/dialogue_improve/dialogue_discrimination.py,117,Merlin,"        return {'pgood_updates': pgood_updates, 'pmerlin_updates': pmerlin_updates, 'pgood_response': pgood_response, 'pmerlin_response': pmerlin_response}"
strategist/dialogue_improve/dialogue_discrimination.py,143,fail,"        raise ValueError(f""Failed to parse the dictionary string after {self.NUM_TRIES} attempts."")"
strategist/dialogue_improve/dialogue_discrimination.py,145,Merlin,"    def get_pmerlin_updates(self, history: str) -> tuple[dict[int, tuple[int, str]], str]:"
strategist/dialogue_improve/dialogue_discrimination.py,147,Merlin,        Returns the updates to the p_is_merlin beliefs based on the input string
strategist/dialogue_improve/dialogue_discrimination.py,153,Merlin,        # discriminate using the LLM model to get the p_is_merlin updates
strategist/dialogue_improve/dialogue_discrimination.py,154,Merlin,"        pmerlin_prompt = self.prompt_generator.generate_pmerlin_belief_discrimination_prompt(history, self.players)"
strategist/dialogue_improve/dialogue_discrimination.py,157,Merlin,"            response = self.llm_model.generate(pmerlin_prompt, 1)[0]"
strategist/dialogue_improve/dialogue_discrimination.py,158,Merlin,"            # print(""merlin: \n"", response)"
strategist/dialogue_improve/dialogue_discrimination.py,163,Merlin,"                pmerlin_prompt = self.prompt_generator.generate_parsing_error_prompt(pmerlin_prompt, response, str(e))"
strategist/dialogue_improve/dialogue_discrimination.py,164,fail,"        raise ValueError(f""Failed to parse the dictionary string after {self.NUM_TRIES} attempts."")"
strategist/dialogue_improve/dialogue_discrimination.py,202,Merlin,    def get_p_is_merlin(self) -> np.ndarray:
strategist/dialogue_improve/dialogue_discrimination.py,204,Merlin,        Returns the p_is_merlin beliefs
strategist/dialogue_improve/dialogue_discrimination.py,208,Merlin,"        # convert logits_is_merlin to probabilities. recall that if logit == -inf, then probability is 0 and if logit == inf, then probability is 1"
strategist/dialogue_improve/dialogue_discrimination.py,210,Merlin,        p_is_merlin = 1 / (1 + np.exp(-self.logits_is_merlin))
strategist/dialogue_improve/dialogue_discrimination.py,211,Merlin,        return p_is_merlin / np.sum(p_is_merlin)
strategist/dialogue_improve/dialogue_discrimination.py,217,Merlin,"        return self.get_p_is_good(), self.get_p_is_merlin()"
strategist/dialogue_improve/dialogue_generator.py,13,private,            private_information: the private information string given to the player
strategist/dialogue_improve/dialogue_generator.py,21,"phase,action","    def generate_dialogue(self, intended_action, phase: int, history: str, tips: str) -> tuple[str, dict]:"
strategist/dialogue_improve/dialogue_generator.py,23,action,"        Generates dialogue based on the state, intended action and input string"
strategist/dialogue_improve/dialogue_generator.py,26,action,            intended_action: the intended action of the agent directly as given by the action planner
strategist/dialogue_improve/dialogue_generator.py,29,action,        TODO: change intended_action to intended_action_tree in the future
strategist/dialogue_improve/dialogue_generator.py,31,"phase,action","        prompt = self.prompt_generator.gen_dialogue_generation_thought_prompt(intended_action, phase, history, tips)"
strategist/dialogue_improve/dialogue_generator.py,35,"phase,action","        prompt = self.prompt_generator.gen_dialogue_generation_action_prompt(intended_action, phase, history, response)"
strategist/dialogue_improve/dialogue_generator.py,37,action,"        # print(""Generator action prompt: "", prompt)"
strategist/dialogue_improve/prompt_generator.py,10,"role,private,discussion,action","GENERATION = ""\n \n Given the discussion history, current state, and your intended action, produce dialogue that would help you achieve your intent. Dialogue aimed at persuasion should be presented in a convincing manner, supported by ethos, logos, and pathos. Note that dialogue will be seen by all players in the game, hence your generated response should not include your role or any private information. \n You dialogue: \n"""
strategist/dialogue_improve/prompt_generator.py,12,"discussion,quest,action","GENERATION_THOUGHT_GUIDE = ""\n \n Given the discussion history, current state, and your intended action, answer the questionaire to the best of your ability. The answers should be based on the information you have and your own reasoning. \n \n """
strategist/dialogue_improve/prompt_generator.py,14,"role,private,discussion,quest,action","# GENERATION_ACTION = ""\n \n Given the discussion history, current state, your intended action, and the questionarie you just answered, produce dialogue that would help you achieve your intent. Dialogue aimed at persuasion should be presented in a convincing manner, supported by ethos, logos, and pathos. Note that dialogue will be seen by all players in the game, hence your generated response should not include your role or any private information. \n Your dialogue: \n """
strategist/dialogue_improve/prompt_generator.py,16,"role,private,quest,action","# GENERATION_ACTION = ""\n \n Assemble your responses to the questionaire you just answered into a speech that would help you achieve your intent. Note that dialogue will be seen by all players in the game, hence your generated response should not include your role or any private information. \n Your speech: \n """
strategist/dialogue_improve/prompt_generator.py,18,"role,quest,action","GENERATION_ACTION = ""\n \n Assemble your responses to the questionaire you just answered into a speech that would help you achieve your intent. Also include responses to dialogue from other players this round if appropriate. Note that dialogue will be seen by all players in the game, so you should not reveal your role (identity). \n Your speech: \n """
strategist/dialogue_improve/prompt_generator.py,26,"role,private","        # self.private_information = private_information # i.e. role, private knowledge about other players"
strategist/dialogue_improve/prompt_generator.py,29,private,"    def gen_summarization_prompt(self, private_information: str):"
strategist/dialogue_improve/prompt_generator.py,30,private,        return self.sys_prompt + self.rules + private_information + SUMMARIZATION
strategist/dialogue_improve/prompt_generator.py,32,private,"    def generate_belief_discrimination_prompt_for_player(self, history: str, player, private_information: str, is_evil=False):"
strategist/dialogue_improve/prompt_generator.py,34,discussion,"            discrim_str = f""Based on the discussions this round, do you think the probability of player {player} being Evil (2) increased significantly (1) increased slightly (0) stayed the same (-1) decreased slightly or (-2) decreased significantly and why?"""
strategist/dialogue_improve/prompt_generator.py,36,"Merlin,discussion","            discrim_str = f""Based on the discussions this round, do you think the probability of player {player} being Merlin (1) increased significantly (2) increased significantly (1) increased slightly (0) stayed the same (-1) decreased slightly or (-2) decreased significantly and why?"""
strategist/dialogue_improve/prompt_generator.py,37,private,        return self.sys_prompt + self.rules + private_information + history + discrim_str
strategist/dialogue_improve/prompt_generator.py,40,discussion,"        discrim_str = f""""""\n \n Based on the discussions this round, for each player in players {players}, do you think the probability of the player being Evil (2) increased significantly (1) increased slightly (0) stayed the same (-1) decreased slightly or (-2) decreased significantly and why? Begin with your reasoning and end with a dictionary of player to your multiple choice answer, i.e. {{0: (2, 'increased significantly'), ..., 4: (0, 'stayed the same')}}. Make sure you include quotes arou"
strategist/dialogue_improve/prompt_generator.py,45,"Servant,quest,success","        Player 4's speech seems overly enthusiastic and focused on unity and cooperation, which could be a tactic to divert attention from their true identity as an Evil player. This raises suspicion and increases the probability of Player 4 being Evil. On the other hand, Player 3's response as a Servant of Arthur is more focused on the success of the Quests and unity, which aligns with the goals of Good and decreases the probability of Player 3 being Evil."
strategist/dialogue_improve/prompt_generator.py,52,Merlin,"    def generate_pmerlin_belief_discrimination_prompt(self, history: str, players: set,):"
strategist/dialogue_improve/prompt_generator.py,53,"Merlin,discussion","        discrim_str = f""""""\n \n Based on the discussions this round, for each player in players {players}, do you think the probability of the player being Merlin (2) increased significantly (1) increased slightly (0) stayed the same (-1) decreased slightly or (-2) decreased significantly and why? Begin with your reasoning and end with a dictionary of player to your multiple choice answer, i.e. {{0: (2, 'increased significantly'), ..., 4: (0, 'stayed the same')}}. Make sure you include quotes ar"
strategist/dialogue_improve/prompt_generator.py,58,Merlin,"        Player 2 seems to suspect the Evil players (Player 3 and Player 4) without any evidence and is trying to steer the conversation towards them. This aligns with the behavior of Merlin, who knows the identity of the Evil players and is trying to subtly guide the Good players towards the correct decisions. This increases the probability of Player 2 being Merlin. On the other hand, Player 4's speech seems generally clueless and lacks any strategic insight, which decreases the probability of P"
strategist/dialogue_improve/prompt_generator.py,67,private,"    def generate_intent_discrimination_prompt_for_player(self, history: str, player, private_information: str):"
strategist/dialogue_improve/prompt_generator.py,68,"discussion,action","        discrim_str = f""Based on the discussions this round, what action do you think {player} will likely take next and why?"""
strategist/dialogue_improve/prompt_generator.py,70,private,        return self.sys_prompt + self.rules + private_information + history + discrim_str
strategist/dialogue_improve/prompt_generator.py,72,"private,team,vote,quest,phase,action","    def gen_dialogue_generation_prompt(self, intended_action, history: str, private_information: str, quest_leader, phase, turn, round, quest_team, team_votes, quest_votes, tips: str = ''):"
strategist/dialogue_improve/prompt_generator.py,73,"team,vote,quest,phase","        state_description = self.gen_state_description_from_info(quest_leader, phase, turn, round, quest_team, team_votes, quest_votes,)"
strategist/dialogue_improve/prompt_generator.py,74,"phase,action","        intended_action_description = PromptGenerator.gen_intended_action_description(intended_action, phase= phase)"
strategist/dialogue_improve/prompt_generator.py,75,"private,action",        return self.sys_prompt + self.rules + private_information + history + state_description + intended_action_description + tips + GENERATION
strategist/dialogue_improve/prompt_generator.py,77,"phase,action","    def gen_dialogue_generation_thought_prompt(self, intended_action, phase: int, history: str, tips: str):"
strategist/dialogue_improve/prompt_generator.py,78,"phase,action","        intended_action_description = PromptGenerator.gen_intended_action_description(intended_action, phase= phase)"
strategist/dialogue_improve/prompt_generator.py,79,action,        return self.sys_prompt + self.rules + history + intended_action_description + tips + GENERATION_THOUGHT_GUIDE
strategist/dialogue_improve/prompt_generator.py,81,action,"    # def gen_dialogue_generation_action_prompt(self, prev: str):"
strategist/dialogue_improve/prompt_generator.py,82,action,    #     return prev + GENERATION_ACTION
strategist/dialogue_improve/prompt_generator.py,84,"phase,action","    def gen_dialogue_generation_action_prompt(self, intended_action, phase: int, history: str, thoughts):"
strategist/dialogue_improve/prompt_generator.py,85,"phase,action","        intended_action_description = PromptGenerator.gen_intended_action_description(intended_action, phase=phase)"
strategist/dialogue_improve/prompt_generator.py,86,action,"        return self.sys_prompt + history + intended_action_description + ""\n \n These are your previous thoughts: \n"" + thoughts + GENERATION_ACTION"
strategist/dialogue_improve/prompt_generator.py,91,discussion,"        dialogue_str = ""\n This discussion round players have made the following statements so far: \n \n"""
strategist/dialogue_improve/prompt_generator.py,99,discussion,"        return ""\n \n Here is a summary of previous rounds of discussion so far:\n \n "" + summary"
strategist/dialogue_improve/prompt_generator.py,105,"team,vote,quest,phase","    def gen_state_description_from_info(self, quest_leader, phase, turn, round, quest_team, team_votes, quest_results,):"
strategist/dialogue_improve/prompt_generator.py,106,phase,        if phase == 0:
strategist/dialogue_improve/prompt_generator.py,107,"team,phase",            phase_description = f'''- The current phase of the game is the team selection phase
strategist/dialogue_improve/prompt_generator.py,108,quest,            - The current leader is player {quest_leader}
strategist/dialogue_improve/prompt_generator.py,110,phase,        elif phase == 1:
strategist/dialogue_improve/prompt_generator.py,111,"team,phase",            phase_description = f'''- The current phase of the game is the team voting phase
strategist/dialogue_improve/prompt_generator.py,112,"team,quest",            - The current leader is player {quest_leader} who selected {quest_team} as the quest team
strategist/dialogue_improve/prompt_generator.py,114,phase,        elif phase == 2:
strategist/dialogue_improve/prompt_generator.py,115,"quest,phase",            phase_description = f'''- The current phase of the game is the quest voting phase
strategist/dialogue_improve/prompt_generator.py,116,"team,vote,quest",            - The team {quest_team} was approved with {team_votes.count(True)} votes for and {team_votes.count(False)} votes against
strategist/dialogue_improve/prompt_generator.py,118,phase,        elif phase == 3:
strategist/dialogue_improve/prompt_generator.py,119,"Assassin,phase",            phase_description = f'''- The current phase of the game is the assassination phase
strategist/dialogue_improve/prompt_generator.py,122,phase,"            raise ValueError(f""Invalid phase {phase}"")"
strategist/dialogue_improve/prompt_generator.py,125,"quest,fail",        - This is the quest number {turn} which requires {self.config.num_players_for_quest[turn]} players and {self.config.num_fails_for_quest[turn]} fails to fail 
strategist/dialogue_improve/prompt_generator.py,126,discussion,        - This is the {round} round of discussion
strategist/dialogue_improve/prompt_generator.py,127,"quest,success,fail","        - The previous results for the quest were {quest_results} (True for Success, False for Fail)"
strategist/dialogue_improve/prompt_generator.py,128,phase,        ''' +  phase_description
strategist/dialogue_improve/prompt_generator.py,131,"vote,action","    VOTE_ACTION_TO_STR = {True: ""approve"", False: ""reject""}"
strategist/dialogue_improve/prompt_generator.py,132,"quest,fail,action","    QUEST_ACTION_TO_STR = {True: ""succeed"", False: ""fail""}"
strategist/dialogue_improve/prompt_generator.py,135,"phase,action","    def gen_intended_action_description(intended_action, phase) -> str:"
strategist/dialogue_improve/prompt_generator.py,136,phase,        if phase == 0: # proposal phase
strategist/dialogue_improve/prompt_generator.py,137,"team,action","            intended_action_str = f""You would like the following team to be approved:  {intended_action}\n"""
strategist/dialogue_improve/prompt_generator.py,138,phase,        elif phase == 1: # voting phase
strategist/dialogue_improve/prompt_generator.py,139,"team,vote,action","            intended_action_str = f""You would like to vote {PromptGenerator.VOTE_ACTION_TO_STR[intended_action]} on the team proposal.\n"""
strategist/dialogue_improve/prompt_generator.py,140,"quest,phase",        elif phase == 2: # quest phase
strategist/dialogue_improve/prompt_generator.py,141,"quest,action","            intended_action_str = f""You would like to {PromptGenerator.QUEST_ACTION_TO_STR[intended_action]} the quest.\n"""
strategist/dialogue_improve/prompt_generator.py,142,"Assassin,phase",        elif phase == 3: # assassin phase
strategist/dialogue_improve/prompt_generator.py,143,"Assassin,action","            intended_action_str = f""You would like to assassinate player {intended_action}.\n"""
strategist/dialogue_improve/prompt_generator.py,145,phase,"            raise ValueError(f""Invalid phase {phase}"")"
strategist/dialogue_improve/prompt_generator.py,147,action,        return intended_action_str
strategist/dialogue_improve/prompt_generator.py,149,"team,vote,quest,phase","    # state_info: (quest_leader, phase, turn, round, done, quest_team, team_votes, quest_votes, quest_results, good_victory)"
strategist/dialogue_improve/prompting_improve.py,18,action,"from ..Avalon.baseline_models_Avalon import AvalonState, AvalonBasicConfig, AvalonActionEnumerator, AvalonTransitor, AvalonActorEnumerator, AvalonGameEnvironment"
strategist/dialogue_improve/prompting_improve.py,19,action,from .action_planner import AvalonActionPlannerAgent
strategist/dialogue_improve/prompting_improve.py,36,role,"    def __init__(self, players: set, role_to_evaluate: int, data_loader: DataLoader, llm_model: LLMModel, prompt_generator: PromptGenerator, num_batch_runs: int = 10, rng: np.random.Generator = np.random.default_rng(),):"
strategist/dialogue_improve/prompting_improve.py,42,action,            action_enumerator: action enumerator
strategist/dialogue_improve/prompting_improve.py,44,role,            role_to_evaluate: role to evaluate
strategist/dialogue_improve/prompting_improve.py,52,role,        self.role_to_evaluate = role_to_evaluate
strategist/dialogue_improve/prompting_improve.py,103,"role,private,discussion,action","            discussion_history, state_tuple, intended_actions, private_informations, roles, dialogue, speaking_order = self.data_loader.sample_data_point()"
strategist/dialogue_improve/prompting_improve.py,106,role,            # find out from roles which player is the role to evaluate
strategist/dialogue_improve/prompting_improve.py,107,role,            player_to_eval = roles.index(self.role_to_evaluate)
strategist/dialogue_improve/prompting_improve.py,112,role,                role_index = speaking_order.index(player_to_eval)
strategist/dialogue_improve/prompting_improve.py,114,role,                dialogue = dialogue[:role_index]
strategist/dialogue_improve/prompting_improve.py,115,role,                speaking_order = speaking_order[:role_index]
strategist/dialogue_improve/prompting_improve.py,119,discussion,            history_per_player = [self.prompt_generator.gen_summary_preamble(discussion_history[i]) for i in range(len(self.players))]
strategist/dialogue_improve/prompting_improve.py,122,private,"            dialogue_generator = DialogueGenerator(llm_model=self.llm_model, prompt_generator=self.prompt_generator, player=player_to_eval, private_information=private_informations[player_to_eval], tips=prompt)"
strategist/dialogue_improve/prompting_improve.py,124,action,            # get action intent
strategist/dialogue_improve/prompting_improve.py,125,action,"            action_intent = intended_actions[player_to_eval] # NOTE: allow option to use action planner? No, separate evaluator for that"
strategist/dialogue_improve/prompting_improve.py,127,action,"            # self.logger.info(f""Prompt: {prompt}, State: {state_info}, Action: {action_intent}"")"
strategist/dialogue_improve/prompting_improve.py,128,action,"            # print(f""Prompt: {prompt}, State: {state_info}, Action: {action_intent}"")"
strategist/dialogue_improve/prompting_improve.py,131,action,"            next_dialogue, dialogue_info = dialogue_generator.generate_dialogue(action_intent, history_per_player[player_to_eval] + combined_dialogue, *state_info)"
strategist/dialogue_improve/prompting_improve.py,137,Servant,            # create a dialogue discriminator for each other player that is a servant
strategist/dialogue_improve/prompting_improve.py,138,"Servant,role,private","            servant_dialogue_discriminators = [DialogueDiscriminator(llm_model=self.llm_model, prompt_generator=self.prompt_generator, player=player, private_information=private_informations[player], players=self.players, player_role=roles[player], known_sides=AvalonState.get_known_sides(player, roles)) for player in self.players if player != player_to_eval and roles[player] == 5]"
strategist/dialogue_improve/prompting_improve.py,141,"role,private","            evil_dialogue_discriminators = [DialogueDiscriminator(llm_model=self.llm_model, prompt_generator=self.prompt_generator, player=player, private_information=private_informations[player], players=self.players, player_role=roles[player], known_sides=AvalonState.get_known_sides(player, roles)) for player in self.players if player != player_to_eval and not AvalonBasicConfig.ROLES_TO_IS_GOOD[roles[player]]]"
strategist/dialogue_improve/prompting_improve.py,143,role,            if not AvalonBasicConfig.ROLES_TO_IS_GOOD[self.role_to_evaluate]:
strategist/dialogue_improve/prompting_improve.py,144,Servant,                # evil player wants servants to think that they are good
strategist/dialogue_improve/prompting_improve.py,146,Servant,"                # use servant dialogue discriminators on next_dialogue, get_pgood_updates to get the response and the update for each servant"
strategist/dialogue_improve/prompting_improve.py,149,Servant,                for servant in servant_dialogue_discriminators:
strategist/dialogue_improve/prompting_improve.py,150,Servant,                    # history = history_per_player[servant.player] + combined_dialogue + next_dialogue
strategist/dialogue_improve/prompting_improve.py,151,Servant,                    history = history_per_player[servant.player] + combined_dialogue + next_dialogue
strategist/dialogue_improve/prompting_improve.py,152,Servant,"                    update, response = servant.get_pgood_updates(history)"
strategist/dialogue_improve/prompting_improve.py,153,"Servant,role","                    feedback[servant.player]= (response, AvalonBasicConfig.ROLES[servant.player_role])"
strategist/dialogue_improve/prompting_improve.py,156,Servant,                scores.append(score/len(servant_dialogue_discriminators))
strategist/dialogue_improve/prompting_improve.py,157,role,            elif self.role_to_evaluate == 0: 
strategist/dialogue_improve/prompting_improve.py,158,Merlin,                # for merlin we want the evil players to not be able to identify us but for good players to be able to identify us
strategist/dialogue_improve/prompting_improve.py,163,Merlin,"                    update, response = evil_player.get_pmerlin_updates(history)"
strategist/dialogue_improve/prompting_improve.py,164,role,"                    feedback[evil_player.player] = (response, AvalonBasicConfig.ROLES[evil_player.player_role])"
strategist/dialogue_improve/prompting_improve.py,171,Servant,                for servant in servant_dialogue_discriminators:
strategist/dialogue_improve/prompting_improve.py,172,Servant,                    # history = history_per_player[servant.player] + combined_dialogue + next_dialogue
strategist/dialogue_improve/prompting_improve.py,173,Servant,                    history = history_per_player[servant.player] + combined_dialogue + next_dialogue
strategist/dialogue_improve/prompting_improve.py,174,Servant,"                    update, response = servant.get_pgood_updates(history)"
strategist/dialogue_improve/prompting_improve.py,175,"Servant,role","                    feedback[servant.player]= (response, AvalonBasicConfig.ROLES[servant.player_role])"
strategist/dialogue_improve/prompting_improve.py,177,Servant,                good_score = good_score/len(servant_dialogue_discriminators)
strategist/dialogue_improve/prompting_improve.py,190,role,"                raise ValueError(""Not supported role to evaluate"")"
strategist/dialogue_improve/prompting_improve.py,199,role,"    def __init__(self, env: AvalonGameEnvironment, players: set, role_to_evaluate: int, data_loader: DataLoader, llm_model: LLMModel, prompt_generator: PromptGenerator, value_heuristic: ValueHeuristic2, num_scenarios: int = 1, num_total_game_sims: int = 10, rng: np.random.Generator = np.random.default_rng(), num_search_rollouts: int = 32):"
strategist/dialogue_improve/prompting_improve.py,204,role,            role_to_evaluate: role to evaluate
strategist/dialogue_improve/prompting_improve.py,219,action,        self.action_enumerator = AvalonActionEnumerator(env)
strategist/dialogue_improve/prompting_improve.py,223,action,"        game_simulator = GameSimulator(transitor=self.transitor, actor_enumerator=self.actor_enumerator, action_enumerator=self.action_enumerator, start_state=start_state)"
strategist/dialogue_improve/prompting_improve.py,228,role,        self.role_to_evaluate = role_to_evaluate
strategist/dialogue_improve/prompting_improve.py,258,action,"        The general idea sample scenarios from the data loader, feed them to the dialogue generator which uses the prompt to generate the next dialogue. Then feed the generated dialogue to the dialogue discriminator to get the feedback and beliefs. Next create a new AvalonActionPlannerAgent for each player and belief and simulate the game a couple of times to get the score."
strategist/dialogue_improve/prompting_improve.py,278,"role,private,discussion,action","            discussion_history, state_tuple, intended_actions, private_informations, roles, dialogue, speaking_order = self.data_loader.sample_data_point()"
strategist/dialogue_improve/prompting_improve.py,283,role,"            # self.logger.info(f""Roles: {roles}"")"
strategist/dialogue_improve/prompting_improve.py,284,action,"            # self.logger.info(f""Intended Actions: {intended_actions}"")"
strategist/dialogue_improve/prompting_improve.py,287,discussion,"            # self.logger.info(f""Discussion History: {discussion_history}"") # compromised"
strategist/dialogue_improve/prompting_improve.py,288,private,"            # self.logger.info(f""Private Informations: {private_informations}"") # compromised"
strategist/dialogue_improve/prompting_improve.py,292,role,            # get the roles in the state tuple
strategist/dialogue_improve/prompting_improve.py,293,role,            state_tuple_roles = state_tuple[-1]
strategist/dialogue_improve/prompting_improve.py,295,role,            # assert that the roles in the state tuple are the same as the roles in the data point
strategist/dialogue_improve/prompting_improve.py,296,role,"            # assert roles == state_tuple_roles, f""Roles in state tuple: {state_tuple_roles} do not match roles in data point: {roles}"""
strategist/dialogue_improve/prompting_improve.py,299,role,            roles = state_tuple_roles # FIXME: temporary hack
strategist/dialogue_improve/prompting_improve.py,300,"role,discussion","            discussion_history = ["""" for _ in range(len(roles))] # FIXME: temporary hack"
strategist/dialogue_improve/prompting_improve.py,301,private,            private_informations = [] # FIXME: temporary hack
strategist/dialogue_improve/prompting_improve.py,302,role,            for i in range(len(roles)):
strategist/dialogue_improve/prompting_improve.py,303,role,                role_id = roles[i]
strategist/dialogue_improve/prompting_improve.py,304,role,                role_str = AvalonBasicConfig.ROLES[role_id]
strategist/dialogue_improve/prompting_improve.py,305,role,"                known_sides = AvalonState.get_known_sides(i, roles)"
strategist/dialogue_improve/prompting_improve.py,306,role,"                # p_info = f""You are Player {i}, with identity {role_str}. You are on the side of {'Good' if AvalonBasicConfig.ROLES_TO_IS_GOOD[role_id] else 'Evil'}. You know that the sides of the other players are {known_sides} where 1 (True) is Good, 0 (False) is Evil, and -1 is unknown whether they are Good or Evil. Please do not forget your identity throughout the game."""
strategist/dialogue_improve/prompting_improve.py,307,role,"                p_info = f""You are Player {i}, with identity {role_str}. You are on the side of {'Good' if AvalonBasicConfig.ROLES_TO_IS_GOOD[role_id] else 'Evil'}. You know that players {[j for j in range(len(roles)) if known_sides[j] == 1]} are Good and players {[j for j in range(len(roles)) if known_sides[j] == 0]} are Evil. The rest you do not know. Please do not forget your identity throughout the game."""
strategist/dialogue_improve/prompting_improve.py,308,private,                private_informations.append(p_info)
strategist/dialogue_improve/prompting_improve.py,311,role,"            # self.logger.info(f""Roles: {roles}"")"
strategist/dialogue_improve/prompting_improve.py,312,action,"            # self.logger.info(f""Intended Actions: {intended_actions}"")"
strategist/dialogue_improve/prompting_improve.py,315,discussion,"            # self.logger.info(f""Discussion History: {discussion_history}"") # compromised"
strategist/dialogue_improve/prompting_improve.py,316,private,"            # self.logger.info(f""Private Informations: {private_informations}"") # compromised"
strategist/dialogue_improve/prompting_improve.py,320,role,            # find out from roles which player is the role to evaluate
strategist/dialogue_improve/prompting_improve.py,321,role,            player_to_eval = roles.index(self.role_to_evaluate)
strategist/dialogue_improve/prompting_improve.py,326,role,                role_index = speaking_order.index(player_to_eval)
strategist/dialogue_improve/prompting_improve.py,328,role,                dialogue = dialogue[:role_index]
strategist/dialogue_improve/prompting_improve.py,329,role,                speaking_order = speaking_order[:role_index]
strategist/dialogue_improve/prompting_improve.py,333,discussion,            history_per_player = [self.prompt_generator.gen_summary_preamble(discussion_history[i]) for i in range(len(self.players))]
strategist/dialogue_improve/prompting_improve.py,336,private,"            dialogue_generator = DialogueGenerator(llm_model=self.llm_model, prompt_generator=self.prompt_generator, player=player_to_eval, private_information=private_informations[player_to_eval], tips=prompt)"
strategist/dialogue_improve/prompting_improve.py,338,action,            # get action intent
strategist/dialogue_improve/prompting_improve.py,339,action,"            action_intent = intended_actions[player_to_eval] # NOTE: allow option to use action planner? No, separate evaluator for that"
strategist/dialogue_improve/prompting_improve.py,341,action,"            # self.logger.info(f""Prompt: {prompt}, State: {state_info}, Action: {action_intent}"")"
strategist/dialogue_improve/prompting_improve.py,342,action,"            # print(f""Prompt: {prompt}, State: {state_info}, Action: {action_intent}"")"
strategist/dialogue_improve/prompting_improve.py,345,action,"            next_dialogue, dialogue_info = dialogue_generator.generate_dialogue(action_intent, history_per_player[player_to_eval] + combined_dialogue, *state_info)"
strategist/dialogue_improve/prompting_improve.py,349,action,            # --- now create a new action planner agent for each player and simulate the game ---
strategist/dialogue_improve/prompting_improve.py,350,action,"            agents: dict[Any, AvalonActionPlannerAgent] = dict()"
strategist/dialogue_improve/prompting_improve.py,354,private,                private_info = private_informations[player]
strategist/dialogue_improve/prompting_improve.py,355,role,                role = roles[player]
strategist/dialogue_improve/prompting_improve.py,356,role,"                known_sides = AvalonState.get_known_sides(player, roles)"
strategist/dialogue_improve/prompting_improve.py,357,"role,private,action","                new_agent = AvalonActionPlannerAgent(config=self.config, player=player, private_information=private_info, player_role=role, known_sides=known_sides, value_heuristic=self.value_heuristic, llm_model=self.llm_model, num_rollouts=self.num_search_rollouts, rng=self.rng)"
strategist/dialogue_improve/prompting_improve.py,364,Merlin,                # combined_response = player_notes['pgood_response'] + player_notes['pmerlin_response']
strategist/dialogue_improve/prompting_improve.py,366,role,"                feedback[player] = (combined_response, AvalonBasicConfig.ROLES[role])"
strategist/dialogue_improve/prompting_improve.py,402,role,            # log role of player to evaluate
strategist/dialogue_improve/prompting_improve.py,403,role,"            self.logger.info(f""Role of Player to Evaluate: {AvalonBasicConfig.ROLES[self.role_to_evaluate]}"")"
strategist/dialogue_improve/run_generate_test_data.py,5,discussion,"DISCUSSION_HISTORY = [""Start of game. \n"",  ""Start of game. \n"",  ""Start of game. \n"",  ""Start of game. \n"",  ""Start of game. \n""]"
strategist/dialogue_improve/run_generate_test_data.py,7,"Servant,team,mission,quest,success","DIALOGUE = [ ""Greetings, fellow players. As a Servant of Arthur, my primary goal is to ensure the success of our Quests. I am committed to working together with all of you to achieve victory for Good.\n I believe that for this first Quest, a team consisting of Player 1 and Player 4 would be a strong choice. I hope for your support in approving this team, as I am confident that we can work effectively together to accomplish our goal.\nI encourage everyone to share their thoughts and strategies op"
strategist/dialogue_improve/run_generate_test_data.py,11,role,"ROLES = [0,5,6,5,7]"
strategist/dialogue_improve/run_generate_test_data.py,13,"team,vote,quest,phase","# quest_leader, phase, turn, round, quest_team, team_votes, quest_results"
strategist/dialogue_improve/run_generate_test_data.py,17,"role,team,vote,quest,phase","# num_players, quest_leader, phase, turn, round, done, good_victory, quest_team, team_votes, quest_votes, quest_results, roles"
strategist/dialogue_improve/run_generate_test_data.py,18,role,"STATE_TUPLE = tuple([5, 1, 0, 0, 0, False, False, [], tuple(), tuple(), tuple(), tuple(ROLES)])"
strategist/dialogue_improve/run_generate_test_data.py,20,"Merlin,Minion,Assassin,Servant,private","PRIVATE_INFORMATIONS = [""You are Player 0, with identity Merlin. You are on the side of Good. The Evil players are Players 2 and 4. Please do not forget your identity throughout the game."", ""You are Player 1, with identity Servant of Arthur. You are on the side of Good. Please do not forget your identity throughout the game."", ""You are Player 2, with identity Minion of Mordred. You are on the side of Evil. Players 2 and 4 are Evil. Please do not forget your identity throughout the game."", ""You a"
strategist/dialogue_improve/run_generate_test_data.py,22,action,"ACTION_INTENTS = [{0,1}, {1,2}, {1,2}, {1,3}, {1,2}]"
strategist/dialogue_improve/run_generate_test_data.py,23,action,"ACTION_INTENTS = [list(intent) for intent in ACTION_INTENTS] # NOTE: json only handles lists, not sets"
strategist/dialogue_improve/run_generate_test_data.py,27,"role,private,discussion,action","    data_loader.add_data_point(DISCUSSION_HISTORY, STATE_TUPLE, ACTION_INTENTS, PRIVATE_INFORMATIONS, ROLES, DIALOGUE, SPEAKER_ORDER)"
strategist/dialogue_improve/run_generate_test_data.py,35,"role,private,discussion,action","    discussion_history, state_info, intended_actions, private_informations, roles, dialogue, speaking_order = data_loader.sample_data_point()"
strategist/dialogue_improve/run_generate_test_data.py,37,discussion,    print(discussion_history)
strategist/dialogue_improve/run_generate_test_data.py,39,action,    print(intended_actions)
strategist/dialogue_improve/run_generate_test_data.py,40,private,    print(private_informations)
strategist/dialogue_improve/run_generate_test_data.py,41,role,    print(roles)
strategist/experiment/compare_search.py,77,action,"        action_1 = search1.get_best_action(graph1, state, actor=0)"
strategist/experiment/compare_search.py,88,action,"        action_2 = search2.get_best_action(graph2, state, actor=0)"
strategist/experiment/compare_search.py,92,action,        # test if actions are the same
strategist/experiment/compare_search.py,93,action,"        # self.assertEqual(action_1, action_2)"
strategist/experiment/compare_search.py,95,action,"        # print('player 1 action', action_1)"
strategist/experiment/compare_search.py,96,action,"        # print('player 2 action', action_2)"
strategist/experiment/compare_search.py,99,action,        player_1_played_cards.append(action_1)
strategist/experiment/compare_search.py,100,action,        player_2_played_cards.append(action_2)
strategist/experiment/compare_search.py,101,action,"        (done, score_card, contested_points) = env.play_cards(action_1, action_2)"
strategist/experiment/run_BE_folder_save.py,205,action,        action_enumerator=GOPSActionEnumerator()
strategist/experiment/run_BE_folder_save.py,210,action,"        simulator = GameSimulator(transitor=transitor, actor_enumerator=actor_enumerator, action_enumerator=action_enumerator, start_state=start_state)"
strategist/experiment/run_BE_folder_save.py,229,action,        action_enumerator = AvalonActionEnumerator(env)
strategist/experiment/run_BE_folder_save.py,237,action,"                                  actor_enumerator=actor_enumerator, action_enumerator=action_enumerator, start_state=start_state, "
strategist/experiment/run_BE_folder_save.py,256,action,"        action_enumerator=action_enumerator,"
strategist/experiment/run_batch_evaluate.py,47,action,        action_enumerator=GOPSActionEnumerator()
strategist/experiment/run_batch_evaluate.py,52,action,"        simulator = GameSimulator(transitor=transitor, actor_enumerator=actor_enumerator, action_enumerator=action_enumerator, start_state=start_state)"
strategist/experiment/run_batch_evaluate.py,71,action,        action_enumerator = AvalonActionEnumerator(env)
strategist/experiment/run_batch_evaluate.py,79,action,"                                  actor_enumerator=actor_enumerator, action_enumerator=action_enumerator, start_state=start_state, "
strategist/experiment/run_batch_evaluate.py,98,action,"        action_enumerator=action_enumerator,"
strategist/experiment/run_batch_evaluate_from_folder.py,85,action,        action_enumerator=GOPSActionEnumerator()
strategist/experiment/run_batch_evaluate_from_folder.py,90,action,"        simulator = GameSimulator(transitor=transitor, actor_enumerator=actor_enumerator, action_enumerator=action_enumerator, start_state=start_state)"
strategist/experiment/run_batch_evaluate_from_folder.py,107,action,        action_enumerator = AvalonActionEnumerator(env)
strategist/experiment/run_batch_evaluate_from_folder.py,115,action,"                                  actor_enumerator=actor_enumerator, action_enumerator=action_enumerator, start_state=start_state, "
strategist/experiment/run_batch_evaluate_from_folder.py,131,action,"        action_enumerator=action_enumerator,"
strategist/experiment/run_batch_evaluate_with_rl.py,92,quest,        quest_leader = [observation.quest_leader]
strategist/experiment/run_batch_evaluate_with_rl.py,93,phase,        phase = [observation.phase]
strategist/experiment/run_batch_evaluate_with_rl.py,99,"team,vote",        team_votes = list(observation.team_votes)
strategist/experiment/run_batch_evaluate_with_rl.py,100,"team,vote",        # print(team_votes)
strategist/experiment/run_batch_evaluate_with_rl.py,101,"team,vote",        if team_votes == []:
strategist/experiment/run_batch_evaluate_with_rl.py,102,"team,vote",            team_votes = [0 for i in range(self.num_player)]
strategist/experiment/run_batch_evaluate_with_rl.py,104,"team,quest",        quest_team = list(observation.quest_team)
strategist/experiment/run_batch_evaluate_with_rl.py,105,"team,quest",        while len(quest_team) < 5:
strategist/experiment/run_batch_evaluate_with_rl.py,106,"team,quest",            quest_team.append(-2)
strategist/experiment/run_batch_evaluate_with_rl.py,108,"vote,quest",        quest_votes = list(observation.quest_votes)
strategist/experiment/run_batch_evaluate_with_rl.py,109,"vote,quest",        while len(quest_votes) < 5:
strategist/experiment/run_batch_evaluate_with_rl.py,110,"vote,quest",            quest_votes.append(-2)
strategist/experiment/run_batch_evaluate_with_rl.py,112,quest,        quest_results = list(observation.quest_results)
strategist/experiment/run_batch_evaluate_with_rl.py,113,quest,        quest_results_num = []
strategist/experiment/run_batch_evaluate_with_rl.py,114,quest,        for quest in quest_results:
strategist/experiment/run_batch_evaluate_with_rl.py,115,quest,            if quest == True:
strategist/experiment/run_batch_evaluate_with_rl.py,116,quest,                quest_results_num.append(1)
strategist/experiment/run_batch_evaluate_with_rl.py,118,quest,                quest_results_num.append(0)
strategist/experiment/run_batch_evaluate_with_rl.py,119,quest,        while len(quest_results_num) < 5:
strategist/experiment/run_batch_evaluate_with_rl.py,120,quest,            quest_results_num.append(-2)
strategist/experiment/run_batch_evaluate_with_rl.py,122,"team,vote,quest,phase",        state = np.array(quest_leader + phase + turn + round + done + good_victory + team_votes + quest_team +
strategist/experiment/run_batch_evaluate_with_rl.py,123,"vote,quest",                         quest_votes + quest_results_num)
strategist/experiment/run_batch_evaluate_with_rl.py,157,action,        action_enumerator=GOPSActionEnumerator()
strategist/experiment/run_batch_evaluate_with_rl.py,162,action,"        simulator = GameSimulator(transitor=transitor, actor_enumerator=actor_enumerator, action_enumerator=action_enumerator, start_state=start_state)"
strategist/experiment/run_batch_evaluate_with_rl.py,202,action,        action_enumerator = AvalonActionEnumerator(env)
strategist/experiment/run_batch_evaluate_with_rl.py,210,action,"                                  actor_enumerator=actor_enumerator, action_enumerator=action_enumerator, start_state=start_state, "
strategist/experiment/run_batch_evaluate_with_rl.py,246,action,"        action_enumerator=action_enumerator,"
strategist/experiment/run_batch_evaluate_with_rl.py,262,action,"        action_enumerator=action_enumerator,"
strategist/experiment/run_bfs_improve.py,41,step,    implement_steps_per_grow = cfg.preset_modular_improve.implement_steps_per_grow
strategist/experiment/run_bfs_improve.py,68,action,    # action_enumerator=GOPSActionEnumerator()
strategist/experiment/run_bfs_improve.py,77,action,        action_enumerator=GOPSActionEnumerator()
strategist/experiment/run_bfs_improve.py,83,action,"    simulator = GameSimulator(transitor=transitor, actor_enumerator=actor_enumerator, action_enumerator=action_enumerator, start_state=start_state)"
strategist/experiment/run_dialogue_improve.py,20,Merlin,"# TEST_STRATEGIES_MERLIN = [('As Merlin you should not reveal that you know who is Evil.', {'abstract':''}), "
strategist/experiment/run_dialogue_improve.py,21,Merlin,"#                           ('As Merlin you should focus on convincing the good players.', {'abstract':''}), "
strategist/experiment/run_dialogue_improve.py,22,Merlin,"#                           ('As Merlin you should try to point how the Evil players are acting using evidence.',{'abstract':''})]"
strategist/experiment/run_dialogue_improve.py,27,"Merlin,role,discussion,quest,phase","TEST_STRATEGIES_MERLIN = [(""""""Questions to think about to play the Merlin role effectively during the discussion phase:"
strategist/experiment/run_dialogue_improve.py,35,quest,        Q4: What are some conclusions that you can draw from your answers to the previous questions?
strategist/experiment/run_dialogue_improve.py,37,quest,        Example of how to fill out this questionaire:
strategist/experiment/run_dialogue_improve.py,40,"role,quest",        A1: Player 3 seems the most suspicious of me because they have been asking me a lot of questions about my role.
strategist/experiment/run_dialogue_improve.py,46,"quest,fail",        A3: I can say that I have never been on a failed quest and that I have been trying to reason with the other players to figure out who the Evil players are.
strategist/experiment/run_dialogue_improve.py,48,quest,        Q4: What are some conclusions that you can draw from your answers to the previous questions?
strategist/experiment/run_dialogue_improve.py,50,Merlin,"                          ('As Merlin you should focus on convincing the good players.', {'abstract':''}), "
strategist/experiment/run_dialogue_improve.py,51,Merlin,"                          ('As Merlin you should try to point how the Evil players are acting using evidence.',{'abstract':''})]"
strategist/experiment/run_dialogue_improve.py,81,role,"    role_to_eval = cfg.preset_modular_improve.get(""role_to_eval"", 0)"
strategist/experiment/run_dialogue_improve.py,129,role,        role_to_eval_str = config.ROLES[role_to_eval]
strategist/experiment/run_dialogue_improve.py,135,role,"        evolver_prompt_generator = prompt_generators.StrategyPromptGenerator(environment_rules=GAME_RULES, role_name=role_to_eval_str)"
strategist/experiment/run_dialogue_improve.py,142,role,        # if role_to_eval == 0:
strategist/experiment/run_dialogue_improve.py,146,Merlin,        #         seed_functions = TEST_STRATEGIES_MERLIN
strategist/experiment/run_dialogue_improve.py,149,role,        # elif role_to_eval == 7:
strategist/experiment/run_dialogue_improve.py,155,role,"            # evaluator = PromptSSGEvaluator(players=player_set, role_to_evaluate=role_to_eval, data_loader=data_loader, llm_model=llm_model, prompt_generator=evaluator_prompt_generator, num_scenarios=num_batch_runs, rng=rng, value_heuristic=value_heuristic, env=env, num_total_game_sims=8, num_search_rollouts=num_search_budget)"
strategist/experiment/run_dialogue_improve.py,157,role,        #     raise ValueError(f'Role {role_to_eval} not supported')
strategist/experiment/run_dialogue_improve.py,163,role,"    # evaluator = PromptSSGEvaluator(players=player_set, role_to_evaluate=role_to_eval, data_loader=data_loader, llm_model=llm_model, prompt_generator=evaluator_prompt_generator, num_scenarios=num_scenarios, rng=rng, env=env, value_heuristic=value_heuristic, num_total_game_sims=num_batch_runs, num_search_rollouts=num_search_budget)"
strategist/experiment/run_dialogue_improve.py,164,role,"    final_evaluator = evaluator = PromptEvaluator(players=player_set, role_to_evaluate=role_to_eval, data_loader=data_loader, llm_model=llm_model, prompt_generator=evaluator_prompt_generator, num_batch_runs=num_scenarios, rng=rng)"
strategist/experiment/run_function_improve.py,90,action,        action_enumerator=GOPSActionEnumerator()
strategist/experiment/run_function_improve.py,103,action,"                                  actor_enumerator=actor_enumerator, action_enumerator=action_enumerator, start_state=start_state,"
strategist/experiment/run_function_improve.py,124,action,        action_enumerator = AvalonActionEnumerator(env)
strategist/experiment/run_function_improve.py,141,action,"                                  actor_enumerator=actor_enumerator, action_enumerator=action_enumerator, start_state=start_state, "
strategist/experiment/run_function_improve.py,157,action,"        action_enumerator=action_enumerator,"
strategist/experiment/run_generate_seed_functions.py,77,action,        action_enumerator=GOPSActionEnumerator()
strategist/experiment/run_generate_seed_functions.py,90,action,"                                  actor_enumerator=actor_enumerator, action_enumerator=action_enumerator, start_state=start_state,"
strategist/experiment/run_generate_seed_functions.py,111,action,        action_enumerator = AvalonActionEnumerator(env)
strategist/experiment/run_generate_seed_functions.py,128,action,"                                  actor_enumerator=actor_enumerator, action_enumerator=action_enumerator, start_state=start_state, "
strategist/experiment/run_generate_seed_functions.py,144,action,"        action_enumerator=action_enumerator,"
strategist/experiment/run_generate_seed_guide.py,20,"Merlin,role,discussion,quest,phase","TEST_STRATEGIES_MERLIN = [(""""""Questions to think about to play the Merlin role effectively during the discussion phase:"
strategist/experiment/run_generate_seed_guide.py,28,quest,        Q4: What are some conclusions that you can draw from your answers to the previous questions?
strategist/experiment/run_generate_seed_guide.py,30,quest,        Example of how to fill out this questionaire:
strategist/experiment/run_generate_seed_guide.py,33,"role,quest",        A1: Player 3 seems the most suspicious of me because they have been asking me a lot of questions about my role.
strategist/experiment/run_generate_seed_guide.py,39,"quest,fail",        A3: I can say that I have never been on a failed quest and that I have been trying to reason with the other players to figure out who the Evil players are.
strategist/experiment/run_generate_seed_guide.py,41,quest,        Q4: What are some conclusions that you can draw from your answers to the previous questions?
strategist/experiment/run_generate_seed_guide.py,69,role,"    role_to_eval = cfg.preset_modular_improve.get(""role_to_eval"", 0)"
strategist/experiment/run_generate_seed_guide.py,116,role,        role_to_eval_str = config.ROLES[role_to_eval]
strategist/experiment/run_generate_seed_guide.py,122,role,"        evolver_prompt_generator = prompt_generators.StrategyPromptGenerator(environment_rules=GAME_RULES, role_name=role_to_eval_str)"
strategist/experiment/run_generate_seed_guide.py,128,role,        if role_to_eval == 0:
strategist/experiment/run_generate_seed_guide.py,132,Merlin,                seed_functions = TEST_STRATEGIES_MERLIN
strategist/experiment/run_generate_seed_guide.py,134,role,        # elif role_to_eval == 7:
strategist/experiment/run_generate_seed_guide.py,140,role,"            # evaluator = PromptSSGEvaluator(players=player_set, role_to_evaluate=role_to_eval, data_loader=data_loader, llm_model=llm_model, prompt_generator=evaluator_prompt_generator, num_scenarios=num_batch_runs, rng=rng, value_heuristic=value_heuristic, env=env, num_total_game_sims=8, num_search_rollouts=num_search_budget)"
strategist/experiment/run_generate_seed_guide.py,142,role,        #     raise ValueError(f'Role {role_to_eval} not supported')
strategist/experiment/run_generate_seed_guide.py,148,role,"    evaluator = PromptSSGEvaluator(players=player_set, role_to_evaluate=role_to_eval, data_loader=data_loader, llm_model=llm_model, prompt_generator=evaluator_prompt_generator, num_scenarios=num_scenarios, rng=rng, env=env, value_heuristic=value_heuristic, num_total_game_sims=num_batch_runs, num_search_rollouts=num_search_budget)"
strategist/experiment/run_llm_mcts.py,34,action,    action_enumerator = GOPSActionEnumerator()
strategist/experiment/run_llm_mcts.py,35,action,    action_predictor = GOPSRandomActionPredictor()
strategist/experiment/run_llm_mcts.py,38,action,"    value_heuristic_1 = RandomRolloutValueHeuristic(actor_enumerator, action_enumerator,"
strategist/experiment/run_llm_mcts.py,41,action,"    value_heuristic_2 = RandomRolloutValueHeuristic(actor_enumerator, action_enumerator,"
strategist/experiment/run_llm_mcts.py,48,action,"    initial_inferencer_1 = GOPSInitialInferencer2(forward_transitor, action_enumerator, "
strategist/experiment/run_llm_mcts.py,52,action,"    initial_inferencer_2 = GOPSInitialInferencer2(forward_transitor, action_enumerator,"
strategist/experiment/run_llm_mcts.py,60,action,"    #                      actor_enumerator=actor_enumerator, action_enumerator=action_enumerator,"
strategist/experiment/run_llm_mcts.py,61,action,"    #                         action_predictor=action_predictor, depth=3, node_budget=16)"
strategist/experiment/run_llm_mcts.py,69,action,"    simulator = GameSimulator(forward_transitor, actor_enumerator, action_enumerator, GOPS_START_STATE_6)"
strategist/experiment/run_play_avalon_against_human.py,13,action,actor_action_enumerator = AvalonActorActionEnumerator(avalon_env=avalon_env)
strategist/experiment/run_play_avalon_against_human.py,17,action,action_parser = AvalonActorActionEnumerator.parse_str_to_action
strategist/experiment/run_play_avalon_against_human.py,20,action,"simulator = DialogueGameSimulator(transitor=forward_transitor, actor_action_enumerator=actor_action_enumerator, speaker_enumerator=speaker_enumerator, information_function=information_function, start_state=start_state)"
strategist/experiment/run_play_avalon_against_human.py,27,action,"        human_agents[player] = HumanDialogueAgent(player, action_parser, rng)"
strategist/experiment/run_play_avalon_strategist_against_human.py,5,action,from strategist.dialogue_improve.action_planner import AvalonActionPlannerAgent
strategist/experiment/run_play_avalon_strategist_against_human.py,17,action,actor_action_enumerator = AvalonActorActionEnumerator(avalon_env=avalon_env)
strategist/experiment/run_play_avalon_strategist_against_human.py,21,action,action_parser = AvalonActorActionEnumerator.parse_str_to_action
strategist/experiment/run_play_avalon_strategist_against_human.py,24,action,"simulator = DialogueGameSimulator(transitor=forward_transitor, actor_action_enumerator=actor_action_enumerator, speaker_enumerator=speaker_enumerator, information_function=information_function, start_state=start_state)"
strategist/experiment/run_play_avalon_strategist_against_human.py,26,action,# create inputs to AvalonActionPlannerAgent
strategist/experiment/run_play_avalon_strategist_against_human.py,36,action,"        human_agents[player] = HumanDialogueAgent(player, action_parser, rng)"
strategist/experiment/run_play_avalon_strategist_against_human.py,39,role,        role_to_dialogue_guide = {role: dialogue_guide for role in avalon_env.roles}
strategist/experiment/run_play_avalon_strategist_against_human.py,40,"role,action","        human_agents[player] = AvalonActionPlannerAgent(config=avalon_config, llm_model=llm_model, player=player, value_heuristic=value_heuristic, role_to_dialogue_guide=role_to_dialogue_guide, rng=rng)"
strategist/experiment/run_rl_improve.py,62,action,        action_enumerator=GOPSActionEnumerator()
strategist/experiment/run_rl_improve.py,67,action,"                                  actor_enumerator=actor_enumerator, action_enumerator=action_enumerator, start_state=start_state,"
strategist/experiment/run_rl_improve.py,79,action,        action_enumerator = AvalonActionEnumerator(env)
strategist/experiment/run_rl_improve.py,87,action,"                                  actor_enumerator=actor_enumerator, action_enumerator=action_enumerator, start_state=start_state, "
strategist/experiment/run_rl_improve.py,94,action,"    evaluator = RLValueHeuristicsSSGEvaluator(simulator=simulator, num_batch_runs=num_batch_runs, players=players, rng=rng, against_benchmark=against_benchmark, search_budget=num_search_budget, random_rollouts=num_random_rollouts, transitor=transitor, actor_enumerator=actor_enumerator, action_enumerator=action_enumerator,)"
strategist/experiment/run_search_game_simulation.py,55,action,        action_enumerator = GOPSActionEnumerator()
strategist/experiment/run_search_game_simulation.py,61,action,        action_enumerator = AvalonActionEnumerator(env)
strategist/experiment/run_search_game_simulation.py,83,action,"        value_heuristics[player] = RandomRolloutValueHeuristic(actor_enumerator, action_enumerator,forward_transitor, players=players, num_rollouts=num_random_rollouts, rng=rng)"
strategist/experiment/run_search_game_simulation.py,84,action,"        inferencers[player] = PackageInitialInferencer(forward_transitor, action_enumerator, "
strategist/experiment/run_search_game_simulation.py,98,action,"    # simulator = GameSimulator(forward_transitor, actor_enumerator, action_enumerator, start_state)"
strategist/experiment/run_search_game_simulation.py,99,action,"    simulator = GameSimulator(forward_transitor, actor_enumerator, action_enumerator, start_state, rng = rng)"
strategist/experiment/temp_func.py,150,phase,    phase = state['phase']
strategist/experiment/temp_func.py,152,quest,    quest_leader = state['quest_leader']
strategist/experiment/temp_func.py,153,"team,quest",    quest_team = state['quest_team']
strategist/experiment/temp_func.py,154,quest,    historical_quest_results = state['historical_quest_results']
strategist/experiment/temp_func.py,155,"team,vote",    historical_team_votes = state['historical_team_votes']
strategist/experiment/temp_func.py,158,quest,    num_participants_per_quest = state['num_participants_per_quest']
strategist/experiment/temp_func.py,159,"quest,fail",    num_fails_per_quest = state['num_fails_per_quest']
strategist/experiment/temp_func.py,162,role,    player_rates = {p: 0.5 for p in players} # Since we don't have any information about roles yet
strategist/experiment/temp_func.py,165,quest,    total_quests = len(num_participants_per_quest)
strategist/experiment/temp_func.py,166,discussion,"    total_rounds = 5 # In every turn, there can be at most 5 rounds of discussions"
strategist/experiment/temp_func.py,167,quest,    quests_passed = sum(historical_quest_results) 
strategist/experiment/temp_func.py,168,"quest,fail",    quests_failed = turn - quests_passed # Subtract quests passed from total quests attempted
strategist/experiment/temp_func.py,169,"team,vote,fail",    rounds_failed = sum([1 for vote in historical_team_votes if vote is False])
strategist/experiment/temp_func.py,171,"team,quest,success",    if quests_passed == 3: # 3 Successful Quests for Good Team => Good team wins
strategist/experiment/temp_func.py,172,"team,quest",        player_rates = {player: (1 if player in quest_team else 0) for player in players}
strategist/experiment/temp_func.py,173,"team,quest,success,fail",    elif quests_failed == 3: # 3 Successful Quests for Evil Team => Evil team wins
strategist/experiment/temp_func.py,174,"team,quest",        player_rates = {player: (1 if player not in quest_team else 0) for player in players}
strategist/experiment/temp_func.py,176,"team,quest,success",        # More successful quests increase win rates for the quest team
strategist/experiment/temp_func.py,177,"team,quest",        for player in quest_team:
strategist/experiment/temp_func.py,178,quest,            player_rates[player] += quests_passed / total_quests
strategist/experiment/temp_func.py,180,"team,quest,fail",        # More failed quests increase win rates for the non-quest team
strategist/experiment/temp_func.py,181,"team,quest",        for player in players - quest_team:
strategist/experiment/temp_func.py,182,"quest,fail",            player_rates[player] += quests_failed / total_quests
strategist/experiment/temp_func.py,185,"team,vote",    for qb in historical_team_votes:
strategist/experiment/temp_func.py,186,"team,quest","        if qb: # If a quest team is approved, increase win rate for quest team members"
strategist/experiment/temp_func.py,187,"team,quest",            for player in quest_team:
strategist/experiment/temp_func.py,189,"team,quest","        else: # If it is rejected, increase win rate for non-quest team members"
strategist/experiment/temp_func.py,190,"team,quest",            for player in players - quest_team:
strategist/experiment/temp_func.py,195,quest,"                            'quests_passed' : quests_passed,"
strategist/experiment/temp_func.py,196,"quest,fail","                            'quests_failed' : quests_failed,"
strategist/experiment/temp_func.py,197,fail,                            'rounds_failed' : rounds_failed}
strategist/experiment/temp_func.py,204,phase,    phase = state['phase']
strategist/experiment/temp_func.py,206,quest,    quest_leader = state['quest_leader']
strategist/experiment/temp_func.py,207,"team,quest",    quest_team = state['quest_team']
strategist/experiment/temp_func.py,208,quest,    historical_quest_results = state['historical_quest_results']
strategist/experiment/temp_func.py,209,"team,vote",    historical_team_votes = state['historical_team_votes']
strategist/experiment/temp_func.py,212,quest,    num_participants_per_quest = state['num_participants_per_quest']
strategist/experiment/temp_func.py,213,"quest,fail",    num_fails_per_quest = state['num_fails_per_quest']
strategist/experiment/temp_func.py,216,role,    player_rates = {p: 0.5 for p in players} # Since we don't have any information about roles yet
strategist/experiment/temp_func.py,219,quest,    total_quests = len(num_participants_per_quest)
strategist/experiment/temp_func.py,220,discussion,"    total_rounds = 5 # In every turn, there can be at most 5 rounds of discussions"
strategist/experiment/temp_func.py,221,quest,    quests_passed = sum(historical_quest_results) 
strategist/experiment/temp_func.py,222,"quest,fail",    quests_failed = turn - quests_passed # Subtract quests passed from total quests attempted
strategist/experiment/temp_func.py,223,"team,vote,fail",    rounds_failed = sum([1 for vote in historical_team_votes if vote is False])
strategist/experiment/temp_func.py,225,"team,quest,success",    if quests_passed == 3: # 3 Successful Quests for Good Team => Good team wins
strategist/experiment/temp_func.py,226,"team,quest",        player_rates = {player: (1 if player in quest_team else 0) for player in players}
strategist/experiment/temp_func.py,227,"team,quest,success,fail",    elif quests_failed == 3: # 3 Successful Quests for Evil Team => Evil team wins
strategist/experiment/temp_func.py,228,"team,quest",        player_rates = {player: (1 if player not in quest_team else 0) for player in players}
strategist/experiment/temp_func.py,230,"team,quest,success",        # More successful quests increase win rates for the quest team
strategist/experiment/temp_func.py,231,"team,quest",        for player in quest_team:
strategist/experiment/temp_func.py,232,quest,            player_rates[player] += quests_passed / total_quests
strategist/experiment/temp_func.py,234,"team,quest,fail",        # More failed quests increase win rates for the non-quest team
strategist/experiment/temp_func.py,235,"team,quest",        for player in players - quest_team:
strategist/experiment/temp_func.py,236,"quest,fail",            player_rates[player] += quests_failed / total_quests
strategist/experiment/temp_func.py,239,"team,vote",    for qb in historical_team_votes:
strategist/experiment/temp_func.py,240,"team,quest","        if qb: # If a quest team is approved, increase win rate for quest team members"
strategist/experiment/temp_func.py,241,"team,quest",            for player in quest_team:
strategist/experiment/temp_func.py,243,"team,quest","        else: # If it is rejected, increase win rate for non-quest team members"
strategist/experiment/temp_func.py,244,"team,quest",            for player in players - quest_team:
strategist/experiment/temp_func.py,249,quest,"                            'quests_passed' : quests_passed,"
strategist/experiment/temp_func.py,250,"quest,fail","                            'quests_failed' : quests_failed,"
strategist/experiment/temp_func.py,251,fail,                            'rounds_failed' : rounds_failed}
strategist/experiment/temp_func.py,258,phase,    phase = state['phase']
strategist/experiment/temp_func.py,260,quest,    quest_leader = state['quest_leader']
strategist/experiment/temp_func.py,261,"team,quest",    quest_team = state['quest_team']
strategist/experiment/temp_func.py,262,quest,    historical_quest_results = state['historical_quest_results']
strategist/experiment/temp_func.py,263,"team,vote",    historical_team_votes = state['historical_team_votes']
strategist/experiment/temp_func.py,266,quest,    num_participants_per_quest = state['num_participants_per_quest']
strategist/experiment/temp_func.py,267,"quest,fail",    num_fails_per_quest = state['num_fails_per_quest']
strategist/experiment/temp_func.py,270,role,    player_rates = {p: 0.5 for p in players} # Since we don't have any information about roles yet
strategist/experiment/temp_func.py,273,quest,    total_quests = len(num_participants_per_quest)
strategist/experiment/temp_func.py,274,discussion,"    total_rounds = 5 # In every turn, there can be at most 5 rounds of discussions"
strategist/experiment/temp_func.py,275,quest,    quests_passed = sum(historical_quest_results) 
strategist/experiment/temp_func.py,276,"quest,fail",    quests_failed = turn - quests_passed # Subtract quests passed from total quests attempted
strategist/experiment/temp_func.py,277,"team,vote,fail",    rounds_failed = sum([1 for vote in historical_team_votes if vote is False])
strategist/experiment/temp_func.py,279,"team,quest,success",    if quests_passed == 3: # 3 Successful Quests for Good Team => Good team wins
strategist/experiment/temp_func.py,280,"team,quest",        player_rates = {player: (1 if player in quest_team else 0) for player in players}
strategist/experiment/temp_func.py,281,"team,quest,success,fail",    elif quests_failed == 3: # 3 Successful Quests for Evil Team => Evil team wins
strategist/experiment/temp_func.py,282,"team,quest",        player_rates = {player: (1 if player not in quest_team else 0) for player in players}
strategist/experiment/temp_func.py,284,"team,quest,success",        # More successful quests increase win rates for the quest team
strategist/experiment/temp_func.py,285,"team,quest",        for player in quest_team:
strategist/experiment/temp_func.py,286,quest,            player_rates[player] += quests_passed / total_quests
strategist/experiment/temp_func.py,288,"team,quest,fail",        # More failed quests increase win rates for the non-quest team
strategist/experiment/temp_func.py,289,"team,quest",        for player in players - quest_team:
strategist/experiment/temp_func.py,290,"quest,fail",            player_rates[player] += quests_failed / total_quests
strategist/experiment/temp_func.py,293,"team,vote",    for qb in historical_team_votes:
strategist/experiment/temp_func.py,294,"team,quest","        if qb: # If a quest team is approved, increase win rate for quest team members"
strategist/experiment/temp_func.py,295,"team,quest",            for player in quest_team:
strategist/experiment/temp_func.py,297,"team,quest","        else: # If it is rejected, increase win rate for non-quest team members"
strategist/experiment/temp_func.py,298,"team,quest",            for player in players - quest_team:
strategist/experiment/temp_func.py,303,quest,"                            'quests_passed' : quests_passed,"
strategist/experiment/temp_func.py,304,"quest,fail","                            'quests_failed' : quests_failed,"
strategist/experiment/temp_func.py,305,fail,                            'rounds_failed' : rounds_failed}
strategist/searchlight/algorithms/best_first_search.py,60,action,            node.actor_to_action_to_prob = policies
strategist/searchlight/algorithms/best_first_search.py,61,action,            node.action_to_actor_to_reward = intermediate_rewards
strategist/searchlight/algorithms/best_first_search.py,62,action,            node.action_to_next_state = transitions
strategist/searchlight/algorithms/best_first_search.py,65,action,            # cut out actions that lead to cycles (i.e. actions that lead to states that are already in the graph)
strategist/searchlight/algorithms/best_first_search.py,67,action,                actions_to_remove = set()
strategist/searchlight/algorithms/best_first_search.py,68,action,"                for action, next_state in node.action_to_next_state.items():"
strategist/searchlight/algorithms/best_first_search.py,71,action,                            actions_to_remove.add(action)
strategist/searchlight/algorithms/best_first_search.py,74,action,                for action in actions_to_remove:
strategist/searchlight/algorithms/best_first_search.py,76,action,                    # node.action_to_next_state[action] = END_STATE
strategist/searchlight/algorithms/best_first_search.py,77,action,                    # node.action_to_actor_to_reward[action] = {actor: -float('inf') for actor in node.get_actors()}
strategist/searchlight/algorithms/best_first_search.py,78,action,                    del node.action_to_next_state[action]
strategist/searchlight/algorithms/best_first_search.py,79,action,                    del node.action_to_actor_to_reward[action]
strategist/searchlight/algorithms/best_first_search.py,80,action,"                    for actor, single_action in action:"
strategist/searchlight/algorithms/best_first_search.py,81,action,                        del node.actor_to_action_to_prob[actor][single_action]
strategist/searchlight/algorithms/best_first_search.py,82,action,                        if not node.actor_to_action_to_prob[actor]:
strategist/searchlight/algorithms/best_first_search.py,83,action,                            del node.actor_to_action_to_prob[actor]
strategist/searchlight/algorithms/best_first_search.py,85,action,                    # del node.actor_to_action_to_prob[0][action]
strategist/searchlight/algorithms/best_first_search.py,86,action,                    # TODO: we should also ban actions that lead to joint_actions that are already in the graph
strategist/searchlight/algorithms/full_search.py,15,action,"                 action_enumerator: ActionEnumerator, action_predictor: PolicyPredictor,):"
strategist/searchlight/algorithms/full_search.py,18,action,        self.action_enumerator = action_enumerator
strategist/searchlight/algorithms/full_search.py,20,action,        self.action_predictor = action_predictor
strategist/searchlight/algorithms/full_search.py,34,action,"                 action_enumerator: ActionEnumerator, action_predictor: PolicyPredictor,"
strategist/searchlight/algorithms/full_search.py,41,action,            action_enumerator: action enumerator
strategist/searchlight/algorithms/full_search.py,42,action,            action_predictor: action predictor
strategist/searchlight/algorithms/full_search.py,51,action,"                         action_enumerator, action_predictor,)"
strategist/searchlight/algorithms/full_search.py,58,action,"    def get_best_action(self, graph: ValueGraph2, state: State, actor=0):"
strategist/searchlight/algorithms/full_search.py,60,action,        Get the best action to take for the given state
strategist/searchlight/algorithms/full_search.py,65,action,        if actor in node.actor_to_best_action:
strategist/searchlight/algorithms/full_search.py,66,action,            return node.actor_to_best_action[actor]
strategist/searchlight/algorithms/full_search.py,139,action,"                env_actions = self.action_enumerator.enumerate(state, -1)"
strategist/searchlight/algorithms/full_search.py,140,action,                # joint actions
strategist/searchlight/algorithms/full_search.py,141,action,"                node.actions = {((-1, action),) for action in env_actions}"
strategist/searchlight/algorithms/full_search.py,144,action,"                # print('node actions', node.actions)"
strategist/searchlight/algorithms/full_search.py,147,action,                for action in node.actions:
strategist/searchlight/algorithms/full_search.py,148,action,"                    # print('action', action)"
strategist/searchlight/algorithms/full_search.py,149,action,"                    next_state = self.forward_transistor.transition(state, dict(action))"
strategist/searchlight/algorithms/full_search.py,150,action,                    node.action_to_next_state[action] = next_state
strategist/searchlight/algorithms/full_search.py,153,action,"                probs = self.action_predictor.predict(state, env_actions, -1)"
strategist/searchlight/algorithms/full_search.py,154,action,"                action_to_prob = {action: prob for action, prob in zip(node.actions, probs)}"
strategist/searchlight/algorithms/full_search.py,155,action,                node.actor_to_action_to_prob  = {-1: action_to_prob}
strategist/searchlight/algorithms/full_search.py,157,action,"                # print('probs over actions', node.probs_over_actions)"
strategist/searchlight/algorithms/full_search.py,158,action,                for next_state in set(node.action_to_next_state.values()):
strategist/searchlight/algorithms/full_search.py,164,action,                # add expected value over actions 
strategist/searchlight/algorithms/full_search.py,165,action,                for action in node.actions:
strategist/searchlight/algorithms/full_search.py,166,action,                    next_state = node.action_to_next_state[action]
strategist/searchlight/algorithms/full_search.py,167,action,                    prob = action_to_prob[action]
strategist/searchlight/algorithms/full_search.py,175,action,                # enumerate actions for each actor
strategist/searchlight/algorithms/full_search.py,176,action,                actor_to_actions = dict()
strategist/searchlight/algorithms/full_search.py,178,action,"                    actor_to_actions[actor] = self.action_enumerator.enumerate(state, actor)"
strategist/searchlight/algorithms/full_search.py,180,action,"                # print('actor to actions', actor_to_actions)"
strategist/searchlight/algorithms/full_search.py,182,action,                # print([x for x in itertools.product(*node.actor_to_actions.values())])
strategist/searchlight/algorithms/full_search.py,184,action,"                # enumerate all possible joint actions as tuples of tuples (actor,action) pairs"
strategist/searchlight/algorithms/full_search.py,185,action,"                node.actions = [tuple(zip(node.actors, x)) for x in itertools.product(*actor_to_actions.values())]"
strategist/searchlight/algorithms/full_search.py,186,action,                # node.actions = dict_to_set_of_cartesian_products(node.actions)
strategist/searchlight/algorithms/full_search.py,188,action,"                # print('actions', node.actions)"
strategist/searchlight/algorithms/full_search.py,193,action,                for joint_action in node.actions:
strategist/searchlight/algorithms/full_search.py,194,action,"                    next_state = self.forward_transistor.transition(state, dict(joint_action))"
strategist/searchlight/algorithms/full_search.py,196,action,                    node.action_to_next_state[joint_action] = next_state
strategist/searchlight/algorithms/full_search.py,197,action,"                    # print('joint action', joint_action, 'next state', next_state)"
strategist/searchlight/algorithms/full_search.py,221,action,"                # for each protagonist action, find the best response of the opponent"
strategist/searchlight/algorithms/full_search.py,222,action,"                opponent_best_responses = dict() # mapping from protagonist action to tuple of (opponent action, value)"
strategist/searchlight/algorithms/full_search.py,225,action,                for proaction in actor_to_actions[0]:
strategist/searchlight/algorithms/full_search.py,226,action,"                    opponent_best_responses[proaction] = (None, float('inf'))"
strategist/searchlight/algorithms/full_search.py,228,action,                # find best response for each protagonist action
strategist/searchlight/algorithms/full_search.py,229,action,                for joint_action in node.actions:
strategist/searchlight/algorithms/full_search.py,230,action,                    proaction = dict(joint_action)[0]
strategist/searchlight/algorithms/full_search.py,231,action,                    value = next_state_to_values[node.action_to_next_state[joint_action]]
strategist/searchlight/algorithms/full_search.py,232,action,"                    # print('joint action', joint_action, 'value', value)"
strategist/searchlight/algorithms/full_search.py,233,action,                    if value < opponent_best_responses[proaction][1]:
strategist/searchlight/algorithms/full_search.py,234,action,"                        opponent_best_responses[proaction] = (joint_action[1], value)"
strategist/searchlight/algorithms/full_search.py,238,action,                proaction_to_value = dict() # mapping from protagonist action to value
strategist/searchlight/algorithms/full_search.py,239,action,                # set action to value to be opponent best response
strategist/searchlight/algorithms/full_search.py,240,action,                for proaction in actor_to_actions[0]:
strategist/searchlight/algorithms/full_search.py,241,action,                    proaction_to_value[proaction] = opponent_best_responses[proaction][1]
strategist/searchlight/algorithms/full_search.py,243,action,                # value should be max of actions
strategist/searchlight/algorithms/full_search.py,244,action,"                best_action, value = max(proaction_to_value.items(), key=lambda x: x[1])"
strategist/searchlight/algorithms/full_search.py,246,action,                node.actor_to_best_action[0] = best_action
strategist/searchlight/algorithms/full_search.py,278,action,"#                  action_enumerator: ActionEnumerator, action_predictor: ActionPredictor,"
strategist/searchlight/algorithms/full_search.py,282,action,"#                          action_enumerator, action_predictor, utility_estimator)"
strategist/searchlight/algorithms/full_search.py,371,action,#                 if node.actions is None or revise:
strategist/searchlight/algorithms/full_search.py,372,action,"#                     node.actions = self.action_enumerator.enumerate(state, -1)"
strategist/searchlight/algorithms/full_search.py,374,action,"#                 # print('node actions', node.actions)"
strategist/searchlight/algorithms/full_search.py,376,action,#                 if not node.action_to_next_state or revise: # Dictionary is empty
strategist/searchlight/algorithms/full_search.py,378,action,#                     for action in node.actions:
strategist/searchlight/algorithms/full_search.py,379,action,"#                         # print('action', action)"
strategist/searchlight/algorithms/full_search.py,380,action,"#                         next_state = self.forward_transistor.transition(state, {-1: action})"
strategist/searchlight/algorithms/full_search.py,381,action,#                         node.action_to_next_state[action] = next_state
strategist/searchlight/algorithms/full_search.py,383,action,#                 if not node.probs_over_actions or revise: # Dictionary is empty
strategist/searchlight/algorithms/full_search.py,384,action,"#                     node.probs_over_actions = self.action_predictor.predict(state, node.actions, -1)"
strategist/searchlight/algorithms/full_search.py,396,action,"#                 # print('probs over actions', node.probs_over_actions)"
strategist/searchlight/algorithms/full_search.py,397,action,#                 for next_state in set(node.action_to_next_state.values()):
strategist/searchlight/algorithms/full_search.py,407,action,#                 # add expected value over actions 
strategist/searchlight/algorithms/full_search.py,408,action,#                 for action in node.actions:
strategist/searchlight/algorithms/full_search.py,409,action,#                     next_state = node.action_to_next_state[action]
strategist/searchlight/algorithms/full_search.py,410,action,#                     prob = node.probs_over_actions[action]
strategist/searchlight/algorithms/full_search.py,418,action,#                 # enumerate actions for each actor
strategist/searchlight/algorithms/full_search.py,419,action,#                 if not node.actor_to_actions or revise:
strategist/searchlight/algorithms/full_search.py,421,action,"#                         node.actor_to_actions[actor] = self.action_enumerator.enumerate(state, actor)"
strategist/searchlight/algorithms/full_search.py,423,action,"#                 # print('actor to actions', node.actor_to_actions)"
strategist/searchlight/algorithms/full_search.py,425,action,#                 # print([x for x in itertools.product(*node.actor_to_actions.values())])
strategist/searchlight/algorithms/full_search.py,431,action,#                 # set proaction to value to be -inf
strategist/searchlight/algorithms/full_search.py,432,action,#                 for proaction in node.actor_to_actions[0]:
strategist/searchlight/algorithms/full_search.py,433,action,#                     node.proaction_to_value[proaction] = -float('inf')
strategist/searchlight/algorithms/full_search.py,439,action,#                     for proaction in node.actor_to_actions[0]:
strategist/searchlight/algorithms/full_search.py,440,action,#                         for adaction in node.actor_to_actions[1]:
strategist/searchlight/algorithms/full_search.py,441,action,"#                             joint_action = ((0, proaction), (1, adaction))"
strategist/searchlight/algorithms/full_search.py,442,action,"#                             next_state = self.forward_transistor.transition(state, dict(joint_action))"
strategist/searchlight/algorithms/full_search.py,444,action,#                             node.action_to_next_state[joint_action] = next_state
strategist/searchlight/algorithms/full_search.py,445,action,"#                             # print('joint action', joint_action, 'next state', next_state)"
strategist/searchlight/algorithms/full_search.py,456,action,"#                 # print('actions', node.actions) "
strategist/searchlight/algorithms/full_search.py,458,action,#                 for proaction in node.actor_to_actions[0]:
strategist/searchlight/algorithms/full_search.py,460,action,#                     for adaction in node.actor_to_actions[1]:
strategist/searchlight/algorithms/full_search.py,461,action,"#                         joint_action = ((0, proaction), (1, adaction))"
strategist/searchlight/algorithms/full_search.py,462,action,#                         next_state = node.action_to_next_state[joint_action]
strategist/searchlight/algorithms/full_search.py,475,action,#                     node.proaction_to_value[proaction] = minvalue
strategist/searchlight/algorithms/full_search.py,484,action,"#                 # print('proaction to value', node.proaction_to_value)"
strategist/searchlight/algorithms/full_search.py,486,action,#                 # value should be max of actions
strategist/searchlight/algorithms/mcts_search.py,50,action,            best_action: best action to take for player in the given state
strategist/searchlight/algorithms/mcts_search.py,77,action,"    def get_best_action(self, graph: ValueGraph2, state: State, actor=0):"
strategist/searchlight/algorithms/mcts_search.py,79,action,        Get the best action to take for the given state
strategist/searchlight/algorithms/mcts_search.py,84,action,        return dict(graph.select_action(node))[actor]
strategist/searchlight/algorithms/mcts_search.py,90,action,"        The convention for joint actions is a tuple of tuples (actor, action), which can be converted to a dictionary"
strategist/searchlight/algorithms/mcts_search.py,91,action,        using dict(joint_action)
strategist/searchlight/algorithms/mcts_search.py,110,action,        # if not then select an action to simulate
strategist/searchlight/algorithms/mcts_search.py,111,action,        action = graph.select_action(node)
strategist/searchlight/algorithms/mcts_search.py,112,action,"        # print('selected action', action)"
strategist/searchlight/algorithms/mcts_search.py,114,action,"        # print('possible actions', node.actions)"
strategist/searchlight/algorithms/mcts_search.py,117,action,        next_state = node.action_to_next_state[action]
strategist/searchlight/algorithms/mcts_search.py,123,action,"        graph.backpropagate(node, action, next_state)"
strategist/searchlight/bandit.py,48,action,                                      state_action_visits=self.get_arm_visits(arm))
strategist/searchlight/classic_models.py,5,action,# class RandomActionPredictor(PolicyPredictor):
strategist/searchlight/classic_models.py,7,action,"#     def _predict(self, state: State, actions, actor) -> dict:"
strategist/searchlight/classic_models.py,9,action,#         Predicts the policy probabilities across actions given the current state and actor
strategist/searchlight/classic_models.py,13,action,#             actions: list of actions
strategist/searchlight/classic_models.py,17,action,#             probs: dictionary of actions to probabilities
strategist/searchlight/classic_models.py,20,action,#         for action in actions:
strategist/searchlight/classic_models.py,21,action,#             probs[action] = 1/len(actions)
strategist/searchlight/classic_models.py,30,action,"    def __init__(self,players: set[int], actor_action_enumerator: ActorActionEnumerator, forward_transitor: ForwardTransitor, num_rollouts=10, rng: np.random.Generator = np.random.default_rng()):"
strategist/searchlight/classic_models.py,34,action,            action_enumerator: action enumerator
strategist/searchlight/classic_models.py,35,action,            action_predictor: action predictor
strategist/searchlight/classic_models.py,40,action,"        self.game_simulator = GameSimulator(actor_action_enumerator=actor_action_enumerator, transitor=forward_transitor)"
strategist/searchlight/datastructures/adjusters.py,16,action,"    def adjust(self, qvalue: float, prior: float, state_visits: int, state_action_visits: int) -> float:"
strategist/searchlight/datastructures/adjusters.py,18,action,        Adjusts the qvalue for a given state-action pair
strategist/searchlight/datastructures/adjusters.py,22,action,            prior: prior probability of the action
strategist/searchlight/datastructures/adjusters.py,24,action,            state_action_visits: number of visits to the state-action pair
strategist/searchlight/datastructures/adjusters.py,37,action,"    def adjust(self, qvalue, prior, state_visits, state_action_visits) -> float:"
strategist/searchlight/datastructures/adjusters.py,39,action,        Adjusts the qvalue for a given state-action pair
strategist/searchlight/datastructures/adjusters.py,43,action,            prior: prior probability of the action
strategist/searchlight/datastructures/adjusters.py,45,action,            state_action_visits: number of visits to the state-action pair
strategist/searchlight/datastructures/adjusters.py,50,action,        return qvalue + prior*np.sqrt(state_visits)/(1 + state_action_visits) *(self.c1 + np.log((state_visits + self.c2 + 1)/self.c2))
strategist/searchlight/datastructures/adjusters.py,58,action,"    def adjust(self, qvalue: float, prior: float=1.0, state_visits: int=1, state_action_visits:int=1) -> float:"
strategist/searchlight/datastructures/adjusters.py,60,action,        Adjusts the qvalue for a given state-action pair
strategist/searchlight/datastructures/adjusters.py,64,action,            prior: prior probability of the action
strategist/searchlight/datastructures/adjusters.py,66,action,            state_action_visits: number of visits to the state-action pair
strategist/searchlight/datastructures/adjusters.py,71,action,"        # if state_action_visits == 0, set it to a small value"
strategist/searchlight/datastructures/adjusters.py,72,action,"        state_action_visits = max(state_action_visits, self.small_value)"
strategist/searchlight/datastructures/adjusters.py,73,action,"        # print('ucb', qvalue, prior, state_visits, state_action_visits, self.c)"
strategist/searchlight/datastructures/adjusters.py,74,action,        return qvalue + prior*np.sqrt(np.log(state_visits)/(state_action_visits)) *self.c
strategist/searchlight/datastructures/beliefs.py,47,action,    action_to_next_state: dict
strategist/searchlight/datastructures/beliefs.py,50,action,    action_to_prob_weights: dict
strategist/searchlight/datastructures/beliefs.py,51,action,    action_to_actor_to_reward: dict
strategist/searchlight/datastructures/beliefs.py,54,action,    action_to_visits: dict
strategist/searchlight/datastructures/beliefs.py,55,action,    actions: set[Hashable]
strategist/searchlight/datastructures/beliefs.py,63,action,        self.action_to_next_state = dict() # maps action to next state
strategist/searchlight/datastructures/beliefs.py,64,action,        self.action_to_actor_to_reward = dict() # maps action to actor to intermediate reward
strategist/searchlight/datastructures/beliefs.py,65,action,        self.action_to_prob_weights = defaultdict(lambda: 1.0) # maps action to probability for the actor
strategist/searchlight/datastructures/beliefs.py,69,action,        self.action_to_visits = defaultdict(int) # maps action to number of visits
strategist/searchlight/datastructures/beliefs.py,77,action,        self.actions = set()
strategist/searchlight/datastructures/beliefs.py,81,action,        self.action_to_visits = defaultdict(int)
strategist/searchlight/datastructures/beliefs.py,83,action,        self.action_to_next_state = dict()
strategist/searchlight/datastructures/beliefs.py,84,action,        self.action_to_actor_to_reward = dict()
strategist/searchlight/datastructures/beliefs.py,85,action,        self.action_to_prob_weights = defaultdict(lambda: 1.0)
strategist/searchlight/datastructures/beliefs.py,89,action,    def get_action_to_probs(self) -> dict:
strategist/searchlight/datastructures/beliefs.py,91,action,        Normalizes the action to prob weights and returns it
strategist/searchlight/datastructures/beliefs.py,93,action,        total = sum(self.action_to_prob_weights.values())
strategist/searchlight/datastructures/beliefs.py,94,action,"        return {action: prob/total for action, prob in self.action_to_prob_weights.items()}"
strategist/searchlight/datastructures/beliefs.py,97,action,        return set(self.action_to_next_state.values())
strategist/searchlight/datastructures/beliefs.py,107,action,    def get_actions(self) -> set:
strategist/searchlight/datastructures/beliefs.py,108,action,        # return set(self.action_to_next_state.keys())
strategist/searchlight/datastructures/beliefs.py,109,action,        return self.actions
strategist/searchlight/datastructures/beliefs.py,120,action,    def get_unvisited_actions(self) -> set[Hashable]:
strategist/searchlight/datastructures/beliefs.py,121,action,        return self.get_actions() - set(self.action_to_visits.keys())
strategist/searchlight/datastructures/beliefs.py,123,action,"    def all_actions_have_negative_intermediate_reward(self, actor: int) -> bool:"
strategist/searchlight/datastructures/beliefs.py,125,action,        Returns whether all actions have a negative intermediate reward for the actor
strategist/searchlight/datastructures/beliefs.py,127,action,        return all(self.action_to_actor_to_reward[action][actor] < 0 for action in self.get_actions())
strategist/searchlight/datastructures/beliefs.py,140,action,    actions: set
strategist/searchlight/datastructures/beliefs.py,147,action,        self.actions = set()
strategist/searchlight/datastructures/beliefs.py,155,action,"    def add_actions(self, actions: set):"
strategist/searchlight/datastructures/beliefs.py,156,action,        self.actions.update(actions)
strategist/searchlight/datastructures/graphs.py,18,action,    A DAG where each node represents a state and each edge represents an action
strategist/searchlight/datastructures/graphs.py,109,step,"    def simulate_trajectory(self, state: Hashable, num_steps: int = -1, stop_condition: Union[Callable[[ValueNode], bool], str] = lambda x : False) -> List[Tuple[Hashable, Hashable]]:"
strategist/searchlight/datastructures/graphs.py,111,step,        Simulates a trajectory from the given state for a given number of steps.
strategist/searchlight/datastructures/graphs.py,112,action,        Players will take optimal actions according to the graph
strategist/searchlight/datastructures/graphs.py,113,action,        Environment will take actions according to the random policy
strategist/searchlight/datastructures/graphs.py,117,step,"            num_steps: number of steps to simulate. if -1, simulates until the end of the graph (unexpanded node)"
strategist/searchlight/datastructures/graphs.py,120,action,"            trajectory: list of tuples of state and action. will be of the form [(None, start_state), (action1, state1) ...]. "
strategist/searchlight/datastructures/graphs.py,128,action,"            if stop_condition == ""has_unvisited_actions"":"
strategist/searchlight/datastructures/graphs.py,129,action,                # check if x.get_unvisited_actions() is not empty
strategist/searchlight/datastructures/graphs.py,130,action,                stop_condition = lambda x : len(x.get_unvisited_actions()) >= 0
strategist/searchlight/datastructures/graphs.py,133,action,                stop_condition = lambda x : x.all_actions_have_negative_intermediate_reward(0)
strategist/searchlight/datastructures/graphs.py,140,step,        # Initialize a variable to keep track of the current step number.
strategist/searchlight/datastructures/graphs.py,141,step,        current_step = 0
strategist/searchlight/datastructures/graphs.py,152,action,"            # In either case, append the current state with None action and break."
strategist/searchlight/datastructures/graphs.py,157,action,"                #     self.logger.debug(f""node.get_unvisited_actions(): {node.get_unvisited_actions()}"")"
strategist/searchlight/datastructures/graphs.py,158,action,"                #     self.logger.debug(f""node.all_actions_have_negative_intermediate_reward(0): {node.all_actions_have_negative_intermediate_reward(0)}"")"
strategist/searchlight/datastructures/graphs.py,159,action,"                #     self.logger.debug(f""actions: {node.get_actions()}"")"
strategist/searchlight/datastructures/graphs.py,164,action,"            # print(""actions at node"", node.actions)"
strategist/searchlight/datastructures/graphs.py,165,action,"            # print(""actions in prob"", node.action_to_prob_weights.keys())"
strategist/searchlight/datastructures/graphs.py,166,action,"            # print(""actions in next state"", node.action_to_next_state.keys())"
strategist/searchlight/datastructures/graphs.py,167,action,"            action = self.select_action(node, filter_out_states=visited_states)"
strategist/searchlight/datastructures/graphs.py,169,action,            if action is None: # this means that all actions lead to states that are already visited
strategist/searchlight/datastructures/graphs.py,171,action,            next_state = node.action_to_next_state[action]
strategist/searchlight/datastructures/graphs.py,172,action,"            trajectory.append((action, next_state))"
strategist/searchlight/datastructures/graphs.py,176,step,            current_step += 1
strategist/searchlight/datastructures/graphs.py,178,step,"            # If num_steps is not -1 (fixed step case), check if the current step equals num_steps."
strategist/searchlight/datastructures/graphs.py,179,step,            # Break if we've reached the required number of steps.
strategist/searchlight/datastructures/graphs.py,180,step,            if num_steps != -1 and current_step >= num_steps:
strategist/searchlight/datastructures/graphs.py,184,action,"    def select_action(self, node: ValueNode, maximizing_method: str = ""max"", filter_out_states: list[Hashable] = [], filter_out_actions: list[Hashable] = []) -> Hashable:"
strategist/searchlight/datastructures/graphs.py,186,action,        Selects action to simulate. NOTE: we only select visited actions!!!
strategist/searchlight/datastructures/graphs.py,189,action,            node: node to select the action from
strategist/searchlight/datastructures/graphs.py,190,action,"            maximizing_method: method to use to select the action. Currently only ""max"" is supported"
strategist/searchlight/datastructures/graphs.py,192,action,            filter_out_actions: actions to filter out
strategist/searchlight/datastructures/graphs.py,194,action,        Returns None if the node is terminal or if there are no valid actions
strategist/searchlight/datastructures/graphs.py,199,action,        # _action_to_prob = node.get_action_to_probs()
strategist/searchlight/datastructures/graphs.py,200,action,        action_to_prob = node.get_action_to_probs() 
strategist/searchlight/datastructures/graphs.py,201,action,        # action_to_prob = dict()
strategist/searchlight/datastructures/graphs.py,202,action,        # actions = node.get_actions()
strategist/searchlight/datastructures/graphs.py,203,action,        # for action in actions:
strategist/searchlight/datastructures/graphs.py,204,action,        #     action_to_prob[action] = _action_to_prob[action]
strategist/searchlight/datastructures/graphs.py,206,action,"        # if actor == -1 (environment), then select an action according to the policy"
strategist/searchlight/datastructures/graphs.py,207,action,        # i.e. probability weights should be node.actor_to_action_to_prob[actor].values()
strategist/searchlight/datastructures/graphs.py,209,action,            # set the probability weights of any actions in filter_out_actions to 0
strategist/searchlight/datastructures/graphs.py,210,action,            for action in filter_out_actions:
strategist/searchlight/datastructures/graphs.py,211,action,                action_to_prob[action] = 0
strategist/searchlight/datastructures/graphs.py,212,action,            # set the probability weights of any actions that lead to states in filter_out_states to 0
strategist/searchlight/datastructures/graphs.py,213,action,"            for action, next_state in node.action_to_next_state.items():"
strategist/searchlight/datastructures/graphs.py,215,action,                    action_to_prob[action] = 0
strategist/searchlight/datastructures/graphs.py,217,action,            total = sum(action_to_prob.values())
strategist/searchlight/datastructures/graphs.py,218,action,"            action_to_prob = {action: prob/total for action, prob in action_to_prob.items()}"
strategist/searchlight/datastructures/graphs.py,219,action,"            return self.rng.choice(list(action_to_prob.keys()), p=list(action_to_prob.values()))"
strategist/searchlight/datastructures/graphs.py,220,action,        # otherwise choose the action with the highest adjusted qvalue
strategist/searchlight/datastructures/graphs.py,222,action,            adj_qvalues = self.get_adjusted_qvalues(node.state) # this is a dictionary of action to qvalue
strategist/searchlight/datastructures/graphs.py,224,action,            # filter out any actions that are in filter_out_actions
strategist/searchlight/datastructures/graphs.py,225,action,"            adj_qvalues = {action: qvalue for action, qvalue in adj_qvalues.items() if action not in filter_out_actions}"
strategist/searchlight/datastructures/graphs.py,226,action,            # filter out any actions that lead to states in filter_out_states
strategist/searchlight/datastructures/graphs.py,227,action,"            adj_qvalues = {action: qvalue for action, qvalue in adj_qvalues.items() if node.action_to_next_state[action] not in filter_out_states}"
strategist/searchlight/datastructures/graphs.py,235,action,"    def select_random_unvisited_action(self, state: Hashable) -> Hashable:"
strategist/searchlight/datastructures/graphs.py,237,action,        Selects a random unvisited action from the state uniformly and returns the action and nextstate. Return None if all actions are visited
strategist/searchlight/datastructures/graphs.py,240,action,            state: state to select the action from
strategist/searchlight/datastructures/graphs.py,243,action,            action: selected action
strategist/searchlight/datastructures/graphs.py,248,action,        unvisited_actions = node.get_unvisited_actions()
strategist/searchlight/datastructures/graphs.py,249,action,        if len(unvisited_actions) == 0:
strategist/searchlight/datastructures/graphs.py,251,action,        action = self.rng.choice(list(unvisited_actions))
strategist/searchlight/datastructures/graphs.py,252,action,        return action
strategist/searchlight/datastructures/graphs.py,263,action,        # find the qvalue for each action
strategist/searchlight/datastructures/graphs.py,264,action,        action_to_expected_qvalue = dict()
strategist/searchlight/datastructures/graphs.py,265,action,"        for action, next_state in node.action_to_next_state.items():"
strategist/searchlight/datastructures/graphs.py,276,action,            reward = node.action_to_actor_to_reward[action][actor]
strategist/searchlight/datastructures/graphs.py,278,action,            action_to_expected_qvalue[action] = next_value + reward
strategist/searchlight/datastructures/graphs.py,279,action,        return action_to_expected_qvalue
strategist/searchlight/datastructures/graphs.py,285,action,        NOTE: this only gets the qvalues for visited actions!!!
strategist/searchlight/datastructures/graphs.py,292,action,            action_to_value: dictionary of adjusted qvalues
strategist/searchlight/datastructures/graphs.py,297,action,        action_to_prob = node.get_action_to_probs()
strategist/searchlight/datastructures/graphs.py,298,action,        # get the expected qvalue for each action
strategist/searchlight/datastructures/graphs.py,299,action,        action_to_expected_qvalue = self.get_qvalues(state)
strategist/searchlight/datastructures/graphs.py,301,action,"        # for each action, use the adjuster to get the adjusted qvalue"
strategist/searchlight/datastructures/graphs.py,302,action,        action_to_value = dict()
strategist/searchlight/datastructures/graphs.py,303,action,        for action in node.get_actions():
strategist/searchlight/datastructures/graphs.py,304,action,"            action_to_value[action] = self.adjuster.adjust(action_to_expected_qvalue[action], action_to_prob[action], node.visits, node.action_to_visits[action])"
strategist/searchlight/datastructures/graphs.py,305,action,        return action_to_value
strategist/searchlight/datastructures/graphs.py,307,action,"    def get_best_action(self, state: Hashable, actions: Optional[set[Hashable]] = None):"
strategist/searchlight/datastructures/graphs.py,309,action,        Gets the best action for the given state
strategist/searchlight/datastructures/graphs.py,325,action,            policy: dictionary of actions to probabilities
strategist/searchlight/datastructures/graphs.py,327,action,        action_to_prob = self.get_joint_action_probabilities(node)
strategist/searchlight/datastructures/graphs.py,330,action,"            action_to_qvalue = self.get_adjusted_qvalues(node, actor, action_to_prob)"
strategist/searchlight/datastructures/graphs.py,332,action,"            action_to_qvalue = self.get_qvalues(node, actor, action_to_prob)"
strategist/searchlight/datastructures/graphs.py,335,action,        for action in action_to_qvalue:
strategist/searchlight/datastructures/graphs.py,336,action,            policy[action] = np.exp(action_to_qvalue[action]/temperature)
strategist/searchlight/datastructures/graphs.py,339,action,        for action in policy:
strategist/searchlight/datastructures/graphs.py,340,action,            policy[action] /= total
strategist/searchlight/datastructures/graphs.py,353,action,            policy: dictionary of actions to probabilities
strategist/searchlight/datastructures/graphs.py,356,action,        actions = node.get_actions_for_actor(actor)
strategist/searchlight/datastructures/graphs.py,357,action,        action_to_temperature = dict()
strategist/searchlight/datastructures/graphs.py,358,action,        for action in actions:
strategist/searchlight/datastructures/graphs.py,359,action,            action_to_temperature[action] = np.sqrt(constant/node.actor_to_action_visits[actor][action])
strategist/searchlight/datastructures/graphs.py,361,action,        action_to_prob = self.get_joint_action_probabilities(node)
strategist/searchlight/datastructures/graphs.py,365,action,"            action_to_qvalue = self.get_adjusted_qvalues(node, actor, action_to_prob)"
strategist/searchlight/datastructures/graphs.py,367,action,"            action_to_qvalue = self.get_qvalues(node, actor, action_to_prob)"
strategist/searchlight/datastructures/graphs.py,371,action,        for action in action_to_qvalue:
strategist/searchlight/datastructures/graphs.py,372,action,            policy[action] = np.exp(action_to_qvalue[action]/action_to_temperature[action])
strategist/searchlight/datastructures/graphs.py,375,action,        for action in policy:
strategist/searchlight/datastructures/graphs.py,376,action,            policy[action] /= total
strategist/searchlight/datastructures/graphs.py,406,action,"    def backpropagate(self, state: Hashable, action, next_state: Hashable):"
strategist/searchlight/datastructures/graphs.py,412,action,            action: action taken to get to the next state
strategist/searchlight/datastructures/graphs.py,430,action,"            self.logger.debug(f""Node actions: {node.get_actions()}"")"
strategist/searchlight/datastructures/graphs.py,432,action,            reward = node.action_to_actor_to_reward[action][actor]
strategist/searchlight/datastructures/graphs.py,440,action,        # update the number of visits to the state-action pair
strategist/searchlight/datastructures/graphs.py,441,action,        node.action_to_visits[action] += 1
strategist/searchlight/datastructures/graphs.py,448,action,"            trajectory: trajectory to backpropagate, list of (action, state) pairs, starting with (None, initial_state)."
strategist/searchlight/datastructures/graphs.py,455,action,"            action, next_state = trajectory[i]"
strategist/searchlight/datastructures/graphs.py,456,action,"            self.backpropagate(state, action, next_state)"
strategist/searchlight/datastructures/graphs.py,466,action,"            List of tuples, where each tuple contains a state and the joint action taken to reach that state from its parent,"
strategist/searchlight/datastructures/graphs.py,477,action,            # Find the action that leads from the parent to the current node.
strategist/searchlight/datastructures/graphs.py,478,action,"            for action, next_state in parent_node.action_to_next_state.items():"
strategist/searchlight/datastructures/graphs.py,480,action,"                    path.append((parent_node.state, action))"
strategist/searchlight/datastructures/graphs.py,494,action,"    def add_child_to_state(self, state: Hashable, child_state: Hashable, action: Hashable, rewards: dict[int, float],):"
strategist/searchlight/datastructures/graphs.py,496,action,        Adds a child to a state with the given action and reward
strategist/searchlight/datastructures/graphs.py,501,action,            action: action taken to get to the child
strategist/searchlight/datastructures/graphs.py,502,action,            reward: reward received for taking the action for each actor
strategist/searchlight/datastructures/graphs.py,512,action,        node.action_to_next_state[action] = child_state
strategist/searchlight/datastructures/graphs.py,513,action,        node.action_to_actor_to_reward[action] = rewards
strategist/searchlight/datastructures/graphs.py,514,action,        node.actions.add(action)
strategist/searchlight/datastructures/graphs.py,515,action,        node.action_to_prob_weights[action] = 1.0 # TODO: check this
strategist/searchlight/datastructures/graphs.py,516,action,        # node.action_to_prob_weights[action] = prob_weight
strategist/searchlight/datastructures/graphs.py,518,action,"    def overwrite_state(self, state: Hashable, actor: Optional[int], actions: set[Hashable], actor_to_value_estimates: dict[int, float], notes: dict, prob_weights: Optional[dict[Hashable, float]] = None):"
strategist/searchlight/datastructures/graphs.py,525,action,            actions: new actions for the state
strategist/searchlight/datastructures/graphs.py,536,action,        node.actions = actions
strategist/searchlight/datastructures/graphs.py,538,action,            node.action_to_prob_weights = prob_weights
strategist/searchlight/datastructures/graphs.py,595,action,"        # edge_labels = nx.get_edge_attributes(G, 'action')"
strategist/searchlight/datastructures/graphs.py,657,action,        # add all actions in node to information set node
strategist/searchlight/datastructures/graphs.py,658,action,        information_set_node.add_actions(node.get_actions())
strategist/searchlight/datastructures/graphs.py,668,action,        action_to_expected_qvalue = dict()
strategist/searchlight/datastructures/graphs.py,669,action,        for action in information_set_node.actions:
strategist/searchlight/datastructures/graphs.py,675,action,                if action in node.action_to_next_state:
strategist/searchlight/datastructures/graphs.py,676,action,                    next_state = node.action_to_next_state[action]
strategist/searchlight/datastructures/graphs.py,679,action,                        reward = node.action_to_actor_to_reward[action][acting_player]
strategist/searchlight/datastructures/graphs.py,682,action,            action_to_expected_qvalue[action] = self.utility_estimator.estimate_list(value_estimate_list)
strategist/searchlight/datastructures/graphs.py,683,action,        return action_to_expected_qvalue
strategist/searchlight/datastructures/graphs.py,690,action,"    def add_child_to_state(self, state: Hashable, child_state: Hashable, action: Any, rewards: dict[int, float],):"
strategist/searchlight/datastructures/graphs.py,691,action,"        super().add_child_to_state(state, child_state, action, rewards)"
strategist/searchlight/datastructures/graphs.py,692,action,        # also add the action to the information set for state
strategist/searchlight/datastructures/graphs.py,698,action,        information_set_node.add_actions({action})
strategist/searchlight/datastructures/graphs.py,700,action,"    def overwrite_state(self, state: Hashable, actor: Optional[int], actions: set[Hashable], actor_to_value_estimates: dict[int, float], notes: dict, prob_weights: Optional[dict[Hashable, float]] = None, information_set: Hashable = None):"
strategist/searchlight/datastructures/graphs.py,701,action,"        super().overwrite_state(state, actor, actions, actor_to_value_estimates, notes, prob_weights)"
strategist/searchlight/datastructures/graphs.py,719,action,            information_set_node.add_actions(actions)
strategist/searchlight/datastructures/graphs.py,721,step,"    # def simulate_trajectory_from_information_set(self, information_set: Hashable, information_prior: InformationPrior, num_steps: int = -1, stop_condition: Callable[[ValueNode], bool] | str = lambda x : False) -> list[Tuple[Hashable, Hashable]]:"
strategist/searchlight/datastructures/graphs.py,737,step,"    #     return super().simulate_trajectory(state, num_steps, stop_condition)"
strategist/searchlight/datastructures/graphs.py,758,action,"    def get_best_action_from_information_set(self, information_set: Hashable, actions: set[Hashable]):"
strategist/searchlight/datastructures/graphs.py,760,action,        Gets the best action for the given state
strategist/searchlight/datastructures/graphs.py,765,action,            # select random action since we don't have enough information
strategist/searchlight/datastructures/graphs.py,766,action,            action = self.rng.choice(list(actions))
strategist/searchlight/datastructures/graphs.py,767,action,"            self.logger.debug(f""information set node {information_set} not found in graph, selecting random action {action}"")"
strategist/searchlight/datastructures/graphs.py,768,action,            return action
strategist/searchlight/gameplay/agents.py,8,action,    Queries the user for actions
strategist/searchlight/gameplay/agents.py,11,action,"    def __init__(self, player: int, action_parser: Callable[[str], Hashable] = lambda x: x, rng: np.random.Generator = np.random.default_rng()):"
strategist/searchlight/gameplay/agents.py,14,action,        self.action_parser = action_parser
strategist/searchlight/gameplay/agents.py,16,action,"    def _act(self, state: Hashable, actions: set[Hashable]) -> Hashable:"
strategist/searchlight/gameplay/agents.py,18,action,        Queries the user for an action
strategist/searchlight/gameplay/agents.py,21,action,"        print(""Legal actions:"", actions)"
strategist/searchlight/gameplay/agents.py,24,action,"                action = input(f""Player {self.player} enter action: "")"
strategist/searchlight/gameplay/agents.py,25,action,                action = self.action_parser(action)
strategist/searchlight/gameplay/agents.py,26,action,                if action in actions:
strategist/searchlight/gameplay/agents.py,29,action,"                    print(""Not legal action, try again"")"
strategist/searchlight/gameplay/agents.py,31,action,"                print(""Could not parse action, try again"")"
strategist/searchlight/gameplay/agents.py,32,action,        return action
strategist/searchlight/gameplay/agents.py,36,action,"    def __init__(self, players: set[int], player: int, forward_transitor: ForwardTransitor, actor_action_enumerator: ActorActionEnumerator, value_heuristic: ValueHeuristic, policy_predictor: Optional[PolicyPredictor] = None, information_function: Optional[InformationFunction] = None, information_prior: Optional[InformationPrior] = None, num_rollout: int = 100, node_budget: int = 100, early_stopping_threshold = None, cut_cycles = False, rng: np.random.Generator = np.random.default_rng()):"
strategist/searchlight/gameplay/agents.py,55,action,        self.actor_action_enumerator = actor_action_enumerator
strategist/searchlight/gameplay/agents.py,63,action,"    def _act(self, state: Hashable, actions: set[Hashable],) -> Hashable:"
strategist/searchlight/gameplay/agents.py,64,action,"        # print(""acting with state"", state, ""actions"", actions)"
strategist/searchlight/gameplay/agents.py,67,action,"        print(""actioning"")"
strategist/searchlight/gameplay/agents.py,73,action,            # get the best action from graph
strategist/searchlight/gameplay/agents.py,74,action,"            action = self.graph.get_best_action(state=state, actions=actions)"
strategist/searchlight/gameplay/agents.py,79,action,            # get the best action from graph
strategist/searchlight/gameplay/agents.py,80,action,"            action = self.graph.get_best_action_from_information_set(information_set=state, actions=actions) # type: ignore"
strategist/searchlight/gameplay/agents.py,81,action,        return action
strategist/searchlight/gameplay/agents.py,97,action,"                trajectory = self.graph.simulate_trajectory(state=initial_state, stop_condition=""has_unvisited_actions"")"
strategist/searchlight/gameplay/agents.py,105,action,"                trajectory = self.graph.simulate_trajectory(state=state, stop_condition=""has_unvisited_actions"")"
strategist/searchlight/gameplay/agents.py,107,action,"                # trajectory = self.graph.simulate_trajectory_from_information_set(information_set=state, information_prior= self.information_prior, stop_condition=""has_unvisited_actions"")"
strategist/searchlight/gameplay/agents.py,113,action,"                actor, actions = self.actor_action_enumerator.enumerate(state)"
strategist/searchlight/gameplay/agents.py,116,action,"                    action_to_prob_weights = self.policy_predictor.predict(state = state, actor = actor, actions = actions)"
strategist/searchlight/gameplay/agents.py,118,action,                    action_to_prob_weights = defaultdict(lambda: 1.0)
strategist/searchlight/gameplay/agents.py,122,action,"                    self.graph.overwrite_state(state=state, actor=actor, actions=actions, actor_to_value_estimates=actor_to_value_estimates, notes=notes, prob_weights=action_to_prob_weights)"
strategist/searchlight/gameplay/agents.py,127,action,"                    self.graph.overwrite_state(state=state, actor=actor, actions=actions, actor_to_value_estimates=actor_to_value_estimates, notes=notes, prob_weights=action_to_prob_weights, information_set=information_set) # type: ignore"
strategist/searchlight/gameplay/agents.py,129,action,                # last state will either be terminal or have unvisited actions
strategist/searchlight/gameplay/agents.py,131,action,                # attempt to pick a random action from unvisited actions
strategist/searchlight/gameplay/agents.py,132,action,                selected_action = self.graph.select_random_unvisited_action(last_state)
strategist/searchlight/gameplay/agents.py,134,action,                if selected_action is None:
strategist/searchlight/gameplay/agents.py,138,action,"                next_state, actor_to_reward = self.forward_transitor.transition(last_state, selected_action, actor)"
strategist/searchlight/gameplay/agents.py,142,action,"                self.graph.add_child_to_state(state=last_state, action=selected_action, child_state=next_state, rewards=actor_to_reward)"
strategist/searchlight/gameplay/agents.py,145,action,"                actor, actions = self.actor_action_enumerator.enumerate(next_state)"
strategist/searchlight/gameplay/agents.py,148,action,"                    action_to_prob_weights = self.policy_predictor.predict(state = next_state, actor = actor, actions = actions)"
strategist/searchlight/gameplay/agents.py,150,action,                    action_to_prob_weights = defaultdict(lambda: 1.0)
strategist/searchlight/gameplay/agents.py,154,action,"                    self.graph.overwrite_state(state=next_state, actor=actor, actions=actions, actor_to_value_estimates=actor_to_value_estimates, notes=notes, prob_weights=action_to_prob_weights)"
strategist/searchlight/gameplay/agents.py,157,action,"                    self.graph.overwrite_state(state=next_state, actor=actor, actions=actions, actor_to_value_estimates=actor_to_value_estimates, notes=notes, prob_weights=action_to_prob_weights, information_set=information_set) # type: ignore"
strategist/searchlight/gameplay/agents.py,159,action,                # append next state and action to trajectory
strategist/searchlight/gameplay/agents.py,160,action,"                trajectory.append((selected_action, next_state))"
strategist/searchlight/gameplay/agents.py,186,action,    Queries the user for actions
strategist/searchlight/gameplay/simulators.py,14,action,"    The simulator uses the transitor to transition between states, the actor enumerator to enumerate the actors for a given state, and the action enumerator to enumerate the legal actions"
strategist/searchlight/gameplay/simulators.py,18,action,"                    actor_action_enumerator: ActorActionEnumerator,"
strategist/searchlight/gameplay/simulators.py,24,action,            self.actor_action_enumerator = actor_action_enumerator
strategist/searchlight/gameplay/simulators.py,40,"step,action","            trajectory: trajectory of the game (state, action, reward) for each time step"
strategist/searchlight/gameplay/simulators.py,59,action,"            actor, legal_actions = self.actor_action_enumerator.enumerate(state)"
strategist/searchlight/gameplay/simulators.py,69,action,"                action = agents[actor].act(information_set, legal_actions)"
strategist/searchlight/gameplay/simulators.py,72,action,"                action = agents[actor].act(state, legal_actions)"
strategist/searchlight/gameplay/simulators.py,73,action,                # actions[actor] = random.choice(list(allowed_actions))
strategist/searchlight/gameplay/simulators.py,74,action,"                # FIXME: random action works here, but agents[actor].act changes agents somehow?"
strategist/searchlight/gameplay/simulators.py,75,action,                # I suspect that the transitor/action_enumerator/or actor_enumerator is not working correctly
strategist/searchlight/gameplay/simulators.py,76,action,                # and the problem is that there are some connections when we use the same instance of the transitor/action_enumerator/actor_enumerator for each agent and the simulator
strategist/searchlight/gameplay/simulators.py,79,action,            # self.logger.debug(f'Agents keys after actions: {agents.keys()}')
strategist/searchlight/gameplay/simulators.py,81,action,"            state, rewards = self.transitor.transition(state, action, actor)"
strategist/searchlight/gameplay/simulators.py,84,action,"            trajectory.append((action, rewards, state))"
strategist/searchlight/gameplay/simulators.py,92,action,                self.logger.info(f'Action: {action}')
strategist/searchlight/gameplay/simulators.py,108,"step,action","            trajectories: list of trajectories of the game (state, action, reward) for each time step"
strategist/searchlight/gameplay/simulators.py,146,action,"    The simulator uses the transitor to transition between states, the actor enumerator to enumerate the actors for a given state, and the action enumerator to enumerate the legal actions"
strategist/searchlight/gameplay/simulators.py,148,action,"    def __init__(self, transitor: ForwardTransitor, actor_action_enumerator: ActorActionEnumerator, speaker_enumerator: SpeakerEnumerator, information_function: Optional[InformationFunction] = None, start_state: Hashable = None, rng: np.random.Generator = np.random.default_rng()):"
strategist/searchlight/gameplay/simulators.py,149,action,"        super().__init__(transitor=transitor, actor_action_enumerator=actor_action_enumerator, information_function=information_function, start_state=start_state, rng=rng)"
strategist/searchlight/gameplay/simulators.py,173,"step,action","            trajectory: trajectory of the game (state, action, reward) for each time step"
strategist/searchlight/gameplay/simulators.py,192,action,"            actor, legal_actions = self.actor_action_enumerator.enumerate(state)"
strategist/searchlight/gameplay/simulators.py,200,discussion,            # see if there is a discussion round
strategist/searchlight/gameplay/simulators.py,225,discussion,"                print(""Discussion finished."")"
strategist/searchlight/gameplay/simulators.py,241,action,"                action = agents[actor].act(information_set, legal_actions)"
strategist/searchlight/gameplay/simulators.py,243,action,"                action = agents[actor].act(state, legal_actions)"
strategist/searchlight/gameplay/simulators.py,246,action,            # self.logger.debug(f'Agents keys after actions: {agents.keys()}')
strategist/searchlight/gameplay/simulators.py,248,action,"            state, rewards = self.transitor.transition(state, action, actor)"
strategist/searchlight/gameplay/simulators.py,251,action,"            trajectory.append((action, rewards, state))"
strategist/searchlight/gameplay/simulators.py,259,action,                self.logger.info(f'Action: {action}')
strategist/searchlight/headers.py,96,action,"    def transition(self, state: Hashable, action: Hashable, actor: int)->Tuple[Hashable, dict[int, float]]:"
strategist/searchlight/headers.py,98,action,"        Transits to the next state given the current state, actor, and action taken by the actor"
strategist/searchlight/headers.py,102,action,            action: action taken by the acting player
strategist/searchlight/headers.py,109,action,"        state, rewards = self._transition(state, action, actor)"
strategist/searchlight/headers.py,110,action,        # assert that action.keys() == rewards.keys()
strategist/searchlight/headers.py,111,action,"        # print(action.keys(), rewards.keys())"
strategist/searchlight/headers.py,112,action,        # assert set(action.keys()) == set(rewards.keys())
strategist/searchlight/headers.py,116,action,"    def _transition(self, state: Hashable, action: Hashable, actor: int)->Tuple[Hashable, dict[int, float]]:"
strategist/searchlight/headers.py,118,action,        Transits to the next state given the current state and action
strategist/searchlight/headers.py,122,action,            action: action taken by the acting player
strategist/searchlight/headers.py,131,action,class ActorActionEnumerator(ABC):
strategist/searchlight/headers.py,133,action,    Abstract class that enumerates the acting player for a state and the actions that the acting player can take
strategist/searchlight/headers.py,143,action,        Enumerates the actors that may take actions at the state
strategist/searchlight/headers.py,150,action,            actors: set of actors that may take actions at the state
strategist/searchlight/headers.py,157,action,        Enumerates the actors that may take actions at the state
strategist/searchlight/headers.py,164,action,            actors: set of actors that may take actions at the state
strategist/searchlight/headers.py,172,"discussion,action",    Determines whether any discussion occurs before the action stage and the order of speakers
strategist/searchlight/headers.py,182,discussion,            speakers: list of speakers at the state. empty if no discussion
strategist/searchlight/headers.py,195,discussion,            speakers: list of speakers at the state. empty if no discussion
strategist/searchlight/headers.py,204,action,"    def predict(self, state: Hashable, actions: set[Hashable], actor: Optional[int] =None)-> dict:"
strategist/searchlight/headers.py,206,action,        Predicts the probabilities over actions given the current state
strategist/searchlight/headers.py,210,action,            actions: set of actions
strategist/searchlight/headers.py,213,action,            probs: dictionary of probabilities over actions
strategist/searchlight/headers.py,215,action,"        return self._predict(state, actions, actor)"
strategist/searchlight/headers.py,217,action,"    def _predict(self, state: Hashable, actions: set[Hashable], actor: Optional[int] =None)-> dict:"
strategist/searchlight/headers.py,219,action,        Predicts the probabilities over actions given the current state
strategist/searchlight/headers.py,223,action,            actions: set of actions
strategist/searchlight/headers.py,226,action,            probs: dictionary of probabilities over actions
strategist/searchlight/headers.py,230,action,        for action in actions:
strategist/searchlight/headers.py,231,action,            probs[action] = 1/len(actions)
strategist/searchlight/headers.py,284,action,#             policy: dict from action to probability
strategist/searchlight/headers.py,286,action,#             intermediate_rewards: dict from actions to actor to intermediate rewards
strategist/searchlight/headers.py,287,action,#             transitions: dict from actions to next states
strategist/searchlight/headers.py,295,action,#             raise ValueError('Intermediate rewards and transitions must have the same keys (joint actions)')
strategist/searchlight/headers.py,309,action,#             policies: dict from actors to dict of action to probability
strategist/searchlight/headers.py,311,action,#             intermediate_rewards: dict from (joint) actions to actor to intermediate rewards
strategist/searchlight/headers.py,312,action,#             transitions: dict from (joint) actions to next states
strategist/searchlight/headers.py,325,action,#             policy: dict of action to probability
strategist/searchlight/headers.py,327,action,#             intermediate_rewards: dict of action (not joint) to intermediate reward
strategist/searchlight/headers.py,328,action,#             transitions: dict of action (not joint) to next state
strategist/searchlight/headers.py,330,action,"#         return {actor: policy}, {next_state: {actor: value} for next_state, value in next_state_values.items()}, {((actor, action),): {actor: reward} for action, reward in intermediate_rewards.items()}, {((actor, action),): next_state for action, next_state in transitions.items()}"
strategist/searchlight/headers.py,338,action,#         # policies should be a dict from actors to dict of action to probability
strategist/searchlight/headers.py,343,action,"#             for action, prob in probs.items():"
strategist/searchlight/headers.py,344,action,"#                 assert isinstance(action, tuple)"
strategist/searchlight/headers.py,354,action,#         # intermediate_rewards should be a dict from (joint) actions to actor to intermediate rewards
strategist/searchlight/headers.py,356,action,"#         for joint_action, rewards in intermediate_rewards.items():"
strategist/searchlight/headers.py,357,action,"#             assert isinstance(joint_action, tuple)"
strategist/searchlight/headers.py,362,action,#         # transitions should be a dict from (joint) actions to next states
strategist/searchlight/headers.py,364,action,"#         for joint_action, next_state in transitions.items():"
strategist/searchlight/headers.py,365,action,"#             assert isinstance(joint_action, tuple)"
strategist/searchlight/headers.py,370,action,"#     def __init__(self, transitor: ForwardTransitor, action_enumerator: ActionEnumerator, "
strategist/searchlight/headers.py,371,action,"#                  action_predictor: PolicyPredictor, actor_enumerator: ActorEnumerator,"
strategist/searchlight/headers.py,375,action,#         self.action_enumerator = action_enumerator
strategist/searchlight/headers.py,376,action,#         self.action_predictor = action_predictor
strategist/searchlight/headers.py,383,action,#         # predict actions using action_enumerator for each actor
strategist/searchlight/headers.py,384,action,"#         actor_to_actions = {actor: self.action_enumerator.enumerate(state, actor) for actor in actors}"
strategist/searchlight/headers.py,385,action,#         # predict probs using action_predictor for each actor
strategist/searchlight/headers.py,386,action,"#         actor_to_action_to_probs = {actor: self.action_predictor.predict(state, actor_to_actions[actor], actor) for actor in actors}"
strategist/searchlight/headers.py,387,action,"#         # get joint actions from actor_to_actions. joint actions should be tuples of tuples (actor, action), i.e. joint_action1 = ((actor1, action1), (actor2, action2))"
strategist/searchlight/headers.py,388,action,#         # joint actions should contain cartesian product of actions for each actor
strategist/searchlight/headers.py,389,action,#         joint_actions = dict_to_set_of_cartesian_products(actor_to_actions)
strategist/searchlight/headers.py,394,action,#             joint_action_to_next_state = dict()
strategist/searchlight/headers.py,396,action,#             joint_action_to_rewards = dict()
strategist/searchlight/headers.py,399,action,#             # get transitioned states from transitor for each joint action
strategist/searchlight/headers.py,400,action,"#             joint_action_to_next_state_rewards_notes = {joint_action: self.transitor.transition(state, {actor: action for actor, action in joint_action}) for joint_action in joint_actions}"
strategist/searchlight/headers.py,401,action,#             joint_action_to_next_state = {joint_action: joint_action_to_next_state_rewards_notes[joint_action][0] for joint_action in joint_actions}
strategist/searchlight/headers.py,402,action,#             joint_action_to_rewards = {joint_action: joint_action_to_next_state_rewards_notes[joint_action][1] for joint_action in joint_actions}
strategist/searchlight/headers.py,405,action,#             next_state_to_value_notes = {next_state: self.value_heuristic.evaluate(next_state) for next_state in joint_action_to_next_state.values()}
strategist/searchlight/headers.py,406,action,#             next_state_to_value = {next_state: next_state_to_value_notes[next_state][0] for next_state in joint_action_to_next_state.values()}
strategist/searchlight/headers.py,407,action,#             next_state_to_notes = {next_state: next_state_to_value_notes[next_state][1] for next_state in joint_action_to_next_state.values()}
strategist/searchlight/headers.py,410,action,"#         return actor_to_action_to_probs, next_state_to_value, joint_action_to_rewards, joint_action_to_next_state, notes"
strategist/searchlight/headers.py,460,action,"    def get_best_action(self, graph, state: Hashable, actor=0):"
strategist/searchlight/headers.py,462,action,        Returns the best action to take at the state given the search algorithm and graph for the actor (usually the main player)
strategist/searchlight/headers.py,477,action,"    def act(self, state: Hashable, actions: set[Hashable],) -> Hashable:"
strategist/searchlight/headers.py,479,action,        Chooses an action given the current state and actor
strategist/searchlight/headers.py,483,action,            actions: set of actions
strategist/searchlight/headers.py,486,action,            action: chosen action
strategist/searchlight/headers.py,488,action,"        print(""enter action"")"
strategist/searchlight/headers.py,489,action,"        action = self._act(state, actions)"
strategist/searchlight/headers.py,490,action,"        # print('action', action)"
strategist/searchlight/headers.py,491,action,"        # print('action type', type(action))"
strategist/searchlight/headers.py,493,action,        if action not in actions:
strategist/searchlight/headers.py,494,action,"            # print('actions', actions)"
strategist/searchlight/headers.py,497,action,            raise ValueError(f'Action {action} not in actions {actions}')
strategist/searchlight/headers.py,498,action,        return action
strategist/searchlight/headers.py,501,action,"    def _act(self, state: Hashable, actions: set[Hashable],) -> Hashable:"
strategist/searchlight/headers.py,503,action,        Chooses an action given the current state and actor
strategist/searchlight/headers.py,507,action,            actions: set of actions
strategist/searchlight/headers.py,510,action,            action: chosen action
strategist/searchlight/headers.py,566,action,"    def _act(self, state: Hashable, actions: set[Hashable]):"
strategist/searchlight/headers.py,567,action,        # return a random action uniformly
strategist/searchlight/headers.py,568,action,        choice = self.rng.choice(list(actions))
strategist/searchlight/headers.py,578,action,"    def _act(self, state: Hashable, actions: set[Hashable]):"
strategist/searchlight/headers.py,580,action,"        # print('list of actions', list(actions))"
strategist/searchlight/headers.py,582,action,        # # assert that all items of actions are hashable
strategist/searchlight/headers.py,583,action,        # for action in actions:
strategist/searchlight/headers.py,584,action,        #     hash(action)
strategist/searchlight/headers.py,586,action,        # return a random action uniformly
strategist/searchlight/headers.py,587,action,        # choice = self.rng.choice(list(actions))
strategist/searchlight/headers.py,588,action,        choice =self.rng.choice(list(actions))
strategist/searchlight/headers.py,594,action,        # # assert that choice is in actions
strategist/searchlight/headers.py,595,action,        # assert choice in actions
strategist/searchlight/policy_predictors.py,11,action,"    def _predict(self, state: State, actions, actor=None)-> dict:"
strategist/searchlight/policy_predictors.py,13,action,        Predicts the policy probabilities across actions given the current state and actor
strategist/searchlight/policy_predictors.py,17,action,            actions: list of actions
strategist/searchlight/policy_predictors.py,21,action,            probs: dictionary of actions to probabilities
strategist/searchlight/policy_predictors.py,26,action,            return {action: 1/len(actions) for action in actions}
strategist/searchlightimprove/analyzers.py,169,discussion,"            {""dialogues"": generated_dialogues, ""feedbacks"": feedbacks, ""evaluated_players"": evaluated_players, ""discussion_history"": discussion_history}"
strategist/searchlightimprove/analyzers.py,190,discussion,"            {""dialogues"": generated_dialogues, ""feedbacks"": feedbacks, ""evaluated_players"": evaluated_players, ""discussion_history"": discussion_history}"
strategist/searchlightimprove/evolver_dependencies.py,24,success,            success: whether the generation was successful
strategist/searchlightimprove/evolver_dependencies.py,66,success,            success: whether the generation was successful
strategist/searchlightimprove/evolver_dependencies.py,77,phase,"        return f'''\n \n Based on the function, feedback, and conclusions you drew, what are {num_ideas} improvements that you can make to the function that you think will have the most impact? Be as specific and concrete as possible, mentioning specific code pieces or helper functions that you can add. If the game has different phases, you can also mention what specific phase the idea applies to. "
strategist/searchlightimprove/evolver_dependencies.py,97,phase,"        Idea 3: During the draw phase, I can also calculate the expected values of the cards that the players will draw, increasing the estimated value of players with higher expected card values."
strategist/searchlightimprove/evolvers.py,590,step,            implement_steps_per_grow: number of steps to implement per grow
strategist/searchlightimprove/evolvers.py,615,step,        This is basically a reflection step where the agent reflects on the feedback and generates improvement ideas.
strategist/searchlightimprove/evolvers2.py,55,success,"            score, is_successful = self.evaluate(strategy, strategy_info)"
strategist/searchlightimprove/evolvers2.py,56,success,            if is_successful:
strategist/searchlightimprove/evolvers2.py,173,success,"                    score, is_successful = self.evaluate(new_func, info)"
strategist/searchlightimprove/evolvers2.py,175,success,                    if is_successful:
strategist/searchlightimprove/evolvers2.py,235,step,        This is basically a reflection step where the agent reflects on the feedback and generates improvement ideas.
strategist/searchlightimprove/evolvers2.py,328,success,"                    new_score, is_successful = self.evaluate(new_strategy, info)"
strategist/searchlightimprove/evolvers2.py,330,success,                    if is_successful:
strategist/searchlightimprove/evolvers2.py,499,success,"                    score, is_successful = self.evaluate(new_func, info)"
strategist/searchlightimprove/evolvers2.py,501,success,                    if is_successful:
strategist/searchlightimprove/graph_search/search_improve.py,29,action,    action_enumerator = GOPSActionEnumerator()
strategist/searchlightimprove/graph_search/search_improve.py,30,action,"    simulator = GameSimulator(transitor, actor_enumerator, action_enumerator, GOPS_START_STATE_6)"
strategist/searchlightimprove/graph_search/self_improve_search.py,40,action,        # create joint actions
strategist/searchlightimprove/graph_search/self_improve_search.py,41,action,        non_joint_actions = list(range(len(improved_functions)+1))
strategist/searchlightimprove/graph_search/self_improve_search.py,42,action,"        joint_actions = set([((0, action),) for action in non_joint_actions])"
strategist/searchlightimprove/graph_search/self_improve_search.py,63,action,        actor_to_action_to_prob = {0: {action: 1/(len(improved_functions)+1) for action in non_joint_actions}}
strategist/searchlightimprove/graph_search/self_improve_search.py,69,action,        action_to_actor_to_reward = {action: {0: 0} for action in joint_actions}
strategist/searchlightimprove/graph_search/self_improve_search.py,71,action,"        action_to_actor_to_reward[((0, len(improved_functions)),)] = {0: state.notes['score']}"
strategist/searchlightimprove/graph_search/self_improve_search.py,75,action,        # create action to next state
strategist/searchlightimprove/graph_search/self_improve_search.py,76,action,"        action_to_next_state = {action: next_state for action, next_state in zip(joint_actions, next_states)}"
strategist/searchlightimprove/graph_search/self_improve_search.py,78,action,"        return actor_to_action_to_prob, next_state_values, action_to_actor_to_reward, action_to_next_state, {'next_state_to_heuristic_notes': next_state_to_notes}"
strategist/searchlightimprove/headers.py,84,success,            success: whether the evaluation was successful
strategist/searchlightimprove/llm_utils/llm_api_models.py,107,action,"    def single_action(self, input_prompt: str, num_responses=-1, temperature: float=0.7) -> list[str]:"
strategist/searchlightimprove/llm_utils/llm_api_models.py,108,action,"        warnings.warn(""single_action() will be deprecated, please use generate() instead"")"
strategist/searchlightimprove/prompts/improvement_prompts.py,106,action,"SYS_PROMPT_POLICY = '''You are a function engineer trying to write a function that outputs the optimal action for each player given a state in a game. This is known as a policy function, and will be used by an agent to play the game. Your goal is to develop a policy function that that produces the best possible actions without being too expensive to compute. Hence, you are not allowed to runs simulations in the function.\n'''"
strategist/searchlightimprove/prompts/prompt_generators.py,77,phase,"        return previous_prompt + conclusions + f'''\n \n Based on the function, feedback, and conclusions you drew, what are {num_ideas} improvements that you can make to the function that you think will have the most impact? Be as specific and concrete as possible, mentioning specific code pieces or helper functions that you can add. If the game has different phases, you can also mention what specific phase the idea applies to. Write them out in the following format:"
strategist/searchlightimprove/prompts/prompt_generators.py,96,phase,"        Idea 3: During the draw phase, I can also calculate the expected values of the cards that the players will draw, increasing the estimated value of players with higher expected card values."
strategist/searchlightimprove/prompts/prompt_generators.py,195,role,"    def __init__(self, environment_rules, role_name:str):"
strategist/searchlightimprove/prompts/prompt_generators.py,196,role,        function_signature = StrategyPromptGenerator.strategy_guide_signature(role_name)
strategist/searchlightimprove/prompts/prompt_generators.py,197,role,        sys_prompt = StrategyPromptGenerator.gen_sys_prompt(role_name)
strategist/searchlightimprove/prompts/prompt_generators.py,224,role,    def strategy_guide_signature(role_name: str):
strategist/searchlightimprove/prompts/prompt_generators.py,225,"role,quest","        out = f'''Your guide should be in the form of a worksheet that the student can use to build their speech. You should order the worksheet questions in a way that makes logical sense, and you should have no more than six questions. Your questions should instruct the reader to write parts of their speech. The title of your section should be ""Six questions to fill out before speaking as the {role_name} role"". Below is an example of how your worksheet should look like:"
strategist/searchlightimprove/prompts/prompt_generators.py,227,"role,quest",        Six questions to fill out before speaking as the {role_name} role
strategist/searchlightimprove/prompts/prompt_generators.py,233,quest,        Q3: Which player is the quest leader?
strategist/searchlightimprove/prompts/prompt_generators.py,235,"team,quest,action",        Q4: Produce a statement addressing the quest leader to convince them to support your intended course of action/ desired team.
strategist/searchlightimprove/prompts/prompt_generators.py,239,"team,action",        Q6: Produce a statement addressing the supportive player to convince them to support your intended course of action/ desired team.
strategist/searchlightimprove/prompts/prompt_generators.py,243,role,    # def strategy_guide_signature(role_name: str):
strategist/searchlightimprove/prompts/prompt_generators.py,244,"role,discussion,quest,phase","    #     out = f'''Your guide should be in the form of a questionaire that the student can use to think through their approach to the current discussion phase. You should order the questions in a way that makes logical sense, and you should have no more than six questions. Try to make your questions as specific as possible. The title of your section should be ""Questions to think about to play the {role_name} role effectively during the discussion phase"". Below is an example of how your question"
strategist/searchlightimprove/prompts/prompt_generators.py,246,"role,discussion,quest,phase",    #     Questions to think about to play the {role_name} role effectively during the discussion phase:
strategist/searchlightimprove/prompts/prompt_generators.py,254,quest,    #     Q4: What are some conclusions that you can draw from your answers to the previous questions?
strategist/searchlightimprove/prompts/prompt_generators.py,259,role,    # def strategy_guide_signature(role_name: str):
strategist/searchlightimprove/prompts/prompt_generators.py,260,"role,discussion,quest,phase","    #     out = f'''Your guide should be in the form of a questionaire that the student can use to think through their approach to the current discussion phase. You should order the questions in a way that makes logical sense, and you should have no more than six questions. Try to make your questions as specific as possible. The title of your section should be ""Questions to think about to play the {role_name} role effectively during the discussion phase"". Below is an example of how your question"
strategist/searchlightimprove/prompts/prompt_generators.py,262,"role,discussion,quest,phase",    #     Questions to think about to play the {role_name} role effectively during the discussion phase:
strategist/searchlightimprove/prompts/prompt_generators.py,270,quest,    #     Q4: What are some conclusions that you can draw from your answers to the previous questions?
strategist/searchlightimprove/prompts/prompt_generators.py,272,quest,    #     Example of how to fill out this questionaire:
strategist/searchlightimprove/prompts/prompt_generators.py,275,"role,quest",    #     A1: Player 3 seems the most suspicious of me because they have been asking me a lot of questions about my role.
strategist/searchlightimprove/prompts/prompt_generators.py,281,"quest,fail",    #     A3: I can say that I have never been on a failed quest and that I have been trying to reason with the other players to figure out who the Evil players are.
strategist/searchlightimprove/prompts/prompt_generators.py,283,quest,    #     Q4: What are some conclusions that you can draw from your answers to the previous questions?
strategist/searchlightimprove/prompts/prompt_generators.py,289,role,    # def strategy_guide_signature(role_name: str):
strategist/searchlightimprove/prompts/prompt_generators.py,290,"role,discussion,phase","    #     out = f'''Your writing should be concise yet informative, providing players with the key strategies and tactics that they can use during the discussion phase in Avalon. You should include examples where necessary to help explain the concepts. Since this is only a section of the guide, it should focus on what things the {role_name} role should say during discussion phase only and should not include information about the game mechanics or the rules of the game.The title of your section s"
strategist/searchlightimprove/prompts/prompt_generators.py,295,role,    def gen_sys_prompt(role_name: str):
strategist/searchlightimprove/prompts/prompt_generators.py,297,"Merlin,role","        # if role_name == ""Merlin"":"
strategist/searchlightimprove/prompts/prompt_generators.py,298,Merlin,"        #     goal = ""Specifically, you want to teach the Merlin player how to avoid revealing their identity to the Evil players in this section of the guide.\n"""
strategist/searchlightimprove/prompts/prompt_generators.py,299,"Minion,Assassin,role","        # elif role_name == ""Assassin"" or ""Minion"":"
strategist/searchlightimprove/prompts/prompt_generators.py,302,role,"        #     raise ValueError(f""Role name {role_name} not recognized"")"
strategist/searchlightimprove/prompts/prompt_generators.py,306,"role,discussion,phase,action","        The specific section of the strategy guide you are writing right now is on how to play the {role_name} role effectively during the discussion phase so that they can win the game. Recall that players often use the discussion phase to (1) gather information about other players, (2) try to convince other players of their innocence or guilt, and (3) try to persuade other players of a particular course of action."
strategist/searchlightimprove/prompts/prompt_generators.py,367,quest,"    #     return previous_prompt + conclusions + f'''\n \n Based on the questionaire, feedback, and conclusions you drew, what are {num_ideas} improvements that you can make to the questionaire that you think will have the most impact? Be as specific and concrete as possible, including what questions to add, edit, or remove, and write them out in the following format:"
strategist/searchlightimprove/prompts/prompt_generators.py,382,quest,    #     Idea 1: Add a question asking the reader to consider which other player is most suspicious of them and why.
strategist/searchlightimprove/prompts/prompt_generators.py,384,quest,    #     Idea 2: Add a question asking the reader to consider which other player is most supportive of them and why.
strategist/searchlightimprove/prompts/prompt_generators.py,386,quest,    #     Idea 3: Add a question asking the reader to consider which other player is most on the fence about them and why.
strategist/searchlightimprove/prompts/prompt_generators.py,394,quest,"        return previous_prompt + conclusions + f'''\n \n Based on the worksheet, feedback, and conclusions you drew, what are {num_ideas} improvements that you can make to the worksheet that you think will have the most impact? Be as specific and concrete as possible, including what questions to add, edit, or remove, and write them out in the following format:"
strategist/searchlightimprove/prompts/prompt_generators.py,409,quest,        Idea 1: Add a question asking the reader who they think is most suspicious of them and produce a statement addressing their suspicions.
strategist/searchlightimprove/prompts/prompt_generators.py,411,quest,        Idea 2: Add a question asking the reader to consider which other player is most supportive of them and produce a statement addressing their support.
strategist/searchlightimprove/prompts/prompt_generators.py,413,"team,quest",        Idea 3: Add a question asking the reader produce a statement addressed to the quest leader asking them to consider the reader for the quest team. 
strategist/searchlightimprove/prompts/prompt_generators.py,415,Merlin,        Recall that the goal of Merlin is to convince the Good players that they are Good without revealing that they are Merlin to the Evil players.
strategist/searchlightimprove/prompts/prompt_generators.py,423,quest,"    #     return previous_prompt + conclusions + f'''\n \n Based on the questionaire, feedback, and conclusions you drew, what are {num_ideas} improvements that you can make to the questionaire that you think will have the most impact? Be as specific and concrete as possible, and write them out in the following format:"
strategist/searchlightimprove/prompts/prompt_generators.py,495,"discussion,phase",        Then they said the following during the discussion phase:
strategist/searchlightimprove/prompts/prompt_generators.py,499,"Merlin,discussion,phase","        Below is some feedback from the other players on how player {eval_player} performed during the discussion phase. Recall that Good players are trying to access which other players are likely to be Good, while Evil players are trying to access which Good player is likely to be Merlin."
strategist/searchlightimprove/prompts/prompt_generators.py,513,"discussion,phase",        Then they said the following during the discussion phase:
strategist/searchlightimprove/prompts/prompt_generators.py,517,"discussion,phase","        After being evaluated by the other players, player {eval_player} received a score of {score} for their performance during the discussion phase."
strategist/searchlightimprove/prompts/prompt_generators.py,524,role,"        for player, (response, role) in feedback.items():"
strategist/searchlightimprove/prompts/prompt_generators.py,525,"role,discussion","            feedback_strs.append(f""Player {player} with role {role} had the following thoughts on this discussion round: \n {response}"")"
strategist/searchlightimprove/proposers.py,78,quest,# Initialize the GPT35 object with a different temperature and request 3 responses
strategist/searchlightimprove/rl_evolver.py,26,action,"    def __init__(self, simulator: GameSimulator, transitor: ForwardTransitor2, actor_enumerator: ActorEnumerator, action_enumerator: ActionEnumerator, num_batch_runs: int = 10, players={0, 1, 2, 3, 4}, rng: np.random.Generator = np.random.default_rng(), against_benchmark=False, search_budget=16, random_rollouts=16, partial_information=False, stochastic_combinations=True):"
strategist/searchlightimprove/rl_evolver.py,31,action,        self.action_enumerator = action_enumerator
strategist/searchlightimprove/rl_evolver.py,32,action,        self.action_predictor = PolicyPredictor()
strategist/searchlightimprove/rl_evolver.py,78,action,"        initial_inferencers = [PackageInitialInferencer(self.transitor, self.action_enumerator, self.action_predictor, self.actor_enumerator, value_heuristic) for value_heuristic in value_heuristics]"
strategist/searchlightimprove/rl_evolver.py,93,action,"        value_heuristics = [RandomRolloutValueHeuristic(self.actor_enumerator, self.action_enumerator, self.transitor, num_rollouts=self.random_rollouts, rng=self.random_agent.rng) for _ in range(num_agents)]"
strategist/searchlightimprove/rl_evolver.py,95,action,"        initial_inferencers = [PackageInitialInferencer(self.transitor, self.action_enumerator, self.action_predictor, self.actor_enumerator, value_heuristic) for value_heuristic in value_heuristics]"
strategist/searchlightimprove/rl_evolver.py,110,action,"                                                      action_enumerator=self.action_enumerator,"
strategist/searchlightimprove/rl_evolver.py,114,action,"        initial_inferencer = PackageInitialInferencer(self.transitor, self.action_enumerator, self.action_predictor,"
strategist/searchlightimprove/rl_evolver.py,243,quest,        quest_leader = [observation.quest_leader]
strategist/searchlightimprove/rl_evolver.py,244,phase,        phase = [observation.phase]
strategist/searchlightimprove/rl_evolver.py,250,"team,vote",        team_votes = list(observation.team_votes)
strategist/searchlightimprove/rl_evolver.py,251,"team,vote",        # print(team_votes)
strategist/searchlightimprove/rl_evolver.py,252,"team,vote",        if team_votes == []:
strategist/searchlightimprove/rl_evolver.py,253,"team,vote",            team_votes = [0 for i in range(self.num_player)]
strategist/searchlightimprove/rl_evolver.py,255,"team,quest",        quest_team = list(observation.quest_team)
strategist/searchlightimprove/rl_evolver.py,256,"team,quest",        while len(quest_team) < 5:
strategist/searchlightimprove/rl_evolver.py,257,"team,quest",            quest_team.append(-2)
strategist/searchlightimprove/rl_evolver.py,259,"vote,quest",        quest_votes = list(observation.quest_votes)
strategist/searchlightimprove/rl_evolver.py,260,"vote,quest",        while len(quest_votes) < 5:
strategist/searchlightimprove/rl_evolver.py,261,"vote,quest",            quest_votes.append(-2)
strategist/searchlightimprove/rl_evolver.py,263,quest,        quest_results = list(observation.quest_results)
strategist/searchlightimprove/rl_evolver.py,264,quest,        quest_results_num = []
strategist/searchlightimprove/rl_evolver.py,265,quest,        for quest in quest_results:
strategist/searchlightimprove/rl_evolver.py,266,quest,            if quest == True:
strategist/searchlightimprove/rl_evolver.py,267,quest,                quest_results_num.append(1)
strategist/searchlightimprove/rl_evolver.py,269,quest,                quest_results_num.append(0)
strategist/searchlightimprove/rl_evolver.py,270,quest,        while len(quest_results_num) < 5:
strategist/searchlightimprove/rl_evolver.py,271,quest,            quest_results_num.append(-2)
strategist/searchlightimprove/rl_evolver.py,273,"team,vote,quest,phase",        state = np.array(quest_leader + phase + turn + round + done + good_victory + team_votes + quest_team +
strategist/searchlightimprove/rl_evolver.py,274,"vote,quest",                         quest_votes + quest_results_num)
strategist/searchlightimprove/rl_evolver.py,377,step,                self.V_optimizer.step()
strategist/searchlightimprove/strategy_libraries.py,154,action,"        # action = notes[""last_idea""] # NOTE: last_idea does not exist for tree search"
strategist/searchlightimprove/strategy_libraries.py,179,action,"                self.logger.debug(f""Adding edge from {last_state} to {state} with action {hash(state)} and intermediate reward {intermediate_reward}"")"
strategist/searchlightimprove/strategy_libraries.py,182,action,"                # traj[-1] = (last_state, action)"
strategist/searchlightimprove/value_heuristic_improve.py,22,action,"    def __init__(self, simulator: GameSimulator, transitor: ForwardTransitor2, actor_enumerator: ActorEnumerator, action_enumerator: ActionEnumerator, check_function, llm_func_value_heuristic_class: Type[LLMFuncValueHeuristic], players, num_batch_runs: int = 10,  rng: np.random.Generator = np.random.default_rng(), against_benchmark=False, search_budget=16, random_rollouts=16, partial_information=False, stochastic_combinations = True, filler_heuristic: Optional[ValueHeuristic2] = None, use_filler"
strategist/searchlightimprove/value_heuristic_improve.py,27,action,        self.action_enumerator = action_enumerator
strategist/searchlightimprove/value_heuristic_improve.py,28,action,        self.action_predictor = PolicyPredictor()
strategist/searchlightimprove/value_heuristic_improve.py,118,action,"        initial_inferencers = [PackageInitialInferencer(self.transitor, self.action_enumerator, self.action_predictor, self.actor_enumerator, value_heuristic) for value_heuristic in value_heuristics]"
strategist/searchlightimprove/value_heuristic_improve.py,140,action,"            value_heuristics = [RandomRolloutValueHeuristic(actor_enumerator=self.actor_enumerator, action_enumerator=self.action_enumerator, forward_transitor=self.transitor, num_rollouts=self.random_rollouts, rng=self.random_agent.rng,  players= self.players) for _ in range(num_agents)]"
strategist/searchlightimprove/value_heuristic_improve.py,143,action,"        initial_inferencers = [PackageInitialInferencer(self.transitor, self.action_enumerator, self.action_predictor, self.actor_enumerator, value_heuristic) for value_heuristic in value_heuristics]"
strategist/searchlightimprove/value_heuristic_improve.py,155,action,"            return RandomRolloutValueHeuristic(actor_enumerator=self.actor_enumerator, action_enumerator=self.action_enumerator, forward_transitor=self.transitor, num_rollouts=self.random_rollouts, rng=self.random_agent.rng,  players= self.players)"
strategist/searchlightimprove/value_heuristic_improve.py,168,action,"        initial_inferencer = PackageInitialInferencer(self.transitor, self.action_enumerator, self.action_predictor, self.actor_enumerator, value_heuristic)"
