candidate_id,game_index,source_path,local_id,phase_index,phase_name,power,outgoing_messages,incoming_messages,counterparts,counterpart_count,historical_order_count,historical_orders_json,state_present,state_keys_json
cicero_g000_p000_ENGLAND,0,data/cicero_redacted_games/game_433761_ENGLAND_AG.json,root,0,S1901M,ENGLAND,6,9,"AUSTRIA,GERMANY",2,3,"[""F EDI - NWG"", ""F LON - NTH"", ""A LVP - EDI""]",True,"[""builds"", ""centers"", ""homes"", ""name"", ""retreats"", ""units""]"
cicero_g000_p000_GERMANY,0,data/cicero_redacted_games/game_433761_ENGLAND_AG.json,root,0,S1901M,GERMANY,9,5,ENGLAND,1,3,"[""F KIE - DEN"", ""A MUN - RUH"", ""A BER - KIE""]",True,"[""builds"", ""centers"", ""homes"", ""name"", ""retreats"", ""units""]"
cicero_g000_p001_ENGLAND,0,data/cicero_redacted_games/game_433761_ENGLAND_AG.json,root,1,F1901M,ENGLAND,5,8,"AUSTRIA,GERMANY",2,3,"[""A EDI - NWY VIA"", ""F NTH - SKA"", ""F NWG C A EDI - NWY""]",True,"[""builds"", ""centers"", ""homes"", ""name"", ""retreats"", ""units""]"
cicero_g000_p001_GERMANY,0,data/cicero_redacted_games/game_433761_ENGLAND_AG.json,root,1,F1901M,GERMANY,8,4,ENGLAND,1,3,"[""F DEN H"", ""A RUH - MUN"", ""A KIE - HOL""]",True,"[""builds"", ""centers"", ""homes"", ""name"", ""retreats"", ""units""]"
cicero_g000_p003_ENGLAND,0,data/cicero_redacted_games/game_433761_ENGLAND_AG.json,root,3,S1902M,ENGLAND,8,14,"AUSTRIA,GERMANY",2,4,"[""F EDI - NTH"", ""F NWG - BAR"", ""A NWY S F SKA - SWE"", ""F SKA - SWE""]",True,"[""builds"", ""centers"", ""homes"", ""name"", ""retreats"", ""units""]"
cicero_g000_p003_GERMANY,0,data/cicero_redacted_games/game_433761_ENGLAND_AG.json,root,3,S1902M,GERMANY,14,7,ENGLAND,1,5,"[""F DEN S F SWE"", ""A HOL - BEL"", ""A RUH S A HOL - BEL"", ""F KIE - HEL"", ""A MUN - BUR""]",True,"[""builds"", ""centers"", ""homes"", ""name"", ""retreats"", ""units""]"
cicero_g000_p004_ENGLAND,0,data/cicero_redacted_games/game_433761_ENGLAND_AG.json,root,4,F1902M,ENGLAND,7,13,"AUSTRIA,GERMANY",2,4,"[""F NTH - DEN"", ""F NWG - NWY"", ""A NWY - SWE"", ""F SKA S A NWY - SWE""]",True,"[""builds"", ""centers"", ""homes"", ""name"", ""retreats"", ""units""]"
cicero_g000_p004_GERMANY,0,data/cicero_redacted_games/game_433761_ENGLAND_AG.json,root,4,F1902M,GERMANY,13,6,ENGLAND,1,5,"[""A BEL S A RUH"", ""F DEN S F SKA - SWE"", ""F HEL - HOL"", ""A RUH S A BEL"", ""A MUN - BUR""]",True,"[""builds"", ""centers"", ""homes"", ""name"", ""retreats"", ""units""]"
cicero_g000_p007_ENGLAND,0,data/cicero_redacted_games/game_433761_ENGLAND_AG.json,root,7,S1903M,ENGLAND,1,5,GERMANY,1,5,"[""F LON - ENG"", ""F NTH - HEL"", ""F NWG - NTH"", ""F SKA - DEN"", ""A SWE S F SKA - DEN""]",True,"[""builds"", ""centers"", ""homes"", ""name"", ""retreats"", ""units""]"
cicero_g000_p007_GERMANY,0,data/cicero_redacted_games/game_433761_ENGLAND_AG.json,root,7,S1903M,GERMANY,5,1,ENGLAND,1,6,"[""A BEL S A MUN - BUR"", ""F DEN S F HOL - NTH"", ""F HOL - NTH"", ""A RUH S A MUN - BUR"", ""A MUN - BUR"", ""A BER - PRU""]",True,"[""builds"", ""centers"", ""homes"", ""name"", ""retreats"", ""units""]"
cicero_g000_p012_ENGLAND,0,data/cicero_redacted_games/game_433761_ENGLAND_AG.json,root,12,S1904M,ENGLAND,3,8,GERMANY,1,7,"[""F LON - NTH"", ""F LVP - IRI"", ""F NTH - HOL"", ""F ENG S F LVP - IRI"", ""F DEN S F KIE"", ""F KIE S F NTH - HOL"", ""A SWE - FIN""]",True,"[""builds"", ""centers"", ""homes"", ""name"", ""retreats"", ""units""]"
cicero_g000_p012_GERMANY,0,data/cicero_redacted_games/game_433761_ENGLAND_AG.json,root,12,S1904M,GERMANY,8,3,ENGLAND,1,2,"[""A RUH - BUR"", ""A MUN S A RUH - BUR""]",True,"[""builds"", ""centers"", ""homes"", ""name"", ""retreats"", ""units""]"
cicero_g000_p014_ENGLAND,0,data/cicero_redacted_games/game_433761_ENGLAND_AG.json,root,14,F1904M,ENGLAND,3,14,GERMANY,1,7,"[""F NTH S F HOL"", ""F ENG S F IRI - MAO"", ""F IRI - MAO"", ""F DEN S F KIE"", ""F HOL S F KIE"", ""F KIE S F HOL"", ""A FIN - STP""]",True,"[""builds"", ""centers"", ""homes"", ""name"", ""retreats"", ""units""]"
cicero_g000_p017_AUSTRIA,0,data/cicero_redacted_games/game_433761_ENGLAND_AG.json,root,17,S1905M,AUSTRIA,1,2,ENGLAND,1,4,"[""A TRI - VEN"", ""F ALB S A BUL - GRE"", ""A BUD - VIE"", ""A BUL - GRE""]",True,"[""builds"", ""centers"", ""homes"", ""name"", ""retreats"", ""units""]"
cicero_g000_p017_ENGLAND,0,data/cicero_redacted_games/game_433761_ENGLAND_AG.json,root,17,S1905M,ENGLAND,2,1,AUSTRIA,1,9,"[""A EDI - DEN VIA"", ""A LON - POR VIA"", ""F NTH C A EDI - DEN"", ""F ENG C A LON - POR"", ""F DEN - BAL"", ""F HOL S F KIE"", ""F MAO C A LON - POR"", ""F KIE S F DEN - BAL"", ""A STP - MOS""]",True,"[""builds"", ""centers"", ""homes"", ""name"", ""retreats"", ""units""]"
cicero_g000_p025_ENGLAND,0,data/cicero_redacted_games/game_433761_ENGLAND_AG.json,root,25,S1907M,ENGLAND,1,1,"AUSTRIA,GERMANY",2,12,"[""A EDI - BEL VIA"", ""F NTH C A EDI - BEL"", ""F ENG S A EDI - BEL"", ""F NAO - MAO"", ""A BEL - BUR"", ""F HOL S A EDI - BEL"", ""F MAO - NAF"", ""F BAL - LVN"", ""A KIE H"", ""A STP - MOS"", ""A POR - SPA"", ""F BER S A KIE""]",True,"[""builds"", ""centers"", ""homes"", ""name"", ""retreats"", ""units""]"
cicero_g000_p032_AUSTRIA,0,data/cicero_redacted_games/game_433761_ENGLAND_AG.json,root,32,F1908M,AUSTRIA,1,1,ENGLAND,1,5,"[""A BOH S A TYR - MUN"", ""A TYR - MUN"", ""F APU - NAP"", ""A GRE H"", ""A SER S A GRE""]",True,"[""builds"", ""centers"", ""homes"", ""name"", ""retreats"", ""units""]"
cicero_g000_p032_ENGLAND,0,data/cicero_redacted_games/game_433761_ENGLAND_AG.json,root,32,F1908M,ENGLAND,1,2,"AUSTRIA,GERMANY",2,14,"[""F NTH - HOL"", ""F ENG - BRE"", ""A BEL - BUR"", ""F HOL - KIE"", ""A BRE - GAS"", ""F MAO S A SPA"", ""F BAL S F KIE - BER"", ""F KIE - BER"", ""A STP - MOS"", ""A PAR S A BEL - BUR"", ""F NAF - WES"", ""A SPA S A BRE - GAS"", ""A PRU S A MOS - WAR"", ""A MOS - WAR""]",True,"[""builds"", ""centers"", ""homes"", ""name"", ""retreats"", ""units""]"
cicero_g001_p000_AUSTRIA,1,data/cicero_redacted_games/game_433762_ITALY_AEFT.json,root,0,S1901M,AUSTRIA,5,4,ITALY,1,3,"[""A VIE - TRI"", ""F TRI - ALB"", ""A BUD - SER""]",True,"[""builds"", ""centers"", ""homes"", ""name"", ""retreats"", ""units""]"
cicero_g001_p000_ENGLAND,1,data/cicero_redacted_games/game_433762_ITALY_AEFT.json,root,0,S1901M,ENGLAND,1,1,ITALY,1,3,"[""F EDI - NWG"", ""F LON - NTH"", ""A LVP - YOR""]",True,"[""builds"", ""centers"", ""homes"", ""name"", ""retreats"", ""units""]"
cicero_g001_p000_FRANCE,1,data/cicero_redacted_games/game_433762_ITALY_AEFT.json,root,0,S1901M,FRANCE,1,2,ITALY,1,3,"[""F BRE - MAO"", ""A PAR - BUR"", ""A MAR S A PAR - BUR""]",True,"[""builds"", ""centers"", ""homes"", ""name"", ""retreats"", ""units""]"
cicero_g001_p000_ITALY,1,data/cicero_redacted_games/game_433762_ITALY_AEFT.json,root,0,S1901M,ITALY,11,11,"AUSTRIA,ENGLAND,FRANCE,TURKEY",4,3,"[""F NAP - ION"", ""A ROM - APU"", ""A VEN H""]",True,"[""builds"", ""centers"", ""homes"", ""name"", ""retreats"", ""units""]"
cicero_g001_p000_TURKEY,1,data/cicero_redacted_games/game_433762_ITALY_AEFT.json,root,0,S1901M,TURKEY,4,4,ITALY,1,3,"[""F ANK - BLA"", ""A SMY - CON"", ""A CON - BUL""]",True,"[""builds"", ""centers"", ""homes"", ""name"", ""retreats"", ""units""]"
cicero_g001_p001_AUSTRIA,1,data/cicero_redacted_games/game_433762_ITALY_AEFT.json,root,1,F1901M,AUSTRIA,5,2,ITALY,1,3,"[""A TRI S A SER"", ""F ALB - GRE"", ""A SER S F ALB - GRE""]",True,"[""builds"", ""centers"", ""homes"", ""name"", ""retreats"", ""units""]"
cicero_g001_p001_ENGLAND,1,data/cicero_redacted_games/game_433762_ITALY_AEFT.json,root,1,F1901M,ENGLAND,1,2,ITALY,1,3,"[""A YOR - BEL VIA"", ""F NTH C A YOR - BEL"", ""F NWG - NWY""]",True,"[""builds"", ""centers"", ""homes"", ""name"", ""retreats"", ""units""]"
cicero_g001_p001_FRANCE,1,data/cicero_redacted_games/game_433762_ITALY_AEFT.json,root,1,F1901M,FRANCE,2,2,ITALY,1,3,"[""F MAO - POR"", ""A BUR - RUH"", ""A MAR - SPA""]",True,"[""builds"", ""centers"", ""homes"", ""name"", ""retreats"", ""units""]"
cicero_g001_p001_ITALY,1,data/cicero_redacted_games/game_433762_ITALY_AEFT.json,root,1,F1901M,ITALY,6,9,"AUSTRIA,ENGLAND,FRANCE,TURKEY",4,3,"[""F ION C A APU - TUN"", ""A VEN H"", ""A APU - TUN VIA""]",True,"[""builds"", ""centers"", ""homes"", ""name"", ""retreats"", ""units""]"
cicero_g001_p003_AUSTRIA,1,data/cicero_redacted_games/game_433762_ITALY_AEFT.json,root,3,S1902M,AUSTRIA,9,4,ITALY,1,5,"[""A VIE - BOH"", ""A TRI - VIE"", ""F GRE S A SER - BUL"", ""A BUD - SER"", ""A SER - BUL""]",True,"[""builds"", ""centers"", ""homes"", ""name"", ""retreats"", ""units""]"
cicero_g001_p003_FRANCE,1,data/cicero_redacted_games/game_433762_ITALY_AEFT.json,root,3,S1902M,FRANCE,1,3,ITALY,1,5,"[""A RUH - KIE"", ""A PAR S A MAR - BUR"", ""F POR - MAO"", ""A SPA - GAS"", ""A MAR - BUR""]",True,"[""builds"", ""centers"", ""homes"", ""name"", ""retreats"", ""units""]"
cicero_g001_p003_ITALY,1,data/cicero_redacted_games/game_433762_ITALY_AEFT.json,root,3,S1902M,ITALY,10,10,"AUSTRIA,ENGLAND,FRANCE,TURKEY",4,4,"[""A TUN H"", ""F ION - EAS"", ""F NAP - ION"", ""A VEN H""]",True,"[""builds"", ""centers"", ""homes"", ""name"", ""retreats"", ""units""]"
cicero_g001_p005_AUSTRIA,1,data/cicero_redacted_games/game_433762_ITALY_AEFT.json,root,5,F1902M,AUSTRIA,5,5,ITALY,1,5,"[""A BOH S A MUN"", ""A VIE - TYR"", ""F GRE S F ION - AEG"", ""A BUD H"", ""A SER S F GRE""]",True,"[""builds"", ""centers"", ""homes"", ""name"", ""retreats"", ""units""]"
cicero_g001_p005_ITALY,1,data/cicero_redacted_games/game_433762_ITALY_AEFT.json,root,5,F1902M,ITALY,9,6,"AUSTRIA,ENGLAND,TURKEY",3,4,"[""A TUN - SYR VIA"", ""F ION C A TUN - SYR"", ""A VEN - TRI"", ""F EAS C A TUN - SYR""]",True,"[""builds"", ""centers"", ""homes"", ""name"", ""retreats"", ""units""]"
cicero_g001_p005_TURKEY,1,data/cicero_redacted_games/game_433762_ITALY_AEFT.json,root,5,F1902M,TURKEY,1,2,ITALY,1,4,"[""F AEG - GRE"", ""A SMY - SYR"", ""A BUL S F AEG - GRE"", ""F CON - AEG""]",True,"[""builds"", ""centers"", ""homes"", ""name"", ""retreats"", ""units""]"
cicero_g001_p008_AUSTRIA,1,data/cicero_redacted_games/game_433762_ITALY_AEFT.json,root,8,S1903M,AUSTRIA,7,5,ITALY,1,4,"[""A TYR - VIE"", ""F GRE - ALB"", ""A BUD S A SER - TRI"", ""A SER - TRI""]",True,"[""builds"", ""centers"", ""homes"", ""name"", ""retreats"", ""units""]"
cicero_g001_p008_ITALY,1,data/cicero_redacted_games/game_433762_ITALY_AEFT.json,root,8,S1903M,ITALY,5,7,AUSTRIA,1,5,"[""A TUN - ALB VIA"", ""F ION C A TUN - ALB"", ""A VEN - TYR"", ""A TRI - SER"", ""F EAS - AEG""]",True,"[""builds"", ""centers"", ""homes"", ""name"", ""retreats"", ""units""]"
cicero_g001_p010_AUSTRIA,1,data/cicero_redacted_games/game_433762_ITALY_AEFT.json,root,10,F1903M,AUSTRIA,10,3,ITALY,1,4,"[""A VIE - TRI"", ""A TRI - TYR"", ""F GRE - ION"", ""A BUD S A VIE - TRI""]",True,"[""builds"", ""centers"", ""homes"", ""name"", ""retreats"", ""units""]"
cicero_g001_p010_ITALY,1,data/cicero_redacted_games/game_433762_ITALY_AEFT.json,root,10,F1903M,ITALY,3,10,AUSTRIA,1,5,"[""A TUN - GRE VIA"", ""A TYR S A MUN"", ""F ION C A TUN - GRE"", ""A VEN S A TYR"", ""F EAS - AEG""]",True,"[""builds"", ""centers"", ""homes"", ""name"", ""retreats"", ""units""]"
cicero_g001_p013_AUSTRIA,1,data/cicero_redacted_games/game_433762_ITALY_AEFT.json,root,13,S1904M,AUSTRIA,2,2,ITALY,1,4,"[""A VIE S A TRI"", ""A TRI S A BUD - SER"", ""F GRE S F AEG - ION"", ""A BUD - SER""]",True,"[""builds"", ""centers"", ""homes"", ""name"", ""retreats"", ""units""]"
cicero_g001_p013_ITALY,1,data/cicero_redacted_games/game_433762_ITALY_AEFT.json,root,13,S1904M,ITALY,2,2,AUSTRIA,1,4,"[""A TUN - ALB VIA"", ""A TYR S A MUN"", ""F ION C A TUN - ALB"", ""A VEN S A TYR""]",True,"[""builds"", ""centers"", ""homes"", ""name"", ""retreats"", ""units""]"
cicero_g001_p015_FRANCE,1,data/cicero_redacted_games/game_433762_ITALY_AEFT.json,root,15,F1904M,FRANCE,2,3,ITALY,1,7,"[""F LVP H"", ""A WAL - LON"", ""F ENG S A WAL - LON"", ""A BEL H"", ""A HOL - KIE"", ""A BUR S A RUH - MUN"", ""A RUH - MUN""]",True,"[""builds"", ""centers"", ""homes"", ""name"", ""retreats"", ""units""]"
cicero_g001_p015_ITALY,1,data/cicero_redacted_games/game_433762_ITALY_AEFT.json,root,15,F1904M,ITALY,3,2,FRANCE,1,4,"[""A TUN H"", ""A TYR - VEN"", ""F NAP S A VEN - APU"", ""A VEN - APU""]",True,"[""builds"", ""centers"", ""homes"", ""name"", ""retreats"", ""units""]"
cicero_g001_p020_FRANCE,1,data/cicero_redacted_games/game_433762_ITALY_AEFT.json,root,20,F1905M,FRANCE,2,3,ITALY,1,10,"[""A YOR - EDI"", ""F NTH S F NWY"", ""F CLY S A YOR - EDI"", ""A HOL - KIE"", ""F MAO - WES"", ""A BUR S A MUN"", ""A RUH S A MUN"", ""A GAS H"", ""A MUN S A HOL - KIE"", ""F LYO - TYS""]",True,"[""builds"", ""centers"", ""homes"", ""name"", ""retreats"", ""units""]"
cicero_g001_p020_ITALY,1,data/cicero_redacted_games/game_433762_ITALY_AEFT.json,root,20,F1905M,ITALY,3,2,FRANCE,1,4,"[""A TUN H"", ""F NAP S F LYO - TYS"", ""A VEN S A APU"", ""A APU S A VEN""]",True,"[""builds"", ""centers"", ""homes"", ""name"", ""retreats"", ""units""]"
cicero_g001_p023_ITALY,1,data/cicero_redacted_games/game_433762_ITALY_AEFT.json,root,23,S1906M,ITALY,5,5,"FRANCE,TURKEY",2,3,"[""A TUN H"", ""F NAP S A ROM"", ""A ROM S F NAP""]",True,"[""builds"", ""centers"", ""homes"", ""name"", ""retreats"", ""units""]"
cicero_g001_p023_TURKEY,1,data/cicero_redacted_games/game_433762_ITALY_AEFT.json,root,23,S1906M,TURKEY,5,4,ITALY,1,4,"[""F ION S A TUN"", ""A APU S A ROM"", ""F EAS H"", ""A BUL H""]",True,"[""builds"", ""centers"", ""homes"", ""name"", ""retreats"", ""units""]"
cicero_g001_p025_AUSTRIA,1,data/cicero_redacted_games/game_433762_ITALY_AEFT.json,root,25,F1906M,AUSTRIA,3,2,ITALY,1,5,"[""A BOH - MUN"", ""A TYR S A BOH - MUN"", ""A VEN H"", ""F ADR S A VEN"", ""A SER - GRE""]",True,"[""builds"", ""centers"", ""homes"", ""name"", ""retreats"", ""units""]"
cicero_g001_p025_ITALY,1,data/cicero_redacted_games/game_433762_ITALY_AEFT.json,root,25,F1906M,ITALY,3,6,"AUSTRIA,FRANCE,TURKEY",3,3,"[""A TUN H"", ""F NAP S F ION - TYS"", ""A ROM S F NAP""]",True,"[""builds"", ""centers"", ""homes"", ""name"", ""retreats"", ""units""]"
cicero_g001_p025_TURKEY,1,data/cicero_redacted_games/game_433762_ITALY_AEFT.json,root,25,F1906M,TURKEY,2,1,ITALY,1,4,"[""F ION - TYS"", ""A APU H"", ""F EAS - ION"", ""A BUL H""]",True,"[""builds"", ""centers"", ""homes"", ""name"", ""retreats"", ""units""]"
cicero_g001_p028_ITALY,1,data/cicero_redacted_games/game_433762_ITALY_AEFT.json,root,28,S1907M,ITALY,5,7,TURKEY,1,2,"[""F NAP S F TYS"", ""A ROM - TUS""]",True,"[""builds"", ""centers"", ""homes"", ""name"", ""retreats"", ""units""]"
cicero_g001_p028_TURKEY,1,data/cicero_redacted_games/game_433762_ITALY_AEFT.json,root,28,S1907M,TURKEY,7,5,ITALY,1,4,"[""F TYS S F ION - TUN"", ""F ION - TUN"", ""A APU H"", ""A BUL H""]",True,"[""builds"", ""centers"", ""homes"", ""name"", ""retreats"", ""units""]"
cicero_g001_p030_ITALY,1,data/cicero_redacted_games/game_433762_ITALY_AEFT.json,root,30,F1907M,ITALY,3,3,TURKEY,1,2,"[""A TUS S A PIE"", ""F NAP S F TYS""]",True,"[""builds"", ""centers"", ""homes"", ""name"", ""retreats"", ""units""]"
cicero_g001_p030_TURKEY,1,data/cicero_redacted_games/game_433762_ITALY_AEFT.json,root,30,F1907M,TURKEY,3,3,ITALY,1,4,"[""F TYS - NAP"", ""F ION S F TYS - NAP"", ""A APU - ROM"", ""A BUL H""]",True,"[""builds"", ""centers"", ""homes"", ""name"", ""retreats"", ""units""]"
cicero_g002_p000_ITALY,2,data/cicero_redacted_games/game_433920_RUSSIA_EI.json,root,0,S1901M,ITALY,3,3,RUSSIA,1,3,"[""F NAP - ION"", ""A ROM - VEN"", ""A VEN - TYR""]",True,"[""builds"", ""centers"", ""homes"", ""name"", ""retreats"", ""units""]"
cicero_g002_p000_RUSSIA,2,data/cicero_redacted_games/game_433920_RUSSIA_EI.json,root,0,S1901M,RUSSIA,3,3,ITALY,1,4,"[""F STP/SC - BOT"", ""A MOS - UKR"", ""A WAR - GAL"", ""F SEV - BLA""]",True,"[""builds"", ""centers"", ""homes"", ""name"", ""retreats"", ""units""]"
cicero_g002_p001_ENGLAND,2,data/cicero_redacted_games/game_433920_RUSSIA_EI.json,root,1,F1901M,ENGLAND,3,2,RUSSIA,1,3,"[""A YOR - BEL VIA"", ""F NTH C A YOR - BEL"", ""F NWG - NWY""]",True,"[""builds"", ""centers"", ""homes"", ""name"", ""retreats"", ""units""]"
cicero_g002_p001_ITALY,2,data/cicero_redacted_games/game_433920_RUSSIA_EI.json,root,1,F1901M,ITALY,1,2,RUSSIA,1,3,"[""A TYR - BOH"", ""F ION - TUN"", ""A VEN - TYR""]",True,"[""builds"", ""centers"", ""homes"", ""name"", ""retreats"", ""units""]"
cicero_g002_p001_RUSSIA,2,data/cicero_redacted_games/game_433920_RUSSIA_EI.json,root,1,F1901M,RUSSIA,4,4,"ENGLAND,ITALY",2,4,"[""F BOT - SWE"", ""A WAR - GAL"", ""F SEV - BLA"", ""A UKR - RUM""]",True,"[""builds"", ""centers"", ""homes"", ""name"", ""retreats"", ""units""]"
cicero_g002_p003_ENGLAND,2,data/cicero_redacted_games/game_433920_RUSSIA_EI.json,root,3,S1902M,ENGLAND,5,3,RUSSIA,1,5,"[""F EDI - NTH"", ""F LON S F EDI - NTH"", ""F NTH - HEL"", ""A BEL H"", ""F NWY H""]",True,"[""builds"", ""centers"", ""homes"", ""name"", ""retreats"", ""units""]"
cicero_g002_p003_ITALY,2,data/cicero_redacted_games/game_433920_RUSSIA_EI.json,root,3,S1902M,ITALY,6,7,RUSSIA,1,4,"[""F TUN - ION"", ""A BOH - VIE"", ""A TYR S A BOH - VIE"", ""A VEN - TRI""]",True,"[""builds"", ""centers"", ""homes"", ""name"", ""retreats"", ""units""]"
cicero_g002_p003_RUSSIA,2,data/cicero_redacted_games/game_433920_RUSSIA_EI.json,root,3,S1902M,RUSSIA,10,11,"ENGLAND,ITALY",2,6,"[""F SWE - NWY"", ""A MOS - STP"", ""A WAR - SIL"", ""F SEV - RUM"", ""A GAL S A RUM - BUD"", ""A RUM - BUD""]",True,"[""builds"", ""centers"", ""homes"", ""name"", ""retreats"", ""units""]"
cicero_g002_p005_ENGLAND,2,data/cicero_redacted_games/game_433920_RUSSIA_EI.json,root,5,F1902M,ENGLAND,6,5,RUSSIA,1,5,"[""F EDI - NWG"", ""F LON - ENG"", ""F NTH S F NWY"", ""A BEL - HOL"", ""F NWY H""]",True,"[""builds"", ""centers"", ""homes"", ""name"", ""retreats"", ""units""]"
cicero_g002_p005_ITALY,2,data/cicero_redacted_games/game_433920_RUSSIA_EI.json,root,5,F1902M,ITALY,5,5,RUSSIA,1,4,"[""A TYR S A VIE"", ""F ION S F AEG - GRE"", ""A VEN - TRI"", ""A VIE S A VEN - TRI""]",True,"[""builds"", ""centers"", ""homes"", ""name"", ""retreats"", ""units""]"
cicero_g002_p005_RUSSIA,2,data/cicero_redacted_games/game_433920_RUSSIA_EI.json,root,5,F1902M,RUSSIA,10,11,"ENGLAND,ITALY",2,6,"[""F SWE S A STP - NWY"", ""A STP - NWY"", ""A SIL - BOH"", ""F SEV - RUM"", ""A GAL - VIE"", ""A BUD S A GAL - VIE""]",True,"[""builds"", ""centers"", ""homes"", ""name"", ""retreats"", ""units""]"
cicero_g002_p008_ITALY,2,data/cicero_redacted_games/game_433920_RUSSIA_EI.json,root,8,S1903M,ITALY,13,7,RUSSIA,1,5,"[""A TYR - TRI"", ""F ION - ADR"", ""F NAP - TYS"", ""A VEN S A TYR - TRI"", ""A VIE - BUD""]",True,"[""builds"", ""centers"", ""homes"", ""name"", ""retreats"", ""units""]"
cicero_g002_p008_RUSSIA,2,data/cicero_redacted_games/game_433920_RUSSIA_EI.json,root,8,S1903M,RUSSIA,7,13,ITALY,1,6,"[""F SWE S A STP - NWY"", ""A STP - NWY"", ""A BOH - GAL"", ""A GAL - UKR"", ""F RUM - BUL/EC"", ""A BUD S A ALB - SER""]",True,"[""builds"", ""centers"", ""homes"", ""name"", ""retreats"", ""units""]"
cicero_g002_p010_ITALY,2,data/cicero_redacted_games/game_433920_RUSSIA_EI.json,root,10,F1903M,ITALY,6,4,RUSSIA,1,5,"[""F TYS - ION"", ""A VEN - TRI"", ""A VIE S A TRI - BUD"", ""A TRI - BUD"", ""F ADR S A VEN - TRI""]",True,"[""builds"", ""centers"", ""homes"", ""name"", ""retreats"", ""units""]"
cicero_g002_p010_RUSSIA,2,data/cicero_redacted_games/game_433920_RUSSIA_EI.json,root,10,F1903M,RUSSIA,4,6,ITALY,1,5,"[""F SWE S A STP - NWY"", ""A STP - NWY"", ""A UKR S A BUD - RUM"", ""A GAL S A BUD - RUM"", ""A BUD - RUM""]",True,"[""builds"", ""centers"", ""homes"", ""name"", ""retreats"", ""units""]"
cicero_g002_p013_ITALY,2,data/cicero_redacted_games/game_433920_RUSSIA_EI.json,root,13,S1904M,ITALY,7,4,RUSSIA,1,7,"[""F ION - GRE"", ""F NAP - TYS"", ""A VEN - TYR"", ""A VIE S A BUD"", ""A TRI - SER"", ""F ADR - ALB"", ""A BUD S A TRI - SER""]",True,"[""builds"", ""centers"", ""homes"", ""name"", ""retreats"", ""units""]"
cicero_g002_p013_RUSSIA,2,data/cicero_redacted_games/game_433920_RUSSIA_EI.json,root,13,S1904M,RUSSIA,4,7,ITALY,1,4,"[""A STP - MOS"", ""A UKR S A RUM"", ""A GAL S A RUM"", ""A RUM S A TRI - SER""]",True,"[""builds"", ""centers"", ""homes"", ""name"", ""retreats"", ""units""]"
cicero_g002_p015_ITALY,2,data/cicero_redacted_games/game_433920_RUSSIA_EI.json,root,15,F1904M,ITALY,7,4,RUSSIA,1,7,"[""F TYS H"", ""A TYR - MUN"", ""F ION S F ALB - GRE"", ""A VIE S A BUD"", ""F ALB - GRE"", ""A BUD S A SER"", ""A SER S F ALB - GRE""]",True,"[""builds"", ""centers"", ""homes"", ""name"", ""retreats"", ""units""]"
cicero_g002_p015_RUSSIA,2,data/cicero_redacted_games/game_433920_RUSSIA_EI.json,root,15,F1904M,RUSSIA,4,7,ITALY,1,4,"[""A MOS S A RUM - SEV"", ""A UKR S A RUM - SEV"", ""A GAL - RUM"", ""A RUM - SEV""]",True,"[""builds"", ""centers"", ""homes"", ""name"", ""retreats"", ""units""]"
cicero_g002_p018_ITALY,2,data/cicero_redacted_games/game_433920_RUSSIA_EI.json,root,18,S1905M,ITALY,5,3,RUSSIA,1,9,"[""F TYS - LYO"", ""A TYR S A VEN - PIE"", ""F ION S F GRE"", ""F NAP - TYS"", ""A VEN - PIE"", ""A VIE S A BUD"", ""F GRE S F AEG"", ""A BUD S A SER"", ""A SER S F GRE""]",True,"[""builds"", ""centers"", ""homes"", ""name"", ""retreats"", ""units""]"
cicero_g002_p018_RUSSIA,2,data/cicero_redacted_games/game_433920_RUSSIA_EI.json,root,18,S1905M,RUSSIA,3,5,ITALY,1,3,"[""A MOS - SEV"", ""A UKR S A MOS - SEV"", ""A GAL - RUM""]",True,"[""builds"", ""centers"", ""homes"", ""name"", ""retreats"", ""units""]"
cicero_g002_p020_ITALY,2,data/cicero_redacted_games/game_433920_RUSSIA_EI.json,root,20,F1905M,ITALY,2,1,RUSSIA,1,9,"[""F LYO S A PIE - MAR"", ""F TYS - WES"", ""A PIE - MAR"", ""A TYR - BOH"", ""F ION S A SER - GRE"", ""A VIE S A BUD"", ""F GRE - BUL/SC"", ""A BUD S A SER"", ""A SER - GRE""]",True,"[""builds"", ""centers"", ""homes"", ""name"", ""retreats"", ""units""]"
cicero_g002_p020_RUSSIA,2,data/cicero_redacted_games/game_433920_RUSSIA_EI.json,root,20,F1905M,RUSSIA,1,2,ITALY,1,3,"[""A MOS - SEV"", ""A UKR S A MOS - SEV"", ""A GAL - RUM""]",True,"[""builds"", ""centers"", ""homes"", ""name"", ""retreats"", ""units""]"
cicero_g002_p023_ITALY,2,data/cicero_redacted_games/game_433920_RUSSIA_EI.json,root,23,S1906M,ITALY,2,2,RUSSIA,1,10,"[""F WES S A MAR - SPA"", ""A MAR - SPA"", ""F LYO S A MAR - SPA"", ""A BOH - SIL"", ""F ION - ADR"", ""A VEN - TYR"", ""A VIE - BOH"", ""F GRE - ION"", ""A BUD - SER"", ""A SER - GRE""]",True,"[""builds"", ""centers"", ""homes"", ""name"", ""retreats"", ""units""]"
cicero_g002_p023_RUSSIA,2,data/cicero_redacted_games/game_433920_RUSSIA_EI.json,root,23,S1906M,RUSSIA,2,2,ITALY,1,2,"[""A MOS - SEV"", ""A UKR S A MOS - SEV""]",True,"[""builds"", ""centers"", ""homes"", ""name"", ""retreats"", ""units""]"
cicero_g002_p024_ITALY,2,data/cicero_redacted_games/game_433920_RUSSIA_EI.json,root,24,F1906M,ITALY,3,4,RUSSIA,1,10,"[""A SPA S F MAO - POR"", ""F WES S A SPA"", ""F LYO - MAR"", ""A BOH - GAL"", ""A SIL - WAR"", ""A TYR - PIE"", ""F ION H"", ""F ADR S F ION"", ""A BUD S A SER"", ""A SER S A BUL""]",True,"[""builds"", ""centers"", ""homes"", ""name"", ""retreats"", ""units""]"
cicero_g002_p024_RUSSIA,2,data/cicero_redacted_games/game_433920_RUSSIA_EI.json,root,24,F1906M,RUSSIA,4,3,ITALY,1,2,"[""A MOS - SEV"", ""A UKR - WAR""]",True,"[""builds"", ""centers"", ""homes"", ""name"", ""retreats"", ""units""]"
cicero_g002_p027_ITALY,2,data/cicero_redacted_games/game_433920_RUSSIA_EI.json,root,27,S1907M,ITALY,6,1,RUSSIA,1,10,"[""A SPA S A PIE - MAR"", ""F WES S A SPA"", ""F MAR - LYO"", ""A PIE - TYR"", ""A SIL - GAL"", ""F ION H"", ""A GAL - RUM"", ""F ADR S F ION"", ""A BUD S A GAL - RUM"", ""A SER - BUL""]",True,"[""builds"", ""centers"", ""homes"", ""name"", ""retreats"", ""units""]"
cicero_g002_p027_RUSSIA,2,data/cicero_redacted_games/game_433920_RUSSIA_EI.json,root,27,S1907M,RUSSIA,1,6,ITALY,1,2,"[""A MOS S A UKR - WAR"", ""A UKR - WAR""]",True,"[""builds"", ""centers"", ""homes"", ""name"", ""retreats"", ""units""]"
cicero_g002_p029_ITALY,2,data/cicero_redacted_games/game_433920_RUSSIA_EI.json,root,29,F1907M,ITALY,2,2,RUSSIA,1,10,"[""A SPA - MAR"", ""F WES - SPA/SC"", ""F LYO S A SPA - MAR"", ""A PIE S A SPA - MAR"", ""F ION - GRE"", ""A GAL S A RUM"", ""A RUM S A SER - BUL"", ""F ADR - ION"", ""A BUD S A RUM"", ""A SER - BUL""]",True,"[""builds"", ""centers"", ""homes"", ""name"", ""retreats"", ""units""]"
cicero_g002_p029_RUSSIA,2,data/cicero_redacted_games/game_433920_RUSSIA_EI.json,root,29,F1907M,RUSSIA,2,2,ITALY,1,2,"[""A MOS S A WAR - UKR"", ""A WAR - UKR""]",True,"[""builds"", ""centers"", ""homes"", ""name"", ""retreats"", ""units""]"
cicero_g002_p032_ITALY,2,data/cicero_redacted_games/game_433920_RUSSIA_EI.json,root,32,S1908M,ITALY,2,2,RUSSIA,1,11,"[""F WES S F LYO - SPA"", ""A MAR H"", ""F TUN - NAF"", ""F LYO - SPA/SC"", ""A PIE S A MAR"", ""A VEN - TYR"", ""A GAL - BOH"", ""A RUM - SER"", ""F ADR - APU"", ""A BUD - VIE"", ""A SER - ALB""]",True,"[""builds"", ""centers"", ""homes"", ""name"", ""retreats"", ""units""]"
cicero_g002_p032_RUSSIA,2,data/cicero_redacted_games/game_433920_RUSSIA_EI.json,root,32,S1908M,RUSSIA,2,2,ITALY,1,2,"[""A MOS S A WAR"", ""A WAR S A MOS""]",True,"[""builds"", ""centers"", ""homes"", ""name"", ""retreats"", ""units""]"
cicero_g003_p000_ENGLAND,3,data/cicero_redacted_games/game_433967_ENGLAND_IT.json,root,0,S1901M,ENGLAND,2,2,"ITALY,TURKEY",2,3,"[""F EDI - NWG"", ""F LON - NTH"", ""A LVP - EDI""]",True,"[""builds"", ""centers"", ""homes"", ""name"", ""retreats"", ""units""]"
cicero_g003_p000_ITALY,3,data/cicero_redacted_games/game_433967_ENGLAND_IT.json,root,0,S1901M,ITALY,1,2,ENGLAND,1,3,"[""F NAP - ION"", ""A ROM - VEN"", ""A VEN - TYR""]",True,"[""builds"", ""centers"", ""homes"", ""name"", ""retreats"", ""units""]"
cicero_g003_p001_ENGLAND,3,data/cicero_redacted_games/game_433967_ENGLAND_IT.json,root,1,F1901M,ENGLAND,2,3,ITALY,1,3,"[""A EDI - NWY VIA"", ""F NTH - SKA"", ""F NWG C A EDI - NWY""]",True,"[""builds"", ""centers"", ""homes"", ""name"", ""retreats"", ""units""]"
cicero_g003_p001_ITALY,3,data/cicero_redacted_games/game_433967_ENGLAND_IT.json,root,1,F1901M,ITALY,3,2,ENGLAND,1,3,"[""F ION - TUN"", ""A ROM - VEN"", ""A VEN - TYR""]",True,"[""builds"", ""centers"", ""homes"", ""name"", ""retreats"", ""units""]"
cicero_g003_p025_ENGLAND,3,data/cicero_redacted_games/game_433967_ENGLAND_IT.json,root,25,F1906M,ENGLAND,2,1,TURKEY,1,7,"[""F NTH S A NWY"", ""A DEN S F SKA - SWE"", ""A NWY S F SKA - SWE"", ""F SKA - SWE"", ""F BAR S A NWY"", ""A RUH S A KIE"", ""A KIE S A BUR - MUN""]",True,"[""builds"", ""centers"", ""homes"", ""name"", ""retreats"", ""units""]"
cicero_g003_p025_TURKEY,3,data/cicero_redacted_games/game_433967_ENGLAND_IT.json,root,25,F1906M,TURKEY,1,2,ENGLAND,1,4,"[""A ARM - BUL VIA"", ""F BLA C A ARM - BUL"", ""F AEG S A ARM - BUL"", ""F CON S A ARM - BUL""]",True,"[""builds"", ""centers"", ""homes"", ""name"", ""retreats"", ""units""]"
cicero_g003_p030_ENGLAND,3,data/cicero_redacted_games/game_433967_ENGLAND_IT.json,root,30,F1907M,ENGLAND,3,1,TURKEY,1,9,"[""A EDI - NWY VIA"", ""A LON H"", ""F NTH C A EDI - NWY"", ""A DEN S A KIE"", ""F BAR S A FIN - STP"", ""A RUH - BEL"", ""A KIE H"", ""F SWE - BOT"", ""A FIN - STP""]",True,"[""builds"", ""centers"", ""homes"", ""name"", ""retreats"", ""units""]"
cicero_g003_p030_TURKEY,3,data/cicero_redacted_games/game_433967_ENGLAND_IT.json,root,30,F1907M,TURKEY,1,3,ENGLAND,1,4,"[""F BLA - SEV"", ""F AEG - GRE"", ""A BUL S F AEG - GRE"", ""F CON - BLA""]",True,"[""builds"", ""centers"", ""homes"", ""name"", ""retreats"", ""units""]"
cicero_g004_p000_AUSTRIA,4,data/cicero_redacted_games/game_434015_GERMANY_AF.json,root,0,S1901M,AUSTRIA,5,2,GERMANY,1,3,"[""A VIE - GAL"", ""F TRI - VEN"", ""A BUD - SER""]",True,"[""builds"", ""centers"", ""homes"", ""name"", ""retreats"", ""units""]"
cicero_g004_p000_FRANCE,4,data/cicero_redacted_games/game_434015_GERMANY_AF.json,root,0,S1901M,FRANCE,4,5,GERMANY,1,3,"[""F BRE - MAO"", ""A PAR - PIC"", ""A MAR - GAS""]",True,"[""builds"", ""centers"", ""homes"", ""name"", ""retreats"", ""units""]"
cicero_g004_p000_GERMANY,4,data/cicero_redacted_games/game_434015_GERMANY_AF.json,root,0,S1901M,GERMANY,7,9,"AUSTRIA,FRANCE",2,3,"[""F KIE - DEN"", ""A MUN - RUH"", ""A BER - KIE""]",True,"[""builds"", ""centers"", ""homes"", ""name"", ""retreats"", ""units""]"
cicero_g004_p001_AUSTRIA,4,data/cicero_redacted_games/game_434015_GERMANY_AF.json,root,1,F1901M,AUSTRIA,1,1,GERMANY,1,3,"[""A VIE - BUD"", ""F TRI - ALB"", ""A SER - GRE""]",True,"[""builds"", ""centers"", ""homes"", ""name"", ""retreats"", ""units""]"
cicero_g004_p001_FRANCE,4,data/cicero_redacted_games/game_434015_GERMANY_AF.json,root,1,F1901M,FRANCE,6,1,GERMANY,1,3,"[""F MAO - POR"", ""A PIC - BEL"", ""A GAS - MAR""]",True,"[""builds"", ""centers"", ""homes"", ""name"", ""retreats"", ""units""]"
cicero_g004_p001_GERMANY,4,data/cicero_redacted_games/game_434015_GERMANY_AF.json,root,1,F1901M,GERMANY,2,7,"AUSTRIA,FRANCE",2,3,"[""F DEN - SKA"", ""A RUH - HOL"", ""A KIE - DEN""]",True,"[""builds"", ""centers"", ""homes"", ""name"", ""retreats"", ""units""]"
cicero_g004_p003_AUSTRIA,4,data/cicero_redacted_games/game_434015_GERMANY_AF.json,root,3,S1902M,AUSTRIA,2,3,GERMANY,1,4,"[""A TRI S A BUD"", ""F ALB S A GRE"", ""A GRE H"", ""A BUD S A TRI""]",True,"[""builds"", ""centers"", ""homes"", ""name"", ""retreats"", ""units""]"
cicero_g004_p003_FRANCE,4,data/cicero_redacted_games/game_434015_GERMANY_AF.json,root,3,S1902M,FRANCE,7,6,GERMANY,1,5,"[""A BEL H"", ""A GAS - SPA"", ""A PAR - GAS"", ""F POR - MAO"", ""F MAR - LYO""]",True,"[""builds"", ""centers"", ""homes"", ""name"", ""retreats"", ""units""]"
cicero_g004_p003_GERMANY,4,data/cicero_redacted_games/game_434015_GERMANY_AF.json,root,3,S1902M,GERMANY,9,9,"AUSTRIA,FRANCE",2,5,"[""A DEN - SWE"", ""A HOL H"", ""F SKA S F SWE - NWY"", ""F KIE - HEL"", ""A BER - KIE""]",True,"[""builds"", ""centers"", ""homes"", ""name"", ""retreats"", ""units""]"
cicero_g004_p005_AUSTRIA,4,data/cicero_redacted_games/game_434015_GERMANY_AF.json,root,5,F1902M,AUSTRIA,7,3,GERMANY,1,4,"[""A VIE S A TRI - BUD"", ""A TRI - BUD"", ""F ALB S A GRE"", ""A GRE S F ALB""]",True,"[""builds"", ""centers"", ""homes"", ""name"", ""retreats"", ""units""]"
cicero_g004_p005_FRANCE,4,data/cicero_redacted_games/game_434015_GERMANY_AF.json,root,5,F1902M,FRANCE,2,2,GERMANY,1,5,"[""A BEL H"", ""F MAO - WES"", ""A GAS - SPA"", ""A SPA - TUS VIA"", ""F LYO C A SPA - TUS""]",True,"[""builds"", ""centers"", ""homes"", ""name"", ""retreats"", ""units""]"
cicero_g004_p005_GERMANY,4,data/cicero_redacted_games/game_434015_GERMANY_AF.json,root,5,F1902M,GERMANY,5,9,"AUSTRIA,FRANCE",2,5,"[""A DEN - SWE"", ""F HEL - DEN"", ""A HOL S A BEL"", ""F SKA S A DEN - SWE"", ""A KIE - MUN""]",True,"[""builds"", ""centers"", ""homes"", ""name"", ""retreats"", ""units""]"
cicero_g004_p008_FRANCE,4,data/cicero_redacted_games/game_434015_GERMANY_AF.json,root,8,S1903M,FRANCE,7,3,GERMANY,1,6,"[""A BEL H"", ""A SPA - NAF VIA"", ""F WES C A SPA - NAF"", ""A MAR - PIE"", ""F LYO - TYS"", ""A TUS - ROM""]",True,"[""builds"", ""centers"", ""homes"", ""name"", ""retreats"", ""units""]"
cicero_g004_p008_GERMANY,4,data/cicero_redacted_games/game_434015_GERMANY_AF.json,root,8,S1903M,GERMANY,3,7,FRANCE,1,6,"[""F DEN - NTH"", ""A HOL S A BEL"", ""F SKA S F DEN - NTH"", ""F KIE - HEL"", ""A SWE - NWY"", ""A MUN - KIE""]",True,"[""builds"", ""centers"", ""homes"", ""name"", ""retreats"", ""units""]"
cicero_g004_p010_AUSTRIA,4,data/cicero_redacted_games/game_434015_GERMANY_AF.json,root,10,F1903M,AUSTRIA,6,4,GERMANY,1,3,"[""A VIE S A SER - TRI"", ""A BUD S A SER - TRI"", ""A SER - TRI""]",True,"[""builds"", ""centers"", ""homes"", ""name"", ""retreats"", ""units""]"
cicero_g004_p010_FRANCE,4,data/cicero_redacted_games/game_434015_GERMANY_AF.json,root,10,F1903M,FRANCE,8,6,GERMANY,1,5,"[""A BEL H"", ""A NAF S F TYS - TUN"", ""F WES - MAO"", ""F TYS - TUN"", ""A PIE - MAR""]",True,"[""builds"", ""centers"", ""homes"", ""name"", ""retreats"", ""units""]"
cicero_g004_p010_GERMANY,4,data/cicero_redacted_games/game_434015_GERMANY_AF.json,root,10,F1903M,GERMANY,10,14,"AUSTRIA,FRANCE",2,6,"[""F NTH C A HOL - NWY"", ""F HEL S F NTH"", ""A HOL - NWY VIA"", ""F SKA S A HOL - NWY"", ""A KIE - HOL"", ""A SWE S A HOL - NWY""]",True,"[""builds"", ""centers"", ""homes"", ""name"", ""retreats"", ""units""]"
cicero_g004_p012_FRANCE,4,data/cicero_redacted_games/game_434015_GERMANY_AF.json,root,12,S1904M,FRANCE,2,1,GERMANY,1,7,"[""A BEL - RUH"", ""F BRE S F MAO - ENG"", ""F MAO - ENG"", ""A PAR - PIC"", ""A NAF - TUN"", ""A MAR - BUR"", ""F TUN - WES""]",True,"[""builds"", ""centers"", ""homes"", ""name"", ""retreats"", ""units""]"
cicero_g004_p012_GERMANY,4,data/cicero_redacted_games/game_434015_GERMANY_AF.json,root,12,S1904M,GERMANY,1,2,FRANCE,1,7,"[""F NTH C A HOL - YOR"", ""F HEL S F NTH"", ""A HOL - YOR VIA"", ""A NWY S A MOS - STP"", ""F SKA S A NWY"", ""A KIE - RUH"", ""A SWE - FIN""]",True,"[""builds"", ""centers"", ""homes"", ""name"", ""retreats"", ""units""]"
cicero_g004_p016_AUSTRIA,4,data/cicero_redacted_games/game_434015_GERMANY_AF.json,root,16,S1905M,AUSTRIA,4,2,GERMANY,1,3,"[""A BOH - VIE"", ""A GAL - WAR"", ""A TRI - BUD""]",True,"[""builds"", ""centers"", ""homes"", ""name"", ""retreats"", ""units""]"
cicero_g004_p016_GERMANY,4,data/cicero_redacted_games/game_434015_GERMANY_AF.json,root,16,S1905M,GERMANY,2,4,AUSTRIA,1,7,"[""F NTH - NWG"", ""F HEL S A HOL - KIE"", ""A HOL - KIE"", ""A NWY - STP"", ""F SKA - NWY"", ""A KIE - BER"", ""A FIN S A NWY - STP""]",True,"[""builds"", ""centers"", ""homes"", ""name"", ""retreats"", ""units""]"
cicero_g004_p023_AUSTRIA,4,data/cicero_redacted_games/game_434015_GERMANY_AF.json,root,23,F1906M,AUSTRIA,6,5,GERMANY,1,4,"[""A BOH - MUN"", ""A WAR S A SEV - MOS"", ""A VIE - TRI"", ""A TRI - BUD""]",True,"[""builds"", ""centers"", ""homes"", ""name"", ""retreats"", ""units""]"
cicero_g004_p023_FRANCE,4,data/cicero_redacted_games/game_434015_GERMANY_AF.json,root,23,F1906M,FRANCE,2,2,GERMANY,1,9,"[""F ENG - LON"", ""A BEL - HOL"", ""F HOL - KIE"", ""A BUR - BEL"", ""A RUH S F HOL - KIE"", ""F WES S A TUN"", ""A MUN S F HOL - KIE"", ""A TUN H"", ""F LYO - TYS""]",True,"[""builds"", ""centers"", ""homes"", ""name"", ""retreats"", ""units""]"
cicero_g004_p023_GERMANY,4,data/cicero_redacted_games/game_434015_GERMANY_AF.json,root,23,F1906M,GERMANY,7,8,"AUSTRIA,FRANCE",2,6,"[""F NTH - EDI"", ""F DEN - KIE"", ""A NWY S A STP"", ""F SKA S A NWY"", ""A STP S A NWY"", ""A BER S F DEN - KIE""]",True,"[""builds"", ""centers"", ""homes"", ""name"", ""retreats"", ""units""]"
cicero_g004_p026_AUSTRIA,4,data/cicero_redacted_games/game_434015_GERMANY_AF.json,root,26,S1907M,AUSTRIA,7,4,GERMANY,1,4,"[""A BOH S A TRI - TYR"", ""A WAR - SIL"", ""A TRI - TYR"", ""A BUD - TRI""]",True,"[""builds"", ""centers"", ""homes"", ""name"", ""retreats"", ""units""]"
cicero_g004_p026_GERMANY,4,data/cicero_redacted_games/game_434015_GERMANY_AF.json,root,26,S1907M,GERMANY,4,7,AUSTRIA,1,5,"[""F NTH C A NWY - YOR"", ""F DEN S A BER - KIE"", ""A NWY - YOR VIA"", ""F SKA S F NTH"", ""A BER - KIE""]",True,"[""builds"", ""centers"", ""homes"", ""name"", ""retreats"", ""units""]"
cicero_g004_p027_AUSTRIA,4,data/cicero_redacted_games/game_434015_GERMANY_AF.json,root,27,F1907M,AUSTRIA,4,5,GERMANY,1,4,"[""A BOH - MUN"", ""A SIL S A BOH - MUN"", ""A TYR S A TRI - VEN"", ""A TRI - VEN""]",True,"[""builds"", ""centers"", ""homes"", ""name"", ""retreats"", ""units""]"
cicero_g004_p027_GERMANY,4,data/cicero_redacted_games/game_434015_GERMANY_AF.json,root,27,F1907M,GERMANY,5,5,"AUSTRIA,FRANCE",2,5,"[""A YOR - LVP"", ""F NTH - EDI"", ""F DEN - KIE"", ""F SKA - SWE"", ""A BER S A BOH - MUN""]",True,"[""builds"", ""centers"", ""homes"", ""name"", ""retreats"", ""units""]"
cicero_g004_p030_AUSTRIA,4,data/cicero_redacted_games/game_434015_GERMANY_AF.json,root,30,S1908M,AUSTRIA,1,2,GERMANY,1,6,"[""A MUN S A BER - KIE"", ""A SIL S A MUN"", ""A TYR S A MUN"", ""A VEN S A APU - ROM"", ""A VIE - BOH"", ""F TRI - ADR""]",True,"[""builds"", ""centers"", ""homes"", ""name"", ""retreats"", ""units""]"
cicero_g004_p030_FRANCE,4,data/cicero_redacted_games/game_434015_GERMANY_AF.json,root,30,S1908M,FRANCE,4,2,GERMANY,1,10,"[""F LON - NTH"", ""F NTH - EDI"", ""A BEL - PIC"", ""F HOL S A KIE"", ""A BUR - MAR"", ""A RUH S A KIE"", ""A KIE H"", ""F MAR - SPA/SC"", ""A TUN H"", ""F TYS S F NAP""]",True,"[""builds"", ""centers"", ""homes"", ""name"", ""retreats"", ""units""]"
cicero_g004_p030_GERMANY,4,data/cicero_redacted_games/game_434015_GERMANY_AF.json,root,30,S1908M,GERMANY,4,5,"AUSTRIA,FRANCE",2,4,"[""A LVP - YOR"", ""F DEN S A BER - KIE"", ""F SWE S F DEN"", ""A BER - KIE""]",True,"[""builds"", ""centers"", ""homes"", ""name"", ""retreats"", ""units""]"
cicero_g004_p032_AUSTRIA,4,data/cicero_redacted_games/game_434015_GERMANY_AF.json,root,32,F1908M,AUSTRIA,2,3,GERMANY,1,6,"[""A MUN H"", ""A BOH - MUN"", ""A SIL S A MUN - BER"", ""A TYR S A BOH - MUN"", ""A VEN S A ROM"", ""F ADR - APU""]",True,"[""builds"", ""centers"", ""homes"", ""name"", ""retreats"", ""units""]"
cicero_g004_p032_GERMANY,4,data/cicero_redacted_games/game_434015_GERMANY_AF.json,root,32,F1908M,GERMANY,3,2,AUSTRIA,1,4,"[""A YOR - LON"", ""F DEN S F SWE"", ""F SWE S F DEN"", ""A BER - KIE""]",True,"[""builds"", ""centers"", ""homes"", ""name"", ""retreats"", ""units""]"
cicero_g005_p000_AUSTRIA,5,data/cicero_redacted_games/game_434119_AUSTRIA_FRT.json,root,0,S1901M,AUSTRIA,7,11,"FRANCE,RUSSIA,TURKEY",3,3,"[""A VIE - GAL"", ""F TRI - ALB"", ""A BUD - SER""]",True,"[""builds"", ""centers"", ""homes"", ""name"", ""retreats"", ""units""]"
cicero_g005_p000_FRANCE,5,data/cicero_redacted_games/game_434119_AUSTRIA_FRT.json,root,0,S1901M,FRANCE,2,1,AUSTRIA,1,3,"[""F BRE - MAO"", ""A PAR - BUR"", ""A MAR - SPA""]",True,"[""builds"", ""centers"", ""homes"", ""name"", ""retreats"", ""units""]"
cicero_g005_p000_RUSSIA,5,data/cicero_redacted_games/game_434119_AUSTRIA_FRT.json,root,0,S1901M,RUSSIA,6,3,AUSTRIA,1,4,"[""F STP/SC - BOT"", ""A MOS - UKR"", ""A WAR - GAL"", ""F SEV - BLA""]",True,"[""builds"", ""centers"", ""homes"", ""name"", ""retreats"", ""units""]"
cicero_g005_p000_TURKEY,5,data/cicero_redacted_games/game_434119_AUSTRIA_FRT.json,root,0,S1901M,TURKEY,3,3,AUSTRIA,1,3,"[""F ANK - BLA"", ""A SMY - CON"", ""A CON - BUL""]",True,"[""builds"", ""centers"", ""homes"", ""name"", ""retreats"", ""units""]"
cicero_g005_p001_AUSTRIA,5,data/cicero_redacted_games/game_434119_AUSTRIA_FRT.json,root,1,F1901M,AUSTRIA,11,21,"FRANCE,RUSSIA,TURKEY",3,3,"[""A VIE - BUD"", ""F ALB - GRE"", ""A SER S A UKR - RUM""]",True,"[""builds"", ""centers"", ""homes"", ""name"", ""retreats"", ""units""]"
cicero_g005_p001_FRANCE,5,data/cicero_redacted_games/game_434119_AUSTRIA_FRT.json,root,1,F1901M,FRANCE,9,4,AUSTRIA,1,3,"[""F MAO - BRE"", ""A PAR - BRE"", ""A SPA H""]",True,"[""builds"", ""centers"", ""homes"", ""name"", ""retreats"", ""units""]"
cicero_g005_p001_RUSSIA,5,data/cicero_redacted_games/game_434119_AUSTRIA_FRT.json,root,1,F1901M,RUSSIA,9,4,AUSTRIA,1,4,"[""F BOT - SWE"", ""A WAR - UKR"", ""F SEV S A UKR - RUM"", ""A UKR - RUM""]",True,"[""builds"", ""centers"", ""homes"", ""name"", ""retreats"", ""units""]"
cicero_g005_p001_TURKEY,5,data/cicero_redacted_games/game_434119_AUSTRIA_FRT.json,root,1,F1901M,TURKEY,3,3,AUSTRIA,1,3,"[""F ANK - BLA"", ""A BUL H"", ""A CON S A BUL""]",True,"[""builds"", ""centers"", ""homes"", ""name"", ""retreats"", ""units""]"
cicero_g005_p003_AUSTRIA,5,data/cicero_redacted_games/game_434119_AUSTRIA_FRT.json,root,3,S1902M,AUSTRIA,5,4,"RUSSIA,TURKEY",2,5,"[""A VIE - TRI"", ""F TRI - ALB"", ""F GRE S A SER - BUL"", ""A BUD S A RUM"", ""A SER - BUL""]",True,"[""builds"", ""centers"", ""homes"", ""name"", ""retreats"", ""units""]"
cicero_g005_p003_RUSSIA,5,data/cicero_redacted_games/game_434119_AUSTRIA_FRT.json,root,3,S1902M,RUSSIA,4,3,AUSTRIA,1,6,"[""F SWE H"", ""A MOS - STP"", ""A WAR - SIL"", ""F SEV - BLA"", ""A UKR S A RUM"", ""A RUM S A SER - BUL""]",True,"[""builds"", ""centers"", ""homes"", ""name"", ""retreats"", ""units""]"
cicero_g005_p005_AUSTRIA,5,data/cicero_redacted_games/game_434119_AUSTRIA_FRT.json,root,5,F1902M,AUSTRIA,7,8,"RUSSIA,TURKEY",2,5,"[""A TRI - SER"", ""F ALB - ION"", ""F GRE S A BUL"", ""A BUD - SER"", ""A BUL S A RUM""]",True,"[""builds"", ""centers"", ""homes"", ""name"", ""retreats"", ""units""]"
cicero_g005_p005_RUSSIA,5,data/cicero_redacted_games/game_434119_AUSTRIA_FRT.json,root,5,F1902M,RUSSIA,8,5,AUSTRIA,1,6,"[""F SWE - BAL"", ""A STP - NWY"", ""A SIL - BER"", ""F SEV - ARM"", ""A UKR - SEV"", ""A RUM S A BUL""]",True,"[""builds"", ""centers"", ""homes"", ""name"", ""retreats"", ""units""]"
cicero_g005_p008_AUSTRIA,5,data/cicero_redacted_games/game_434119_AUSTRIA_FRT.json,root,8,S1903M,AUSTRIA,7,19,"RUSSIA,TURKEY",2,6,"[""A VIE - BUD"", ""A TRI - BUD"", ""F ALB - GRE"", ""F GRE - AEG"", ""A BUD - SER"", ""A BUL H""]",True,"[""builds"", ""centers"", ""homes"", ""name"", ""retreats"", ""units""]"
cicero_g005_p008_RUSSIA,5,data/cicero_redacted_games/game_434119_AUSTRIA_FRT.json,root,8,S1903M,RUSSIA,10,2,AUSTRIA,1,7,"[""A NWY S F SWE"", ""F SWE S F STP/SC - BOT"", ""F STP/SC - BOT"", ""A SIL S A RUM - GAL"", ""A SEV - ARM"", ""F ARM - BLA"", ""A RUM - GAL""]",True,"[""builds"", ""centers"", ""homes"", ""name"", ""retreats"", ""units""]"
cicero_g005_p008_TURKEY,5,data/cicero_redacted_games/game_434119_AUSTRIA_FRT.json,root,8,S1903M,TURKEY,9,5,AUSTRIA,1,3,"[""F BLA - ANK"", ""F SMY H"", ""A CON S F SMY""]",True,"[""builds"", ""centers"", ""homes"", ""name"", ""retreats"", ""units""]"
cicero_g005_p010_AUSTRIA,5,data/cicero_redacted_games/game_434119_AUSTRIA_FRT.json,root,10,F1903M,AUSTRIA,4,13,"RUSSIA,TURKEY",2,6,"[""A VIE - BUD"", ""A TRI - BUD"", ""F AEG S A SYR - SMY"", ""F GRE S F AEG"", ""A SER - RUM"", ""A BUL S A SER - RUM""]",True,"[""builds"", ""centers"", ""homes"", ""name"", ""retreats"", ""units""]"
cicero_g005_p010_RUSSIA,5,data/cicero_redacted_games/game_434119_AUSTRIA_FRT.json,root,10,F1903M,RUSSIA,9,1,AUSTRIA,1,7,"[""A NWY S F SWE"", ""F SWE S A NWY"", ""F BOT - BAL"", ""A SIL S A BUR - MUN"", ""A GAL - VIE"", ""A ARM - ANK"", ""F BLA S A ARM - ANK""]",True,"[""builds"", ""centers"", ""homes"", ""name"", ""retreats"", ""units""]"
cicero_g005_p010_TURKEY,5,data/cicero_redacted_games/game_434119_AUSTRIA_FRT.json,root,10,F1903M,TURKEY,4,3,AUSTRIA,1,3,"[""F ANK S A CON"", ""F SMY H"", ""A CON S F SMY""]",True,"[""builds"", ""centers"", ""homes"", ""name"", ""retreats"", ""units""]"
cicero_g005_p013_AUSTRIA,5,data/cicero_redacted_games/game_434119_AUSTRIA_FRT.json,root,13,S1904M,AUSTRIA,4,16,"RUSSIA,TURKEY",2,7,"[""A VIE - GAL"", ""A TRI - SER"", ""A RUM - SEV"", ""F AEG - CON"", ""F GRE S A BUL"", ""A BUD S A VIE - GAL"", ""A BUL S F AEG - CON""]",True,"[""builds"", ""centers"", ""homes"", ""name"", ""retreats"", ""units""]"
cicero_g005_p013_RUSSIA,5,data/cicero_redacted_games/game_434119_AUSTRIA_FRT.json,root,13,S1904M,RUSSIA,15,4,AUSTRIA,1,7,"[""A NWY - STP"", ""F SWE S F BOT - BAL"", ""F BOT - BAL"", ""A SIL - WAR"", ""A GAL - UKR"", ""F BLA - RUM"", ""A ANK S A CON""]",True,"[""builds"", ""centers"", ""homes"", ""name"", ""retreats"", ""units""]"
cicero_g005_p015_AUSTRIA,5,data/cicero_redacted_games/game_434119_AUSTRIA_FRT.json,root,15,F1904M,AUSTRIA,8,17,"RUSSIA,TURKEY",2,7,"[""A SEV S A BUL - RUM"", ""A GAL - UKR"", ""F GRE H"", ""A BUD - TRI"", ""A SER S F GRE"", ""A BUL - RUM"", ""F CON S A SMY - ANK""]",True,"[""builds"", ""centers"", ""homes"", ""name"", ""retreats"", ""units""]"
cicero_g005_p015_RUSSIA,5,data/cicero_redacted_games/game_434119_AUSTRIA_FRT.json,root,15,F1904M,RUSSIA,11,5,AUSTRIA,1,7,"[""F SWE H"", ""A STP - MOS"", ""F BOT S F SWE"", ""A WAR - GAL"", ""A UKR - SEV"", ""F RUM - BLA"", ""A ANK - CON""]",True,"[""builds"", ""centers"", ""homes"", ""name"", ""retreats"", ""units""]"
cicero_g005_p018_AUSTRIA,5,data/cicero_redacted_games/game_434119_AUSTRIA_FRT.json,root,18,S1905M,AUSTRIA,5,11,"FRANCE,RUSSIA",2,5,"[""A GAL - VIE"", ""A RUM - BUL"", ""F GRE S A RUM - BUL"", ""A BUD S A GAL - VIE"", ""A SER - TRI""]",True,"[""builds"", ""centers"", ""homes"", ""name"", ""retreats"", ""units""]"
cicero_g005_p018_FRANCE,5,data/cicero_redacted_games/game_434119_AUSTRIA_FRT.json,root,18,S1905M,FRANCE,2,1,AUSTRIA,1,9,"[""F EDI - NWG"", ""F NTH - HOL"", ""F NWG - BAR"", ""A BUR - RUH"", ""A PAR - BUR"", ""F SPA/SC - WES"", ""F MAR - LYO"", ""A MUN H"", ""A VIE - BOH""]",True,"[""builds"", ""centers"", ""homes"", ""name"", ""retreats"", ""units""]"
cicero_g005_p018_RUSSIA,5,data/cicero_redacted_games/game_434119_AUSTRIA_FRT.json,root,18,S1905M,RUSSIA,9,4,AUSTRIA,1,6,"[""F BOT - SWE"", ""A MOS S A CON - SEV"", ""A WAR H"", ""A UKR S A WAR"", ""F BLA C A CON - SEV"", ""A CON - SEV VIA""]",True,"[""builds"", ""centers"", ""homes"", ""name"", ""retreats"", ""units""]"
cicero_g005_p020_AUSTRIA,5,data/cicero_redacted_games/game_434119_AUSTRIA_FRT.json,root,20,F1905M,AUSTRIA,8,7,"FRANCE,RUSSIA",2,5,"[""A VIE S A BUD - TRI"", ""F ALB - GRE"", ""A BUD - TRI"", ""A SER S F ALB - GRE"", ""A BUL S F ALB - GRE""]",True,"[""builds"", ""centers"", ""homes"", ""name"", ""retreats"", ""units""]"
cicero_g005_p020_FRANCE,5,data/cicero_redacted_games/game_434119_AUSTRIA_FRT.json,root,20,F1905M,FRANCE,3,4,AUSTRIA,1,9,"[""F NTH - BEL"", ""F NWG - NWY"", ""F BAR - STP/NC"", ""A BUR - MAR"", ""A RUH - MUN"", ""F WES S F LYO - TYS"", ""A MUN - TYR"", ""F LYO - TYS"", ""A BOH S A MUN - TYR""]",True,"[""builds"", ""centers"", ""homes"", ""name"", ""retreats"", ""units""]"
cicero_g005_p020_RUSSIA,5,data/cicero_redacted_games/game_434119_AUSTRIA_FRT.json,root,20,F1905M,RUSSIA,4,4,AUSTRIA,1,6,"[""F BOT - STP/SC"", ""A MOS S A WAR"", ""A WAR S A BOH - SIL"", ""A SEV H"", ""A UKR S A WAR"", ""F BLA - CON""]",True,"[""builds"", ""centers"", ""homes"", ""name"", ""retreats"", ""units""]"
cicero_g005_p023_AUSTRIA,5,data/cicero_redacted_games/game_434119_AUSTRIA_FRT.json,root,23,S1906M,AUSTRIA,7,10,"FRANCE,RUSSIA",2,6,"[""A VIE S A BUD - GAL"", ""A TRI S A VIE"", ""F ALB - GRE"", ""A BUD - GAL"", ""A SER - RUM"", ""A BUL S A SER - RUM""]",True,"[""builds"", ""centers"", ""homes"", ""name"", ""retreats"", ""units""]"
cicero_g005_p023_FRANCE,5,data/cicero_redacted_games/game_434119_AUSTRIA_FRT.json,root,23,S1906M,FRANCE,3,3,AUSTRIA,1,10,"[""F BEL - NTH"", ""F NWY S F BAR - STP"", ""F BAR - STP/NC"", ""F BRE - MAO"", ""F WES S F TYS - TUN"", ""A MAR - PIE"", ""A MUN S F KIE"", ""F TYS - TUN"", ""A BOH - GAL"", ""A TYR S A MAR - PIE""]",True,"[""builds"", ""centers"", ""homes"", ""name"", ""retreats"", ""units""]"
cicero_g005_p023_RUSSIA,5,data/cicero_redacted_games/game_434119_AUSTRIA_FRT.json,root,23,S1906M,RUSSIA,7,4,AUSTRIA,1,6,"[""F BOT - STP/SC"", ""A MOS S F BOT - STP"", ""A WAR - PRU"", ""A SEV - ARM"", ""A UKR - WAR"", ""F CON - SMY""]",True,"[""builds"", ""centers"", ""homes"", ""name"", ""retreats"", ""units""]"
cicero_g005_p025_AUSTRIA,5,data/cicero_redacted_games/game_434119_AUSTRIA_FRT.json,root,25,F1906M,AUSTRIA,4,21,"FRANCE,RUSSIA",2,6,"[""A GAL S A VIE"", ""A VIE S A TRI"", ""A TRI S A VEN"", ""A RUM - SEV"", ""F ALB - GRE"", ""A BUL S F ALB - GRE""]",True,"[""builds"", ""centers"", ""homes"", ""name"", ""retreats"", ""units""]"
cicero_g005_p025_FRANCE,5,data/cicero_redacted_games/game_434119_AUSTRIA_FRT.json,root,25,F1906M,FRANCE,7,3,AUSTRIA,1,10,"[""F NTH H"", ""F NWY S F BAR - STP"", ""F BAR - STP/NC"", ""F MAO - NAF"", ""F WES S F MAO - NAF"", ""A MUN S F BAL - KIE"", ""F LYO S F WES"", ""A PIE S A TYR"", ""A BOH - VIE"", ""A TYR S A VEN - TRI""]",True,"[""builds"", ""centers"", ""homes"", ""name"", ""retreats"", ""units""]"
cicero_g005_p025_RUSSIA,5,data/cicero_redacted_games/game_434119_AUSTRIA_FRT.json,root,25,F1906M,RUSSIA,14,1,AUSTRIA,1,6,"[""F BOT - STP/SC"", ""A PRU - WAR"", ""A MOS S F BOT - STP"", ""A WAR - UKR"", ""A SEV S A WAR - UKR"", ""F SMY H""]",True,"[""builds"", ""centers"", ""homes"", ""name"", ""retreats"", ""units""]"
cicero_g005_p028_AUSTRIA,5,data/cicero_redacted_games/game_434119_AUSTRIA_FRT.json,root,28,S1907M,AUSTRIA,4,13,"FRANCE,RUSSIA,TURKEY",3,6,"[""A GAL S A VIE"", ""A VIE S A TRI"", ""A TRI S A VIE"", ""A RUM S A GAL"", ""F ALB - GRE"", ""A BUL S F ALB - GRE""]",True,"[""builds"", ""centers"", ""homes"", ""name"", ""retreats"", ""units""]"
cicero_g005_p028_FRANCE,5,data/cicero_redacted_games/game_434119_AUSTRIA_FRT.json,root,28,S1907M,FRANCE,2,1,AUSTRIA,1,10,"[""F NTH H"", ""F NWY - SWE"", ""F BAR - NWY"", ""F NAF S F WES"", ""F WES S F NAF"", ""A MUN - RUH"", ""F LYO S A PIE"", ""A PIE S A TYR"", ""A BOH - VIE"", ""A TYR S A VEN - TRI""]",True,"[""builds"", ""centers"", ""homes"", ""name"", ""retreats"", ""units""]"
cicero_g005_p028_RUSSIA,5,data/cicero_redacted_games/game_434119_AUSTRIA_FRT.json,root,28,S1907M,RUSSIA,10,3,AUSTRIA,1,7,"[""F STP/NC H"", ""F BOT - SWE"", ""A MOS S F STP"", ""A WAR S A UKR"", ""A SEV - MOS"", ""A UKR H"", ""F SMY - CON""]",True,"[""builds"", ""centers"", ""homes"", ""name"", ""retreats"", ""units""]"
cicero_g005_p030_AUSTRIA,5,data/cicero_redacted_games/game_434119_AUSTRIA_FRT.json,root,30,F1907M,AUSTRIA,4,7,RUSSIA,1,6,"[""A GAL S A VIE"", ""A VIE S A BUD - TRI"", ""A RUM - SER"", ""F ALB S A BUD - TRI"", ""A BUD - TRI"", ""A BUL - GRE""]",True,"[""builds"", ""centers"", ""homes"", ""name"", ""retreats"", ""units""]"
cicero_g005_p030_RUSSIA,5,data/cicero_redacted_games/game_434119_AUSTRIA_FRT.json,root,30,F1907M,RUSSIA,7,4,AUSTRIA,1,7,"[""F STP/NC - NWY"", ""F BOT - BAL"", ""A MOS - UKR"", ""A WAR - GAL"", ""A SEV S A UKR - RUM"", ""A UKR - RUM"", ""F CON - BUL/EC""]",True,"[""builds"", ""centers"", ""homes"", ""name"", ""retreats"", ""units""]"
cicero_g005_p033_AUSTRIA,5,data/cicero_redacted_games/game_434119_AUSTRIA_FRT.json,root,33,S1908M,AUSTRIA,3,6,FRANCE,1,2,"[""A BUD S A SER - TRI"", ""A SER - TRI""]",True,"[""builds"", ""centers"", ""homes"", ""name"", ""retreats"", ""units""]"
cicero_g005_p033_FRANCE,5,data/cicero_redacted_games/game_434119_AUSTRIA_FRT.json,root,33,S1908M,FRANCE,6,3,AUSTRIA,1,13,"[""F LON - NTH"", ""F NWY S F SWE"", ""F BRE - MAO"", ""A RUH H"", ""F SWE H"", ""A PAR - BUR"", ""F WES S F TUN"", ""A MAR - TUS VIA"", ""F TUN H"", ""F LYO C A MAR - TUS"", ""A PIE S A MAR - TUS"", ""A BOH - TYR"", ""A VIE - TRI""]",True,"[""builds"", ""centers"", ""homes"", ""name"", ""retreats"", ""units""]"
cicero_g005_p035_AUSTRIA,5,data/cicero_redacted_games/game_434119_AUSTRIA_FRT.json,root,35,F1908M,AUSTRIA,1,6,"FRANCE,RUSSIA",2,2,"[""A TRI S A BUD - VIE"", ""A BUD - VIE""]",True,"[""builds"", ""centers"", ""homes"", ""name"", ""retreats"", ""units""]"
cicero_g005_p035_RUSSIA,5,data/cicero_redacted_games/game_434119_AUSTRIA_FRT.json,root,35,F1908M,RUSSIA,5,1,AUSTRIA,1,8,"[""F BAL S F SKA - SWE"", ""F STP/NC - NWY"", ""A MOS - STP"", ""A UKR - RUM"", ""A GAL - BOH"", ""A ARM - ANK"", ""A BUL - CON"", ""F CON - SMY""]",True,"[""builds"", ""centers"", ""homes"", ""name"", ""retreats"", ""units""]"
cicero_g006_p000_ITALY,6,data/cicero_redacted_games/game_434170_TURKEY_FIR.json,root,0,S1901M,ITALY,1,2,TURKEY,1,3,"[""F NAP - ION"", ""A ROM - APU"", ""A VEN H""]",True,"[""builds"", ""centers"", ""homes"", ""name"", ""retreats"", ""units""]"
cicero_g006_p000_RUSSIA,6,data/cicero_redacted_games/game_434170_TURKEY_FIR.json,root,0,S1901M,RUSSIA,6,4,TURKEY,1,4,"[""F STP/SC - BOT"", ""A MOS - UKR"", ""A WAR - GAL"", ""F SEV - BLA""]",True,"[""builds"", ""centers"", ""homes"", ""name"", ""retreats"", ""units""]"
cicero_g006_p000_TURKEY,6,data/cicero_redacted_games/game_434170_TURKEY_FIR.json,root,0,S1901M,TURKEY,7,7,"FRANCE,ITALY,RUSSIA",3,3,"[""F ANK - BLA"", ""A SMY - CON"", ""A CON - BUL""]",True,"[""builds"", ""centers"", ""homes"", ""name"", ""retreats"", ""units""]"
cicero_g006_p001_ITALY,6,data/cicero_redacted_games/game_434170_TURKEY_FIR.json,root,1,F1901M,ITALY,1,2,TURKEY,1,3,"[""F ION C A APU - TUN"", ""A VEN H"", ""A APU - TUN VIA""]",True,"[""builds"", ""centers"", ""homes"", ""name"", ""retreats"", ""units""]"
cicero_g006_p001_RUSSIA,6,data/cicero_redacted_games/game_434170_TURKEY_FIR.json,root,1,F1901M,RUSSIA,10,4,TURKEY,1,4,"[""F BOT - SWE"", ""A WAR - UKR"", ""F SEV S A UKR - RUM"", ""A UKR - RUM""]",True,"[""builds"", ""centers"", ""homes"", ""name"", ""retreats"", ""units""]"
cicero_g006_p001_TURKEY,6,data/cicero_redacted_games/game_434170_TURKEY_FIR.json,root,1,F1901M,TURKEY,7,11,"FRANCE,ITALY,RUSSIA",3,3,"[""F ANK - BLA"", ""A BUL - GRE"", ""A CON - BUL""]",True,"[""builds"", ""centers"", ""homes"", ""name"", ""retreats"", ""units""]"
cicero_g006_p003_FRANCE,6,data/cicero_redacted_games/game_434170_TURKEY_FIR.json,root,3,S1902M,FRANCE,1,2,TURKEY,1,5,"[""F BRE - MAO"", ""A BUR S A BEL"", ""A PAR S A BUR"", ""F POR H"", ""A SPA - GAS""]",True,"[""builds"", ""centers"", ""homes"", ""name"", ""retreats"", ""units""]"
cicero_g006_p003_ITALY,6,data/cicero_redacted_games/game_434170_TURKEY_FIR.json,root,3,S1902M,ITALY,1,1,TURKEY,1,4,"[""A TUN H"", ""F ION - AEG"", ""F NAP - ION"", ""A VEN - PIE""]",True,"[""builds"", ""centers"", ""homes"", ""name"", ""retreats"", ""units""]"
cicero_g006_p003_RUSSIA,6,data/cicero_redacted_games/game_434170_TURKEY_FIR.json,root,3,S1902M,RUSSIA,9,4,TURKEY,1,6,"[""F SWE H"", ""A MOS - STP"", ""A WAR - GAL"", ""F SEV S A RUM"", ""A UKR - GAL"", ""A RUM S A SER - BUL""]",True,"[""builds"", ""centers"", ""homes"", ""name"", ""retreats"", ""units""]"
cicero_g006_p003_TURKEY,6,data/cicero_redacted_games/game_434170_TURKEY_FIR.json,root,3,S1902M,TURKEY,7,11,"FRANCE,ITALY,RUSSIA",3,4,"[""F BLA S A CON - BUL"", ""F SMY - EAS"", ""A BUL - GRE"", ""A CON - BUL""]",True,"[""builds"", ""centers"", ""homes"", ""name"", ""retreats"", ""units""]"
cicero_g006_p005_RUSSIA,6,data/cicero_redacted_games/game_434170_TURKEY_FIR.json,root,5,F1902M,RUSSIA,8,7,TURKEY,1,6,"[""F SWE S F DEN"", ""A STP - NWY"", ""A WAR - SIL"", ""F SEV S A RUM"", ""A UKR S A RUM"", ""A RUM S A BUL""]",True,"[""builds"", ""centers"", ""homes"", ""name"", ""retreats"", ""units""]"
cicero_g006_p005_TURKEY,6,data/cicero_redacted_games/game_434170_TURKEY_FIR.json,root,5,F1902M,TURKEY,9,8,"FRANCE,ITALY,RUSSIA",3,3,"[""F BLA S A CON"", ""F EAS - SMY"", ""A CON H""]",True,"[""builds"", ""centers"", ""homes"", ""name"", ""retreats"", ""units""]"
cicero_g006_p007_RUSSIA,6,data/cicero_redacted_games/game_434170_TURKEY_FIR.json,root,7,S1903M,RUSSIA,3,2,TURKEY,1,6,"[""F SWE S A STP - NWY"", ""A STP - NWY"", ""A WAR S A UKR - GAL"", ""F SEV - RUM"", ""A UKR - GAL"", ""A RUM - SER""]",True,"[""builds"", ""centers"", ""homes"", ""name"", ""retreats"", ""units""]"
cicero_g006_p007_TURKEY,6,data/cicero_redacted_games/game_434170_TURKEY_FIR.json,root,7,S1903M,TURKEY,2,3,RUSSIA,1,3,"[""F BLA S A CON"", ""F SMY - AEG"", ""A CON H""]",True,"[""builds"", ""centers"", ""homes"", ""name"", ""retreats"", ""units""]"
cicero_g006_p009_ITALY,6,data/cicero_redacted_games/game_434170_TURKEY_FIR.json,root,9,F1903M,ITALY,7,6,TURKEY,1,4,"[""A NAF - TUN"", ""F ION S F AEG - GRE"", ""A TUS - ROM"", ""F AEG - GRE""]",True,"[""builds"", ""centers"", ""homes"", ""name"", ""retreats"", ""units""]"
cicero_g006_p009_RUSSIA,6,data/cicero_redacted_games/game_434170_TURKEY_FIR.json,root,9,F1903M,RUSSIA,7,5,TURKEY,1,6,"[""A NWY - STP"", ""F SWE S F DEN"", ""A WAR - LVN"", ""F SEV - RUM"", ""A GAL - VIE"", ""A RUM - SER""]",True,"[""builds"", ""centers"", ""homes"", ""name"", ""retreats"", ""units""]"
cicero_g006_p009_TURKEY,6,data/cicero_redacted_games/game_434170_TURKEY_FIR.json,root,9,F1903M,TURKEY,11,14,"ITALY,RUSSIA",2,3,"[""F BLA S A CON - BUL"", ""F SMY - AEG"", ""A CON - BUL""]",True,"[""builds"", ""centers"", ""homes"", ""name"", ""retreats"", ""units""]"
cicero_g006_p012_ITALY,6,data/cicero_redacted_games/game_434170_TURKEY_FIR.json,root,12,S1904M,ITALY,5,3,TURKEY,1,4,"[""A TUN - NAP VIA"", ""F ION C A TUN - NAP"", ""A ROM - VEN"", ""F GRE - ALB""]",True,"[""builds"", ""centers"", ""homes"", ""name"", ""retreats"", ""units""]"
cicero_g006_p012_RUSSIA,6,data/cicero_redacted_games/game_434170_TURKEY_FIR.json,root,12,S1904M,RUSSIA,6,3,TURKEY,1,6,"[""A NWY - SWE"", ""F SWE - DEN"", ""A LVN - STP"", ""F SEV S A UKR - RUM"", ""A UKR - RUM"", ""A GAL - BUD""]",True,"[""builds"", ""centers"", ""homes"", ""name"", ""retreats"", ""units""]"
cicero_g006_p012_TURKEY,6,data/cicero_redacted_games/game_434170_TURKEY_FIR.json,root,12,S1904M,TURKEY,6,11,"ITALY,RUSSIA",2,4,"[""F BLA S A UKR - RUM"", ""F AEG S A BUL - GRE"", ""A BUL - GRE"", ""A CON - BUL""]",True,"[""builds"", ""centers"", ""homes"", ""name"", ""retreats"", ""units""]"
cicero_g006_p014_ITALY,6,data/cicero_redacted_games/game_434170_TURKEY_FIR.json,root,14,F1904M,ITALY,1,2,TURKEY,1,4,"[""F ION C A NAP - TUN"", ""A NAP - TUN VIA"", ""A VEN - TRI"", ""F ALB S A VEN - TRI""]",True,"[""builds"", ""centers"", ""homes"", ""name"", ""retreats"", ""units""]"
cicero_g006_p014_RUSSIA,6,data/cicero_redacted_games/game_434170_TURKEY_FIR.json,root,14,F1904M,RUSSIA,8,5,TURKEY,1,6,"[""A NWY H"", ""F SWE - DEN"", ""A STP S A NWY"", ""F SEV - RUM"", ""A GAL S A RUM - BUD"", ""A RUM - BUD""]",True,"[""builds"", ""centers"", ""homes"", ""name"", ""retreats"", ""units""]"
cicero_g006_p014_TURKEY,6,data/cicero_redacted_games/game_434170_TURKEY_FIR.json,root,14,F1904M,TURKEY,7,9,"ITALY,RUSSIA",2,4,"[""F BLA S A RUM"", ""F AEG S A GRE"", ""A GRE S A BUL - SER"", ""A BUL - SER""]",True,"[""builds"", ""centers"", ""homes"", ""name"", ""retreats"", ""units""]"
cicero_g006_p017_RUSSIA,6,data/cicero_redacted_games/game_434170_TURKEY_FIR.json,root,17,S1905M,RUSSIA,9,5,TURKEY,1,7,"[""A NWY - SWE"", ""F SWE - BAL"", ""A STP - NWY"", ""A WAR - SIL"", ""F SEV S F BLA - RUM"", ""A GAL S A BUD - VIE"", ""A BUD - VIE""]",True,"[""builds"", ""centers"", ""homes"", ""name"", ""retreats"", ""units""]"
cicero_g006_p017_TURKEY,6,data/cicero_redacted_games/game_434170_TURKEY_FIR.json,root,17,S1905M,TURKEY,5,9,RUSSIA,1,6,"[""F BLA S A SER - RUM"", ""F AEG - GRE"", ""A GRE - SER"", ""A SER - RUM"", ""F SMY - AEG"", ""A CON - BUL""]",True,"[""builds"", ""centers"", ""homes"", ""name"", ""retreats"", ""units""]"
cicero_g006_p019_FRANCE,6,data/cicero_redacted_games/game_434170_TURKEY_FIR.json,root,19,F1905M,FRANCE,1,2,TURKEY,1,9,"[""A BEL - HOL"", ""F MAO - ENG"", ""A BUR S A MUN"", ""A RUH - KIE"", ""A MUN S A RUH - KIE"", ""F LYO - TYS"", ""F TYS - ROM"", ""A PIE - VEN"", ""F NAP S F ION""]",True,"[""builds"", ""centers"", ""homes"", ""name"", ""retreats"", ""units""]"
cicero_g006_p019_RUSSIA,6,data/cicero_redacted_games/game_434170_TURKEY_FIR.json,root,19,F1905M,RUSSIA,11,3,TURKEY,1,7,"[""F BAL S A SIL - BER"", ""A SWE H"", ""A STP - MOS"", ""A SIL - BER"", ""F SEV - RUM"", ""A GAL S F SEV - RUM"", ""A VIE - BUD""]",True,"[""builds"", ""centers"", ""homes"", ""name"", ""retreats"", ""units""]"
cicero_g006_p019_TURKEY,6,data/cicero_redacted_games/game_434170_TURKEY_FIR.json,root,19,F1905M,TURKEY,5,12,"FRANCE,RUSSIA",2,6,"[""F BLA - SEV"", ""A RUM S F BLA - SEV"", ""F AEG - GRE"", ""F GRE - ALB"", ""A SER - TRI"", ""A BUL S A RUM""]",True,"[""builds"", ""centers"", ""homes"", ""name"", ""retreats"", ""units""]"
cicero_g006_p022_RUSSIA,6,data/cicero_redacted_games/game_434170_TURKEY_FIR.json,root,22,S1906M,RUSSIA,8,5,TURKEY,1,6,"[""F BAL C A SWE - PRU"", ""A SWE - PRU VIA"", ""A BER - MUN"", ""A MOS - UKR"", ""A GAL - RUM"", ""A BUD S A GAL - RUM""]",True,"[""builds"", ""centers"", ""homes"", ""name"", ""retreats"", ""units""]"
cicero_g006_p022_TURKEY,6,data/cicero_redacted_games/game_434170_TURKEY_FIR.json,root,22,S1906M,TURKEY,5,8,RUSSIA,1,8,"[""F SEV - BLA"", ""A RUM - SEV"", ""F ALB - ADR"", ""F GRE - ALB"", ""A SER S A BUL - RUM"", ""F SMY - AEG"", ""A BUL - RUM"", ""A CON - BUL""]",True,"[""builds"", ""centers"", ""homes"", ""name"", ""retreats"", ""units""]"
cicero_g006_p024_RUSSIA,6,data/cicero_redacted_games/game_434170_TURKEY_FIR.json,root,24,F1906M,RUSSIA,20,4,TURKEY,1,6,"[""F BAL S A KIE"", ""A BER S A PRU - SIL"", ""A PRU - SIL"", ""A UKR - MOS"", ""A GAL - VIE"", ""A BUD S A TYR - TRI""]",True,"[""builds"", ""centers"", ""homes"", ""name"", ""retreats"", ""units""]"
cicero_g006_p024_TURKEY,6,data/cicero_redacted_games/game_434170_TURKEY_FIR.json,root,24,F1906M,TURKEY,5,20,"FRANCE,RUSSIA",2,8,"[""A SEV - MOS"", ""F BLA S A BUL - RUM"", ""F AEG - GRE"", ""F ALB - ADR"", ""F GRE - ALB"", ""A SER - BUD"", ""A BUL - RUM"", ""A CON - BUL""]",True,"[""builds"", ""centers"", ""homes"", ""name"", ""retreats"", ""units""]"
cicero_g006_p027_RUSSIA,6,data/cicero_redacted_games/game_434170_TURKEY_FIR.json,root,27,S1907M,RUSSIA,5,3,TURKEY,1,5,"[""F BAL - DEN"", ""A SIL - WAR"", ""A UKR - MOS"", ""A VIE S A BUD - GAL"", ""A BUD - GAL""]",True,"[""builds"", ""centers"", ""homes"", ""name"", ""retreats"", ""units""]"
cicero_g006_p027_TURKEY,6,data/cicero_redacted_games/game_434170_TURKEY_FIR.json,root,27,S1907M,TURKEY,4,5,"ITALY,RUSSIA",2,8,"[""A SEV S A RUM - UKR"", ""F BLA S A BUL - RUM"", ""A RUM - UKR"", ""F ADR S F ALB - TRI"", ""F ALB - TRI"", ""F GRE S F ION"", ""A SER S F ALB - TRI"", ""A BUL - RUM""]",True,"[""builds"", ""centers"", ""homes"", ""name"", ""retreats"", ""units""]"
cicero_g006_p029_ITALY,6,data/cicero_redacted_games/game_434170_TURKEY_FIR.json,root,29,F1907M,ITALY,4,4,TURKEY,1,1,"[""F ION - APU""]",True,"[""builds"", ""centers"", ""homes"", ""name"", ""retreats"", ""units""]"
cicero_g006_p029_TURKEY,6,data/cicero_redacted_games/game_434170_TURKEY_FIR.json,root,29,F1907M,TURKEY,4,4,ITALY,1,8,"[""A SEV S A UKR - MOS"", ""A UKR - MOS"", ""F TRI - VEN"", ""F BLA - RUM"", ""A RUM - BUD"", ""F ADR S F TRI - VEN"", ""F GRE - ION"", ""A SER S A RUM - BUD""]",True,"[""builds"", ""centers"", ""homes"", ""name"", ""retreats"", ""units""]"
cicero_g006_p032_FRANCE,6,data/cicero_redacted_games/game_434170_TURKEY_FIR.json,root,32,S1908M,FRANCE,4,3,TURKEY,1,14,"[""F IRI S F MAO - ENG"", ""A BEL S A HOL"", ""A HOL S A BEL"", ""F BRE S F MAO - ENG"", ""F MAO - ENG"", ""A KIE S A HOL"", ""F GAS H"", ""F WES - TYS"", ""A MAR - PIE"", ""A BER - SIL"", ""F TUN S F WES - TYS"", ""A TYR - TRI"", ""F NAP - ION"", ""A VEN S A TYR - TRI""]",True,"[""builds"", ""centers"", ""homes"", ""name"", ""retreats"", ""units""]"
cicero_g006_p032_TURKEY,6,data/cicero_redacted_games/game_434170_TURKEY_FIR.json,root,32,S1908M,TURKEY,3,4,FRANCE,1,9,"[""A SEV S A UKR - MOS"", ""A UKR - MOS"", ""F ION H"", ""F BLA C A CON - RUM"", ""F ADR S A SER - TRI"", ""F ALB S F ION"", ""A BUD S A SER - TRI"", ""A SER - TRI"", ""A CON - RUM VIA""]",True,"[""builds"", ""centers"", ""homes"", ""name"", ""retreats"", ""units""]"
cicero_g007_p000_FRANCE,7,data/cicero_redacted_games/game_435086_FRANCE_RT.json,root,0,S1901M,FRANCE,3,9,"RUSSIA,TURKEY",2,3,"[""F BRE - MAO"", ""A PAR - BUR"", ""A MAR S A PAR - BUR""]",True,"[""builds"", ""centers"", ""homes"", ""name"", ""retreats"", ""units""]"
cicero_g007_p000_RUSSIA,7,data/cicero_redacted_games/game_435086_FRANCE_RT.json,root,0,S1901M,RUSSIA,8,2,FRANCE,1,4,"[""F STP/SC - BOT"", ""A MOS - STP"", ""A WAR - GAL"", ""F SEV - BLA""]",True,"[""builds"", ""centers"", ""homes"", ""name"", ""retreats"", ""units""]"
cicero_g007_p000_TURKEY,7,data/cicero_redacted_games/game_435086_FRANCE_RT.json,root,0,S1901M,TURKEY,1,1,FRANCE,1,3,"[""F ANK - BLA"", ""A SMY - CON"", ""A CON - BUL""]",True,"[""builds"", ""centers"", ""homes"", ""name"", ""retreats"", ""units""]"
cicero_g007_p001_FRANCE,7,data/cicero_redacted_games/game_435086_FRANCE_RT.json,root,1,F1901M,FRANCE,9,11,"RUSSIA,TURKEY",2,3,"[""F MAO - BRE"", ""A BUR - BEL"", ""A MAR - SPA""]",True,"[""builds"", ""centers"", ""homes"", ""name"", ""retreats"", ""units""]"
cicero_g007_p001_RUSSIA,7,data/cicero_redacted_games/game_435086_FRANCE_RT.json,root,1,F1901M,RUSSIA,6,5,FRANCE,1,4,"[""A STP - NWY"", ""F BOT - SWE"", ""A WAR - GAL"", ""F SEV - RUM""]",True,"[""builds"", ""centers"", ""homes"", ""name"", ""retreats"", ""units""]"
cicero_g007_p001_TURKEY,7,data/cicero_redacted_games/game_435086_FRANCE_RT.json,root,1,F1901M,TURKEY,5,4,FRANCE,1,3,"[""F ANK - CON"", ""A BUL S F SEV - RUM"", ""A CON - SMY""]",True,"[""builds"", ""centers"", ""homes"", ""name"", ""retreats"", ""units""]"
cicero_g007_p003_FRANCE,7,data/cicero_redacted_games/game_435086_FRANCE_RT.json,root,3,S1902M,FRANCE,4,5,"RUSSIA,TURKEY",2,5,"[""A BEL - BUR"", ""F BRE - MAO"", ""A PAR S A BEL - BUR"", ""A SPA - GAS"", ""F MAR - SPA/SC""]",True,"[""builds"", ""centers"", ""homes"", ""name"", ""retreats"", ""units""]"
cicero_g007_p003_RUSSIA,7,data/cicero_redacted_games/game_435086_FRANCE_RT.json,root,3,S1902M,RUSSIA,2,3,FRANCE,1,5,"[""A STP - FIN"", ""F BOT - SWE"", ""A MOS - UKR"", ""A WAR - GAL"", ""F RUM H""]",True,"[""builds"", ""centers"", ""homes"", ""name"", ""retreats"", ""units""]"
cicero_g007_p003_TURKEY,7,data/cicero_redacted_games/game_435086_FRANCE_RT.json,root,3,S1902M,TURKEY,3,1,FRANCE,1,4,"[""A ANK - ARM"", ""A SMY H"", ""A BUL H"", ""F CON S A BUL""]",True,"[""builds"", ""centers"", ""homes"", ""name"", ""retreats"", ""units""]"
cicero_g007_p006_FRANCE,7,data/cicero_redacted_games/game_435086_FRANCE_RT.json,root,6,S1903M,FRANCE,1,3,RUSSIA,1,5,"[""F MAO - ENG"", ""A PIC S A BUR"", ""A BUR H"", ""A GAS S A BUR"", ""F POR - MAO""]",True,"[""builds"", ""centers"", ""homes"", ""name"", ""retreats"", ""units""]"
cicero_g007_p006_RUSSIA,7,data/cicero_redacted_games/game_435086_FRANCE_RT.json,root,6,S1903M,RUSSIA,3,1,FRANCE,1,6,"[""F SWE S A FIN - NWY"", ""A FIN - NWY"", ""A MOS - UKR"", ""A WAR S A UKR - GAL"", ""A UKR - GAL"", ""F RUM S A BUL""]",True,"[""builds"", ""centers"", ""homes"", ""name"", ""retreats"", ""units""]"
cicero_g007_p011_FRANCE,7,data/cicero_redacted_games/game_435086_FRANCE_RT.json,root,11,S1904M,FRANCE,1,2,RUSSIA,1,6,"[""F ENG S F BEL - NTH"", ""F BEL - NTH"", ""A PIC - BEL"", ""A BUR - RUH"", ""A GAS S A PAR - BUR"", ""A PAR - BUR""]",True,"[""builds"", ""centers"", ""homes"", ""name"", ""retreats"", ""units""]"
cicero_g007_p011_RUSSIA,7,data/cicero_redacted_games/game_435086_FRANCE_RT.json,root,11,S1904M,RUSSIA,2,1,FRANCE,1,6,"[""A NWY H"", ""F SWE H"", ""A WAR S A GAL"", ""F SEV S A UKR - RUM"", ""A UKR - RUM"", ""A GAL S A UKR - RUM""]",True,"[""builds"", ""centers"", ""homes"", ""name"", ""retreats"", ""units""]"
cicero_g007_p015_FRANCE,7,data/cicero_redacted_games/game_435086_FRANCE_RT.json,root,15,S1905M,FRANCE,3,1,RUSSIA,1,6,"[""F NTH - HOL"", ""F ENG - MAO"", ""A BEL S A BUR - RUH"", ""A PIC - BUR"", ""A BUR - RUH"", ""A GAS - SPA""]",True,"[""builds"", ""centers"", ""homes"", ""name"", ""retreats"", ""units""]"
cicero_g007_p015_RUSSIA,7,data/cicero_redacted_games/game_435086_FRANCE_RT.json,root,15,S1905M,RUSSIA,1,3,FRANCE,1,7,"[""A NWY - SWE"", ""F SWE - SKA"", ""A MOS - LVN"", ""A WAR - SIL"", ""F SEV - RUM"", ""A GAL S A RUM - BUD"", ""A RUM - BUD""]",True,"[""builds"", ""centers"", ""homes"", ""name"", ""retreats"", ""units""]"
cicero_g007_p022_FRANCE,7,data/cicero_redacted_games/game_435086_FRANCE_RT.json,root,22,F1906M,FRANCE,3,3,"RUSSIA,TURKEY",2,4,"[""F EDI H"", ""A WAL - LVP"", ""F ENG - MAO"", ""A MAR - SPA""]",True,"[""builds"", ""centers"", ""homes"", ""name"", ""retreats"", ""units""]"
cicero_g007_p022_RUSSIA,7,data/cicero_redacted_games/game_435086_FRANCE_RT.json,root,22,F1906M,RUSSIA,3,2,FRANCE,1,10,"[""A NWY H"", ""F SKA S A NWY"", ""A BER H"", ""F BOT - STP/SC"", ""A PRU - WAR"", ""A SIL - GAL"", ""A WAR - MOS"", ""A VIE S A BUD"", ""F RUM - SEV"", ""A BUD S A VIE""]",True,"[""builds"", ""centers"", ""homes"", ""name"", ""retreats"", ""units""]"
cicero_g007_p027_FRANCE,7,data/cicero_redacted_games/game_435086_FRANCE_RT.json,root,27,F1907M,FRANCE,5,3,RUSSIA,1,6,"[""F YOR S A WAL - LON"", ""A WAL - LON"", ""F ENG - NTH"", ""F MAO S A GAS - SPA"", ""A GAS - SPA"", ""A MAR S A GAS - SPA""]",True,"[""builds"", ""centers"", ""homes"", ""name"", ""retreats"", ""units""]"
cicero_g007_p027_RUSSIA,7,data/cicero_redacted_games/game_435086_FRANCE_RT.json,root,27,F1907M,RUSSIA,3,5,FRANCE,1,7,"[""A NWY H"", ""F SWE H"", ""A MOS - SEV"", ""A SIL S A GAL"", ""A UKR S A MOS - SEV"", ""A GAL S A UKR"", ""A VIE S A GAL""]",True,"[""builds"", ""centers"", ""homes"", ""name"", ""retreats"", ""units""]"
cicero_g008_p000_ENGLAND,8,data/cicero_redacted_games/game_435211_ITALY_EGT.json,root,0,S1901M,ENGLAND,1,2,ITALY,1,3,"[""F EDI - NWG"", ""F LON - NTH"", ""A LVP - EDI""]",True,"[""builds"", ""centers"", ""homes"", ""name"", ""retreats"", ""units""]"
cicero_g008_p000_GERMANY,8,data/cicero_redacted_games/game_435211_ITALY_EGT.json,root,0,S1901M,GERMANY,1,1,ITALY,1,3,"[""F KIE - DEN"", ""A MUN - BUR"", ""A BER - KIE""]",True,"[""builds"", ""centers"", ""homes"", ""name"", ""retreats"", ""units""]"
cicero_g008_p000_ITALY,8,data/cicero_redacted_games/game_435211_ITALY_EGT.json,root,0,S1901M,ITALY,5,6,"ENGLAND,GERMANY,TURKEY",3,3,"[""F NAP - ION"", ""A ROM - APU"", ""A VEN H""]",True,"[""builds"", ""centers"", ""homes"", ""name"", ""retreats"", ""units""]"
cicero_g008_p000_TURKEY,8,data/cicero_redacted_games/game_435211_ITALY_EGT.json,root,0,S1901M,TURKEY,4,2,ITALY,1,3,"[""F ANK - CON"", ""A SMY H"", ""A CON - BUL""]",True,"[""builds"", ""centers"", ""homes"", ""name"", ""retreats"", ""units""]"
cicero_g008_p001_GERMANY,8,data/cicero_redacted_games/game_435211_ITALY_EGT.json,root,1,F1901M,GERMANY,1,2,ITALY,1,3,"[""F DEN - SWE"", ""A KIE - HOL"", ""A MUN - RUH""]",True,"[""builds"", ""centers"", ""homes"", ""name"", ""retreats"", ""units""]"
cicero_g008_p001_ITALY,8,data/cicero_redacted_games/game_435211_ITALY_EGT.json,root,1,F1901M,ITALY,8,7,"ENGLAND,GERMANY,TURKEY",3,3,"[""F ION C A APU - TUN"", ""A VEN H"", ""A APU - TUN VIA""]",True,"[""builds"", ""centers"", ""homes"", ""name"", ""retreats"", ""units""]"
cicero_g008_p001_TURKEY,8,data/cicero_redacted_games/game_435211_ITALY_EGT.json,root,1,F1901M,TURKEY,6,5,ITALY,1,3,"[""A SMY - CON"", ""A BUL - GRE"", ""F CON - AEG""]",True,"[""builds"", ""centers"", ""homes"", ""name"", ""retreats"", ""units""]"
cicero_g008_p003_GERMANY,8,data/cicero_redacted_games/game_435211_ITALY_EGT.json,root,3,S1902M,GERMANY,2,2,ITALY,1,4,"[""F DEN - SWE"", ""A HOL - KIE"", ""A RUH - BUR"", ""A KIE - BER""]",True,"[""builds"", ""centers"", ""homes"", ""name"", ""retreats"", ""units""]"
cicero_g008_p003_ITALY,8,data/cicero_redacted_games/game_435211_ITALY_EGT.json,root,3,S1902M,ITALY,6,7,"ENGLAND,GERMANY,TURKEY",3,4,"[""A TUN - NAF"", ""F ION - TUN"", ""F NAP - TYS"", ""A VEN - PIE""]",True,"[""builds"", ""centers"", ""homes"", ""name"", ""retreats"", ""units""]"
cicero_g008_p003_TURKEY,8,data/cicero_redacted_games/game_435211_ITALY_EGT.json,root,3,S1902M,TURKEY,5,3,ITALY,1,4,"[""F AEG S A BUL - GRE"", ""F SMY - EAS"", ""A BUL - GRE"", ""A CON - BUL""]",True,"[""builds"", ""centers"", ""homes"", ""name"", ""retreats"", ""units""]"
cicero_g008_p005_ENGLAND,8,data/cicero_redacted_games/game_435211_ITALY_EGT.json,root,5,F1902M,ENGLAND,2,2,ITALY,1,5,"[""A LON - BEL VIA"", ""F NWG - NTH"", ""F ENG C A LON - BEL"", ""F NWY - STP/NC"", ""A PIC S A LON - BEL""]",True,"[""builds"", ""centers"", ""homes"", ""name"", ""retreats"", ""units""]"
cicero_g008_p005_GERMANY,8,data/cicero_redacted_games/game_435211_ITALY_EGT.json,root,5,F1902M,GERMANY,3,3,ITALY,1,4,"[""A HOL S A LON - BEL"", ""A RUH S A BER - MUN"", ""F SWE H"", ""A BER - MUN""]",True,"[""builds"", ""centers"", ""homes"", ""name"", ""retreats"", ""units""]"
cicero_g008_p005_ITALY,8,data/cicero_redacted_games/game_435211_ITALY_EGT.json,root,5,F1902M,ITALY,8,9,"ENGLAND,GERMANY,TURKEY",3,4,"[""A NAF - TUN"", ""F TUN - WES"", ""F TYS S F TUN - WES"", ""A PIE - MAR""]",True,"[""builds"", ""centers"", ""homes"", ""name"", ""retreats"", ""units""]"
cicero_g008_p005_TURKEY,8,data/cicero_redacted_games/game_435211_ITALY_EGT.json,root,5,F1902M,TURKEY,4,3,ITALY,1,4,"[""F AEG - BUL/SC"", ""F EAS - SMY"", ""A GRE - SER"", ""A CON - ANK""]",True,"[""builds"", ""centers"", ""homes"", ""name"", ""retreats"", ""units""]"
cicero_g008_p007_ITALY,8,data/cicero_redacted_games/game_435211_ITALY_EGT.json,root,7,S1903M,ITALY,2,2,TURKEY,1,3,"[""F WES - TYS"", ""F TYS - NAP"", ""A PIE - VEN""]",True,"[""builds"", ""centers"", ""homes"", ""name"", ""retreats"", ""units""]"
cicero_g008_p007_TURKEY,8,data/cicero_redacted_games/game_435211_ITALY_EGT.json,root,7,S1903M,TURKEY,2,2,ITALY,1,4,"[""F AEG - BUL/SC"", ""A SER - GRE"", ""F SMY - AEG"", ""A CON S F AEG - BUL""]",True,"[""builds"", ""centers"", ""homes"", ""name"", ""retreats"", ""units""]"
cicero_g008_p012_ITALY,8,data/cicero_redacted_games/game_435211_ITALY_EGT.json,root,12,S1904M,ITALY,3,2,TURKEY,1,3,"[""A PIE - VEN"", ""F ROM H"", ""F APU - ION""]",True,"[""builds"", ""centers"", ""homes"", ""name"", ""retreats"", ""units""]"
cicero_g008_p012_TURKEY,8,data/cicero_redacted_games/game_435211_ITALY_EGT.json,root,12,S1904M,TURKEY,2,3,ITALY,1,4,"[""F AEG S F GRE"", ""F GRE S A CON - BUL"", ""A BUD - RUM"", ""A CON - BUL""]",True,"[""builds"", ""centers"", ""homes"", ""name"", ""retreats"", ""units""]"
cicero_g008_p014_ITALY,8,data/cicero_redacted_games/game_435211_ITALY_EGT.json,root,14,F1904M,ITALY,3,4,TURKEY,1,3,"[""F ION - TUN"", ""F ROM - TYS"", ""A VEN H""]",True,"[""builds"", ""centers"", ""homes"", ""name"", ""retreats"", ""units""]"
cicero_g008_p014_TURKEY,8,data/cicero_redacted_games/game_435211_ITALY_EGT.json,root,14,F1904M,TURKEY,4,3,ITALY,1,4,"[""A RUM S F GRE - BUL"", ""F AEG - SMY"", ""F GRE - BUL/SC"", ""A ANK S F AEG - SMY""]",True,"[""builds"", ""centers"", ""homes"", ""name"", ""retreats"", ""units""]"
cicero_g008_p017_ITALY,8,data/cicero_redacted_games/game_435211_ITALY_EGT.json,root,17,S1905M,ITALY,3,2,TURKEY,1,4,"[""F ION S F NAP - TYS"", ""F NAP - TYS"", ""F ROM - TUS"", ""A VEN - PIE""]",True,"[""builds"", ""centers"", ""homes"", ""name"", ""retreats"", ""units""]"
cicero_g008_p017_TURKEY,8,data/cicero_redacted_games/game_435211_ITALY_EGT.json,root,17,S1905M,TURKEY,2,3,ITALY,1,4,"[""A RUM - SER"", ""A ANK S F SMY - CON"", ""F SMY - CON"", ""F BUL/SC - GRE""]",True,"[""builds"", ""centers"", ""homes"", ""name"", ""retreats"", ""units""]"
cicero_g009_p000_ENGLAND,9,data/cicero_redacted_games/game_435440_ENGLAND_AR.json,root,0,S1901M,ENGLAND,3,3,"AUSTRIA,RUSSIA",2,3,"[""F EDI - NWG"", ""F LON - NTH"", ""A LVP - EDI""]",True,"[""builds"", ""centers"", ""homes"", ""name"", ""retreats"", ""units""]"
cicero_g009_p000_RUSSIA,9,data/cicero_redacted_games/game_435440_ENGLAND_AR.json,root,0,S1901M,RUSSIA,3,2,ENGLAND,1,4,"[""F STP/SC - BOT"", ""A MOS - UKR"", ""A WAR - GAL"", ""F SEV - BLA""]",True,"[""builds"", ""centers"", ""homes"", ""name"", ""retreats"", ""units""]"
cicero_g009_p001_AUSTRIA,9,data/cicero_redacted_games/game_435440_ENGLAND_AR.json,root,1,F1901M,AUSTRIA,1,2,ENGLAND,1,3,"[""A VIE - GAL"", ""F TRI - ALB"", ""A RUM - SER""]",True,"[""builds"", ""centers"", ""homes"", ""name"", ""retreats"", ""units""]"
cicero_g009_p001_ENGLAND,9,data/cicero_redacted_games/game_435440_ENGLAND_AR.json,root,1,F1901M,ENGLAND,4,4,"AUSTRIA,RUSSIA",2,3,"[""A EDI - DEN VIA"", ""F NTH C A EDI - DEN"", ""F NWG - NWY""]",True,"[""builds"", ""centers"", ""homes"", ""name"", ""retreats"", ""units""]"
cicero_g009_p001_RUSSIA,9,data/cicero_redacted_games/game_435440_ENGLAND_AR.json,root,1,F1901M,RUSSIA,3,2,ENGLAND,1,4,"[""F BOT - SWE"", ""A WAR - GAL"", ""F SEV - RUM"", ""A UKR S F SEV - RUM""]",True,"[""builds"", ""centers"", ""homes"", ""name"", ""retreats"", ""units""]"
cicero_g009_p003_AUSTRIA,9,data/cicero_redacted_games/game_435440_ENGLAND_AR.json,root,3,S1902M,AUSTRIA,1,2,ENGLAND,1,4,"[""A VIE - GAL"", ""F ALB - TRI"", ""A BUD S A SER - RUM"", ""A SER - RUM""]",True,"[""builds"", ""centers"", ""homes"", ""name"", ""retreats"", ""units""]"
cicero_g009_p003_ENGLAND,9,data/cicero_redacted_games/game_435440_ENGLAND_AR.json,root,3,S1902M,ENGLAND,5,3,"AUSTRIA,RUSSIA",2,4,"[""A EDI H"", ""F LON - ENG"", ""F NTH S F LON - ENG"", ""F NWY - SKA""]",True,"[""builds"", ""centers"", ""homes"", ""name"", ""retreats"", ""units""]"
cicero_g009_p003_RUSSIA,9,data/cicero_redacted_games/game_435440_ENGLAND_AR.json,root,3,S1902M,RUSSIA,2,3,ENGLAND,1,6,"[""F SWE - DEN"", ""A MOS - STP"", ""A WAR - GAL"", ""F SEV S F RUM - BLA"", ""A UKR S A WAR - GAL"", ""F RUM - BLA""]",True,"[""builds"", ""centers"", ""homes"", ""name"", ""retreats"", ""units""]"
cicero_g009_p005_AUSTRIA,9,data/cicero_redacted_games/game_435440_ENGLAND_AR.json,root,5,F1902M,AUSTRIA,3,3,ENGLAND,1,4,"[""A VIE S A BUD - TRI"", ""A RUM - BUD"", ""F ALB S A TUN - GRE"", ""A BUD - TRI""]",True,"[""builds"", ""centers"", ""homes"", ""name"", ""retreats"", ""units""]"
cicero_g009_p005_ENGLAND,9,data/cicero_redacted_games/game_435440_ENGLAND_AR.json,root,5,F1902M,ENGLAND,10,7,"AUSTRIA,RUSSIA",2,4,"[""A EDI - NWY VIA"", ""F NTH C A EDI - NWY"", ""F ENG S A HOL - BEL"", ""F SKA S A EDI - NWY""]",True,"[""builds"", ""centers"", ""homes"", ""name"", ""retreats"", ""units""]"
cicero_g009_p005_RUSSIA,9,data/cicero_redacted_games/game_435440_ENGLAND_AR.json,root,5,F1902M,RUSSIA,4,7,ENGLAND,1,6,"[""F SWE S A STP - NWY"", ""A STP - NWY"", ""F SEV S A GAL - RUM"", ""A UKR S A GAL - RUM"", ""A GAL - RUM"", ""F BLA - BUL/EC""]",True,"[""builds"", ""centers"", ""homes"", ""name"", ""retreats"", ""units""]"
cicero_g010_p000_FRANCE,10,data/cicero_redacted_games/game_435500_FRANCE_AI.json,root,0,S1901M,FRANCE,1,1,ITALY,1,3,"[""F BRE - MAO"", ""A PAR - BUR"", ""A MAR S A PAR - BUR""]",True,"[""builds"", ""centers"", ""homes"", ""name"", ""retreats"", ""units""]"
cicero_g010_p000_ITALY,10,data/cicero_redacted_games/game_435500_FRANCE_AI.json,root,0,S1901M,ITALY,1,1,FRANCE,1,3,"[""F NAP - ION"", ""A ROM - APU"", ""A VEN - ROM""]",True,"[""builds"", ""centers"", ""homes"", ""name"", ""retreats"", ""units""]"
cicero_g010_p001_AUSTRIA,10,data/cicero_redacted_games/game_435500_FRANCE_AI.json,root,1,F1901M,AUSTRIA,2,2,FRANCE,1,3,"[""A VIE - GAL"", ""F ALB - GRE"", ""A SER S F ALB - GRE""]",True,"[""builds"", ""centers"", ""homes"", ""name"", ""retreats"", ""units""]"
cicero_g010_p001_FRANCE,10,data/cicero_redacted_games/game_435500_FRANCE_AI.json,root,1,F1901M,FRANCE,5,4,"AUSTRIA,ITALY",2,3,"[""F MAO - POR"", ""A BUR S A RUH - BEL"", ""A MAR - SPA""]",True,"[""builds"", ""centers"", ""homes"", ""name"", ""retreats"", ""units""]"
cicero_g010_p001_ITALY,10,data/cicero_redacted_games/game_435500_FRANCE_AI.json,root,1,F1901M,ITALY,2,3,FRANCE,1,3,"[""F ION C A APU - TUN"", ""A ROM - VEN"", ""A APU - TUN VIA""]",True,"[""builds"", ""centers"", ""homes"", ""name"", ""retreats"", ""units""]"
cicero_g010_p003_AUSTRIA,10,data/cicero_redacted_games/game_435500_FRANCE_AI.json,root,3,S1902M,AUSTRIA,2,2,FRANCE,1,5,"[""A VIE - TYR"", ""A TRI S A VIE - TYR"", ""F GRE - BUL/SC"", ""A BUD S A UKR - RUM"", ""A SER S F GRE - BUL""]",True,"[""builds"", ""centers"", ""homes"", ""name"", ""retreats"", ""units""]"
cicero_g010_p003_FRANCE,10,data/cicero_redacted_games/game_435500_FRANCE_AI.json,root,3,S1902M,FRANCE,4,3,"AUSTRIA,ITALY",2,5,"[""A BUR S A HOL - BEL"", ""A PAR - PIC"", ""F POR - MAO"", ""A SPA - GAS"", ""F MAR - SPA/SC""]",True,"[""builds"", ""centers"", ""homes"", ""name"", ""retreats"", ""units""]"
cicero_g010_p003_ITALY,10,data/cicero_redacted_games/game_435500_FRANCE_AI.json,root,3,S1902M,ITALY,1,2,FRANCE,1,4,"[""A TUN - ALB VIA"", ""F ION C A TUN - NAP"", ""F NAP - TYS"", ""A VEN H""]",True,"[""builds"", ""centers"", ""homes"", ""name"", ""retreats"", ""units""]"
cicero_g010_p005_AUSTRIA,10,data/cicero_redacted_games/game_435500_FRANCE_AI.json,root,5,F1902M,AUSTRIA,1,1,FRANCE,1,5,"[""A TYR S A TRI - VEN"", ""A TRI - VEN"", ""A BUD - SER"", ""A SER - GRE"", ""F BUL/SC S A SER - GRE""]",True,"[""builds"", ""centers"", ""homes"", ""name"", ""retreats"", ""units""]"
cicero_g010_p005_FRANCE,10,data/cicero_redacted_games/game_435500_FRANCE_AI.json,root,5,F1902M,FRANCE,5,6,"AUSTRIA,ITALY",2,5,"[""F MAO H"", ""A PIC S A BUR"", ""A BUR S A PIC"", ""A GAS S A BUR"", ""F SPA/SC S F MAO""]",True,"[""builds"", ""centers"", ""homes"", ""name"", ""retreats"", ""units""]"
cicero_g010_p005_ITALY,10,data/cicero_redacted_games/game_435500_FRANCE_AI.json,root,5,F1902M,ITALY,5,4,FRANCE,1,4,"[""A TUN H"", ""F TYS - TUS"", ""F ION C A TUN - ALB"", ""A VEN H""]",True,"[""builds"", ""centers"", ""homes"", ""name"", ""retreats"", ""units""]"
cicero_g010_p008_FRANCE,10,data/cicero_redacted_games/game_435500_FRANCE_AI.json,root,8,S1903M,FRANCE,4,2,ITALY,1,5,"[""F MAO H"", ""A PIC S A BUR"", ""A BUR S A PIC"", ""A GAS S A BUR"", ""F SPA/SC S F MAO""]",True,"[""builds"", ""centers"", ""homes"", ""name"", ""retreats"", ""units""]"
cicero_g010_p008_ITALY,10,data/cicero_redacted_games/game_435500_FRANCE_AI.json,root,8,S1903M,ITALY,2,4,FRANCE,1,3,"[""F ION - GRE"", ""F TUS - PIE"", ""A ROM - VEN""]",True,"[""builds"", ""centers"", ""homes"", ""name"", ""retreats"", ""units""]"
cicero_g010_p013_FRANCE,10,data/cicero_redacted_games/game_435500_FRANCE_AI.json,root,13,S1904M,FRANCE,6,4,ITALY,1,6,"[""A BRE H"", ""A GAS S A BRE"", ""A PAR S A BRE"", ""F SPA/SC - POR"", ""F MAR - SPA/SC"", ""F TUN - WES""]",True,"[""builds"", ""centers"", ""homes"", ""name"", ""retreats"", ""units""]"
cicero_g010_p013_ITALY,10,data/cicero_redacted_games/game_435500_FRANCE_AI.json,root,13,S1904M,ITALY,4,6,FRANCE,1,3,"[""F TYS - ION"", ""A ROM - VEN"", ""F GRE H""]",True,"[""builds"", ""centers"", ""homes"", ""name"", ""retreats"", ""units""]"
cicero_g010_p017_FRANCE,10,data/cicero_redacted_games/game_435500_FRANCE_AI.json,root,17,S1905M,FRANCE,2,5,ITALY,1,5,"[""A GAS - BRE"", ""A PAR - PIC"", ""F POR - MAO"", ""F WES S F POR - MAO"", ""F MAR H""]",True,"[""builds"", ""centers"", ""homes"", ""name"", ""retreats"", ""units""]"
cicero_g010_p017_ITALY,10,data/cicero_redacted_games/game_435500_FRANCE_AI.json,root,17,S1905M,ITALY,5,2,FRANCE,1,3,"[""F TYS - TUN"", ""A ROM H"", ""F GRE - ION""]",True,"[""builds"", ""centers"", ""homes"", ""name"", ""retreats"", ""units""]"
cicero_g010_p023_FRANCE,10,data/cicero_redacted_games/game_435500_FRANCE_AI.json,root,23,F1906M,FRANCE,2,3,ITALY,1,5,"[""A BRE - PAR"", ""F MAO H"", ""A GAS - MAR"", ""F NAF - TUN"", ""F WES S F NAF - TUN""]",True,"[""builds"", ""centers"", ""homes"", ""name"", ""retreats"", ""units""]"
cicero_g010_p023_ITALY,10,data/cicero_redacted_games/game_435500_FRANCE_AI.json,root,23,F1906M,ITALY,3,2,FRANCE,1,3,"[""F TUN - TYS"", ""A ROM - VEN"", ""F APU S A ROM - VEN""]",True,"[""builds"", ""centers"", ""homes"", ""name"", ""retreats"", ""units""]"
cicero_g010_p028_FRANCE,10,data/cicero_redacted_games/game_435500_FRANCE_AI.json,root,28,F1907M,FRANCE,5,7,"AUSTRIA,ITALY",2,6,"[""F BRE - ENG"", ""F MAO S F BRE - ENG"", ""A PIC S A BEL"", ""F WES - TUN"", ""F TYS - ROM"", ""A PIE - VEN""]",True,"[""builds"", ""centers"", ""homes"", ""name"", ""retreats"", ""units""]"
cicero_g010_p028_ITALY,10,data/cicero_redacted_games/game_435500_FRANCE_AI.json,root,28,F1907M,ITALY,7,4,FRANCE,1,3,"[""F ION - NAP"", ""F ROM H"", ""A TRI H""]",True,"[""builds"", ""centers"", ""homes"", ""name"", ""retreats"", ""units""]"
cicero_g010_p031_AUSTRIA,10,data/cicero_redacted_games/game_435500_FRANCE_AI.json,root,31,S1908M,AUSTRIA,2,3,FRANCE,1,4,"[""A GAL H"", ""A VIE S A GAL"", ""F TRI S A PIE - VEN"", ""A BUD S A GAL""]",True,"[""builds"", ""centers"", ""homes"", ""name"", ""retreats"", ""units""]"
cicero_g010_p031_FRANCE,10,data/cicero_redacted_games/game_435500_FRANCE_AI.json,root,31,S1908M,FRANCE,7,11,"AUSTRIA,ITALY",2,6,"[""F ENG - WAL"", ""F MAO - NAO"", ""A PIC - BUR"", ""F TUN - ION"", ""F TYS S F TUN - ION"", ""A PIE - VEN""]",True,"[""builds"", ""centers"", ""homes"", ""name"", ""retreats"", ""units""]"
cicero_g010_p031_ITALY,10,data/cicero_redacted_games/game_435500_FRANCE_AI.json,root,31,S1908M,ITALY,9,4,FRANCE,1,3,"[""A TYR - VEN"", ""F NAP H"", ""F ROM H""]",True,"[""builds"", ""centers"", ""homes"", ""name"", ""retreats"", ""units""]"
cicero_g011_p000_ENGLAND,11,data/cicero_redacted_games/game_435605_RUSSIA_EFGT.json,root,0,S1901M,ENGLAND,4,4,RUSSIA,1,3,"[""F EDI - NTH"", ""F LON - ENG"", ""A LVP - WAL""]",True,"[""builds"", ""centers"", ""homes"", ""name"", ""retreats"", ""units""]"
cicero_g011_p000_FRANCE,11,data/cicero_redacted_games/game_435605_RUSSIA_EFGT.json,root,0,S1901M,FRANCE,1,1,RUSSIA,1,3,"[""F BRE - MAO"", ""A PAR - PIC"", ""A MAR - SPA""]",True,"[""builds"", ""centers"", ""homes"", ""name"", ""retreats"", ""units""]"
cicero_g011_p000_GERMANY,11,data/cicero_redacted_games/game_435605_RUSSIA_EFGT.json,root,0,S1901M,GERMANY,2,2,RUSSIA,1,3,"[""F KIE - DEN"", ""A MUN - RUH"", ""A BER - KIE""]",True,"[""builds"", ""centers"", ""homes"", ""name"", ""retreats"", ""units""]"
cicero_g011_p000_RUSSIA,11,data/cicero_redacted_games/game_435605_RUSSIA_EFGT.json,root,0,S1901M,RUSSIA,10,11,"ENGLAND,FRANCE,GERMANY,TURKEY",4,4,"[""F STP/SC - BOT"", ""A MOS - UKR"", ""A WAR - GAL"", ""F SEV - BLA""]",True,"[""builds"", ""centers"", ""homes"", ""name"", ""retreats"", ""units""]"
cicero_g011_p000_TURKEY,11,data/cicero_redacted_games/game_435605_RUSSIA_EFGT.json,root,0,S1901M,TURKEY,4,3,RUSSIA,1,3,"[""F ANK - BLA"", ""A SMY - CON"", ""A CON - BUL""]",True,"[""builds"", ""centers"", ""homes"", ""name"", ""retreats"", ""units""]"
cicero_g011_p001_ENGLAND,11,data/cicero_redacted_games/game_435605_RUSSIA_EFGT.json,root,1,F1901M,ENGLAND,2,3,RUSSIA,1,3,"[""F NTH - NWY"", ""A WAL - BEL VIA"", ""F ENG C A WAL - BEL""]",True,"[""builds"", ""centers"", ""homes"", ""name"", ""retreats"", ""units""]"
cicero_g011_p001_FRANCE,11,data/cicero_redacted_games/game_435605_RUSSIA_EFGT.json,root,1,F1901M,FRANCE,6,5,RUSSIA,1,3,"[""F MAO - POR"", ""A PIC - BUR"", ""A SPA H""]",True,"[""builds"", ""centers"", ""homes"", ""name"", ""retreats"", ""units""]"
cicero_g011_p001_GERMANY,11,data/cicero_redacted_games/game_435605_RUSSIA_EFGT.json,root,1,F1901M,GERMANY,1,2,RUSSIA,1,3,"[""F DEN H"", ""A RUH - BEL"", ""A KIE - HOL""]",True,"[""builds"", ""centers"", ""homes"", ""name"", ""retreats"", ""units""]"
cicero_g011_p001_RUSSIA,11,data/cicero_redacted_games/game_435605_RUSSIA_EFGT.json,root,1,F1901M,RUSSIA,14,17,"ENGLAND,FRANCE,GERMANY,TURKEY",4,4,"[""F BOT - SWE"", ""A WAR - UKR"", ""F SEV S A UKR - RUM"", ""A UKR - RUM""]",True,"[""builds"", ""centers"", ""homes"", ""name"", ""retreats"", ""units""]"
cicero_g011_p001_TURKEY,11,data/cicero_redacted_games/game_435605_RUSSIA_EFGT.json,root,1,F1901M,TURKEY,8,4,RUSSIA,1,3,"[""F ANK - CON"", ""A BUL S A APU - GRE"", ""A CON - BUL""]",True,"[""builds"", ""centers"", ""homes"", ""name"", ""retreats"", ""units""]"
cicero_g011_p003_ENGLAND,11,data/cicero_redacted_games/game_435605_RUSSIA_EFGT.json,root,3,S1902M,ENGLAND,2,2,RUSSIA,1,4,"[""F LON - NTH"", ""A WAL - YOR"", ""F ENG S F LON - NTH"", ""F NWY S F LON - NTH""]",True,"[""builds"", ""centers"", ""homes"", ""name"", ""retreats"", ""units""]"
cicero_g011_p003_FRANCE,11,data/cicero_redacted_games/game_435605_RUSSIA_EFGT.json,root,3,S1902M,FRANCE,2,1,RUSSIA,1,5,"[""F BRE S F POR - MAO"", ""A BUR S A RUH - BEL"", ""F POR - MAO"", ""A SPA - GAS"", ""F MAR - SPA/SC""]",True,"[""builds"", ""centers"", ""homes"", ""name"", ""retreats"", ""units""]"
cicero_g011_p003_GERMANY,11,data/cicero_redacted_games/game_435605_RUSSIA_EFGT.json,root,3,S1902M,GERMANY,6,5,RUSSIA,1,5,"[""F DEN - NTH"", ""A HOL S A RUH - BEL"", ""A RUH - BEL"", ""F KIE - HEL"", ""A MUN H""]",True,"[""builds"", ""centers"", ""homes"", ""name"", ""retreats"", ""units""]"
cicero_g011_p003_RUSSIA,11,data/cicero_redacted_games/game_435605_RUSSIA_EFGT.json,root,3,S1902M,RUSSIA,12,17,"ENGLAND,FRANCE,GERMANY,TURKEY",4,6,"[""F SWE S F STP/NC - NWY"", ""F STP/NC - NWY"", ""A MOS - STP"", ""F SEV - BLA"", ""A UKR - SEV"", ""A RUM S A SER - BUL""]",True,"[""builds"", ""centers"", ""homes"", ""name"", ""retreats"", ""units""]"
cicero_g011_p003_TURKEY,11,data/cicero_redacted_games/game_435605_RUSSIA_EFGT.json,root,3,S1902M,TURKEY,7,4,RUSSIA,1,4,"[""F ANK - BLA"", ""F SMY - AEG"", ""A BUL - SER"", ""A CON S A BUL""]",True,"[""builds"", ""centers"", ""homes"", ""name"", ""retreats"", ""units""]"
cicero_g011_p005_ENGLAND,11,data/cicero_redacted_games/game_435605_RUSSIA_EFGT.json,root,5,F1902M,ENGLAND,4,5,RUSSIA,1,4,"[""A YOR - LON"", ""F NTH S F NWG - NWY"", ""F NWG - NWY"", ""F ENG - IRI""]",True,"[""builds"", ""centers"", ""homes"", ""name"", ""retreats"", ""units""]"
cicero_g011_p005_FRANCE,11,data/cicero_redacted_games/game_435605_RUSSIA_EFGT.json,root,5,F1902M,FRANCE,4,5,RUSSIA,1,5,"[""F BRE - ENG"", ""F MAO - NAO"", ""A BUR S A BEL"", ""A GAS S A BUR"", ""F SPA/SC - MAO""]",True,"[""builds"", ""centers"", ""homes"", ""name"", ""retreats"", ""units""]"
cicero_g011_p005_GERMANY,11,data/cicero_redacted_games/game_435605_RUSSIA_EFGT.json,root,5,F1902M,GERMANY,1,2,RUSSIA,1,5,"[""A BEL H"", ""F DEN S F HEL - NTH"", ""F HEL - NTH"", ""A HOL - RUH"", ""A MUN - RUH""]",True,"[""builds"", ""centers"", ""homes"", ""name"", ""retreats"", ""units""]"
cicero_g011_p005_RUSSIA,11,data/cicero_redacted_games/game_435605_RUSSIA_EFGT.json,root,5,F1902M,RUSSIA,15,15,"ENGLAND,FRANCE,GERMANY,TURKEY",4,6,"[""F NWY S F HEL - NTH"", ""F SWE S F NWY"", ""A STP S F NWY"", ""F SEV - ARM"", ""A UKR S A RUM"", ""A RUM S A BUL""]",True,"[""builds"", ""centers"", ""homes"", ""name"", ""retreats"", ""units""]"
cicero_g011_p005_TURKEY,11,data/cicero_redacted_games/game_435605_RUSSIA_EFGT.json,root,5,F1902M,TURKEY,6,3,RUSSIA,1,3,"[""F ANK - BLA"", ""F SMY S A CON"", ""A CON - BUL""]",True,"[""builds"", ""centers"", ""homes"", ""name"", ""retreats"", ""units""]"
cicero_g011_p008_FRANCE,11,data/cicero_redacted_games/game_435605_RUSSIA_EFGT.json,root,8,S1903M,FRANCE,2,6,RUSSIA,1,5,"[""F ENG - WAL"", ""F NAO C A GAS - LVP"", ""F MAO C A GAS - LVP"", ""A BUR S A BEL"", ""A GAS - LVP VIA""]",True,"[""builds"", ""centers"", ""homes"", ""name"", ""retreats"", ""units""]"
cicero_g011_p008_GERMANY,11,data/cicero_redacted_games/game_435605_RUSSIA_EFGT.json,root,8,S1903M,GERMANY,6,2,RUSSIA,1,6,"[""F NTH C A HOL - YOR"", ""A BEL - RUH"", ""F DEN S F NTH"", ""A HOL - YOR VIA"", ""F KIE H"", ""A MUN - RUH""]",True,"[""builds"", ""centers"", ""homes"", ""name"", ""retreats"", ""units""]"
cicero_g011_p008_RUSSIA,11,data/cicero_redacted_games/game_435605_RUSSIA_EFGT.json,root,8,S1903M,RUSSIA,12,14,"FRANCE,GERMANY,TURKEY",3,7,"[""F NWY - NWG"", ""F SWE - NWY"", ""A STP - MOS"", ""A SEV - ARM"", ""A UKR S A RUM"", ""F ARM - BLA"", ""A RUM S A BUL""]",True,"[""builds"", ""centers"", ""homes"", ""name"", ""retreats"", ""units""]"
cicero_g011_p008_TURKEY,11,data/cicero_redacted_games/game_435605_RUSSIA_EFGT.json,root,8,S1903M,TURKEY,6,4,RUSSIA,1,2,"[""A ANK - SMY"", ""F SMY - EAS""]",True,"[""builds"", ""centers"", ""homes"", ""name"", ""retreats"", ""units""]"
cicero_g011_p010_FRANCE,11,data/cicero_redacted_games/game_435605_RUSSIA_EFGT.json,root,10,F1903M,FRANCE,1,1,RUSSIA,1,5,"[""A LVP S A HOL - EDI"", ""F ENG - LON"", ""F NAO S A LVP"", ""F MAO - WES"", ""A BUR S A BEL""]",True,"[""builds"", ""centers"", ""homes"", ""name"", ""retreats"", ""units""]"
cicero_g011_p010_GERMANY,11,data/cicero_redacted_games/game_435605_RUSSIA_EFGT.json,root,10,F1903M,GERMANY,3,2,RUSSIA,1,6,"[""F NTH C A HOL - EDI"", ""A BEL - RUH"", ""F DEN - SWE"", ""A HOL - EDI VIA"", ""F KIE - BAL"", ""A MUN - RUH""]",True,"[""builds"", ""centers"", ""homes"", ""name"", ""retreats"", ""units""]"
cicero_g011_p010_RUSSIA,11,data/cicero_redacted_games/game_435605_RUSSIA_EFGT.json,root,10,F1903M,RUSSIA,10,12,"FRANCE,GERMANY,TURKEY",3,7,"[""F NWG S A HOL - EDI"", ""F NWY S F NTH"", ""A MOS - WAR"", ""A SEV S A UKR"", ""A UKR S A MOS - WAR"", ""A ARM - ANK"", ""F BLA S A ARM - ANK""]",True,"[""builds"", ""centers"", ""homes"", ""name"", ""retreats"", ""units""]"
cicero_g011_p010_TURKEY,11,data/cicero_redacted_games/game_435605_RUSSIA_EFGT.json,root,10,F1903M,TURKEY,8,7,RUSSIA,1,2,"[""F EAS S A ANK - SMY"", ""A ANK - SMY""]",True,"[""builds"", ""centers"", ""homes"", ""name"", ""retreats"", ""units""]"
cicero_g011_p013_FRANCE,11,data/cicero_redacted_games/game_435605_RUSSIA_EFGT.json,root,13,S1904M,FRANCE,2,2,RUSSIA,1,7,"[""F LON - ENG"", ""A LVP - WAL"", ""F NAO - MAO"", ""F MAO - SPA/SC"", ""A BUR S F MAR"", ""A PAR - GAS"", ""F MAR S F MAO - SPA""]",True,"[""builds"", ""centers"", ""homes"", ""name"", ""retreats"", ""units""]"
cicero_g011_p013_RUSSIA,11,data/cicero_redacted_games/game_435605_RUSSIA_EFGT.json,root,13,S1904M,RUSSIA,2,2,FRANCE,1,6,"[""F NWY H"", ""A WAR S A UKR"", ""A SEV S A UKR"", ""A UKR S A WAR"", ""F BLA S A ANK"", ""A ANK H""]",True,"[""builds"", ""centers"", ""homes"", ""name"", ""retreats"", ""units""]"
cicero_g011_p015_FRANCE,11,data/cicero_redacted_games/game_435605_RUSSIA_EFGT.json,root,15,F1904M,FRANCE,2,2,RUSSIA,1,7,"[""A WAL - LON"", ""F ENG S F NAO - MAO"", ""F NAO - MAO"", ""F MAO - SPA/SC"", ""A BUR S F MAR"", ""A GAS S F MAO - SPA"", ""F MAR S F MAO - SPA""]",True,"[""builds"", ""centers"", ""homes"", ""name"", ""retreats"", ""units""]"
cicero_g011_p015_GERMANY,11,data/cicero_redacted_games/game_435605_RUSSIA_EFGT.json,root,15,F1904M,GERMANY,6,2,RUSSIA,1,8,"[""F NTH S F SWE - NWY"", ""A DEN - SWE"", ""A NWY - STP"", ""A RUH - MUN"", ""F SWE - NWY"", ""F BOT S A NWY - STP"", ""A PRU - SIL"", ""A SIL - BOH""]",True,"[""builds"", ""centers"", ""homes"", ""name"", ""retreats"", ""units""]"
cicero_g011_p015_RUSSIA,11,data/cicero_redacted_games/game_435605_RUSSIA_EFGT.json,root,15,F1904M,RUSSIA,4,8,"FRANCE,GERMANY",2,6,"[""F NWG - EDI"", ""A WAR S A UKR"", ""A SEV S A UKR"", ""A UKR S A WAR"", ""F BLA S A ANK"", ""A ANK H""]",True,"[""builds"", ""centers"", ""homes"", ""name"", ""retreats"", ""units""]"
cicero_g011_p017_GERMANY,11,data/cicero_redacted_games/game_435605_RUSSIA_EFGT.json,root,17,S1905M,GERMANY,3,2,RUSSIA,1,9,"[""F NTH - EDI"", ""F NWY H"", ""A KIE - RUH"", ""A SWE - LVN VIA"", ""A STP - MOS"", ""A MUN - TYR"", ""F BOT C A SWE - LVN"", ""A BOH S A MUN - TYR"", ""A SIL - GAL""]",True,"[""builds"", ""centers"", ""homes"", ""name"", ""retreats"", ""units""]"
cicero_g011_p017_RUSSIA,11,data/cicero_redacted_games/game_435605_RUSSIA_EFGT.json,root,17,S1905M,RUSSIA,2,3,GERMANY,1,5,"[""A WAR - LVN"", ""A SEV S A UKR - MOS"", ""A UKR - MOS"", ""F BLA S A ANK"", ""A ANK H""]",True,"[""builds"", ""centers"", ""homes"", ""name"", ""retreats"", ""units""]"
cicero_g011_p018_GERMANY,11,data/cicero_redacted_games/game_435605_RUSSIA_EFGT.json,root,18,F1905M,GERMANY,4,5,RUSSIA,1,9,"[""F EDI H"", ""F NWY - NTH"", ""A RUH H"", ""A SWE - LVN VIA"", ""A STP S A SWE - LVN"", ""F BOT C A SWE - LVN"", ""A BOH S A TYR - VIE"", ""A SIL - GAL"", ""A TYR - VIE""]",True,"[""builds"", ""centers"", ""homes"", ""name"", ""retreats"", ""units""]"
cicero_g011_p018_RUSSIA,11,data/cicero_redacted_games/game_435605_RUSSIA_EFGT.json,root,18,F1905M,RUSSIA,5,4,GERMANY,1,5,"[""A MOS - STP"", ""A WAR - LVN"", ""A SEV - UKR"", ""F BLA S A ANK"", ""A ANK H""]",True,"[""builds"", ""centers"", ""homes"", ""name"", ""retreats"", ""units""]"
cicero_g011_p020_FRANCE,11,data/cicero_redacted_games/game_435605_RUSSIA_EFGT.json,root,20,S1906M,FRANCE,3,4,RUSSIA,1,7,"[""F ENG - LON"", ""F MAO - NAO"", ""A PIC S A MAR - BUR"", ""A GAS - PAR"", ""F NAF - MAO"", ""F SPA/SC - MAR"", ""A MAR - BUR""]",True,"[""builds"", ""centers"", ""homes"", ""name"", ""retreats"", ""units""]"
cicero_g011_p020_RUSSIA,11,data/cicero_redacted_games/game_435605_RUSSIA_EFGT.json,root,20,S1906M,RUSSIA,4,3,FRANCE,1,4,"[""A MOS - LVN"", ""A WAR S A MOS - LVN"", ""A UKR - MOS"", ""A ANK - ARM""]",True,"[""builds"", ""centers"", ""homes"", ""name"", ""retreats"", ""units""]"
cicero_g011_p022_FRANCE,11,data/cicero_redacted_games/game_435605_RUSSIA_EFGT.json,root,22,F1906M,FRANCE,2,2,RUSSIA,1,7,"[""F LON - NTH"", ""F NAO - NWG"", ""F MAO - ENG"", ""A PIC S A BUR - BEL"", ""A BUR - BEL"", ""A PAR - BUR"", ""F MAR - SPA/SC""]",True,"[""builds"", ""centers"", ""homes"", ""name"", ""retreats"", ""units""]"
cicero_g011_p022_RUSSIA,11,data/cicero_redacted_games/game_435605_RUSSIA_EFGT.json,root,22,F1906M,RUSSIA,2,2,FRANCE,1,4,"[""A MOS - STP"", ""A WAR S A GAL - SIL"", ""A UKR S A WAR"", ""A ARM - ANK""]",True,"[""builds"", ""centers"", ""homes"", ""name"", ""retreats"", ""units""]"
cicero_g011_p025_FRANCE,11,data/cicero_redacted_games/game_435605_RUSSIA_EFGT.json,root,25,S1907M,FRANCE,3,3,RUSSIA,1,8,"[""F LON - NTH"", ""F NWG S F LON - NTH"", ""F ENG S F LON - NTH"", ""A BEL S A BUR - RUH"", ""A PIC S A MAR - BUR"", ""A BUR - RUH"", ""F SPA/SC - MAO"", ""A MAR - BUR""]",True,"[""builds"", ""centers"", ""homes"", ""name"", ""retreats"", ""units""]"
cicero_g011_p025_RUSSIA,11,data/cicero_redacted_games/game_435605_RUSSIA_EFGT.json,root,25,S1907M,RUSSIA,3,3,FRANCE,1,4,"[""A MOS S A WAR"", ""A WAR S A GAL - SIL"", ""A UKR S A MOS"", ""A ANK H""]",True,"[""builds"", ""centers"", ""homes"", ""name"", ""retreats"", ""units""]"
cicero_g012_p000_AUSTRIA,12,data/cicero_redacted_games/game_436345_RUSSIA_AEFGIT.json,root,0,S1901M,AUSTRIA,3,4,RUSSIA,1,3,"[""A VIE - GAL"", ""F TRI - ALB"", ""A BUD - SER""]",True,"[""builds"", ""centers"", ""homes"", ""name"", ""retreats"", ""units""]"
cicero_g012_p000_ENGLAND,12,data/cicero_redacted_games/game_436345_RUSSIA_AEFGIT.json,root,0,S1901M,ENGLAND,1,2,RUSSIA,1,3,"[""F EDI - NWG"", ""F LON - NTH"", ""A LVP - YOR""]",True,"[""builds"", ""centers"", ""homes"", ""name"", ""retreats"", ""units""]"
cicero_g012_p000_FRANCE,12,data/cicero_redacted_games/game_436345_RUSSIA_AEFGIT.json,root,0,S1901M,FRANCE,2,1,RUSSIA,1,3,"[""F BRE - ENG"", ""A PAR - PIC"", ""A MAR H""]",True,"[""builds"", ""centers"", ""homes"", ""name"", ""retreats"", ""units""]"
cicero_g012_p000_GERMANY,12,data/cicero_redacted_games/game_436345_RUSSIA_AEFGIT.json,root,0,S1901M,GERMANY,1,2,RUSSIA,1,3,"[""F KIE - HOL"", ""A MUN H"", ""A BER - KIE""]",True,"[""builds"", ""centers"", ""homes"", ""name"", ""retreats"", ""units""]"
cicero_g012_p000_ITALY,12,data/cicero_redacted_games/game_436345_RUSSIA_AEFGIT.json,root,0,S1901M,ITALY,2,3,RUSSIA,1,3,"[""F NAP - ION"", ""A ROM - APU"", ""A VEN - TYR""]",True,"[""builds"", ""centers"", ""homes"", ""name"", ""retreats"", ""units""]"
cicero_g012_p000_RUSSIA,12,data/cicero_redacted_games/game_436345_RUSSIA_AEFGIT.json,root,0,S1901M,RUSSIA,15,11,"AUSTRIA,ENGLAND,FRANCE,GERMANY,ITALY,TURKEY",6,4,"[""F STP/SC - BOT"", ""A MOS - UKR"", ""A WAR - GAL"", ""F SEV - BLA""]",True,"[""builds"", ""centers"", ""homes"", ""name"", ""retreats"", ""units""]"
cicero_g012_p000_TURKEY,12,data/cicero_redacted_games/game_436345_RUSSIA_AEFGIT.json,root,0,S1901M,TURKEY,2,3,RUSSIA,1,3,"[""F ANK - BLA"", ""A SMY - CON"", ""A CON - BUL""]",True,"[""builds"", ""centers"", ""homes"", ""name"", ""retreats"", ""units""]"
cicero_g012_p001_AUSTRIA,12,data/cicero_redacted_games/game_436345_RUSSIA_AEFGIT.json,root,1,F1901M,AUSTRIA,2,2,RUSSIA,1,3,"[""A VIE H"", ""F ALB - GRE"", ""A SER S F ALB - GRE""]",True,"[""builds"", ""centers"", ""homes"", ""name"", ""retreats"", ""units""]"
cicero_g012_p001_ENGLAND,12,data/cicero_redacted_games/game_436345_RUSSIA_AEFGIT.json,root,1,F1901M,ENGLAND,2,3,RUSSIA,1,3,"[""A YOR - LON"", ""F NTH - DEN"", ""F NWG - NWY""]",True,"[""builds"", ""centers"", ""homes"", ""name"", ""retreats"", ""units""]"
cicero_g012_p001_FRANCE,12,data/cicero_redacted_games/game_436345_RUSSIA_AEFGIT.json,root,1,F1901M,FRANCE,3,4,RUSSIA,1,3,"[""F ENG S A PIC - BEL"", ""A PIC - BEL"", ""A MAR - SPA""]",True,"[""builds"", ""centers"", ""homes"", ""name"", ""retreats"", ""units""]"
cicero_g012_p001_GERMANY,12,data/cicero_redacted_games/game_436345_RUSSIA_AEFGIT.json,root,1,F1901M,GERMANY,1,2,RUSSIA,1,3,"[""F HOL H"", ""A KIE - DEN"", ""A MUN H""]",True,"[""builds"", ""centers"", ""homes"", ""name"", ""retreats"", ""units""]"
cicero_g012_p001_ITALY,12,data/cicero_redacted_games/game_436345_RUSSIA_AEFGIT.json,root,1,F1901M,ITALY,2,2,RUSSIA,1,3,"[""A TYR - TRI"", ""F ION - TUN"", ""A APU - VEN""]",True,"[""builds"", ""centers"", ""homes"", ""name"", ""retreats"", ""units""]"
cicero_g012_p001_RUSSIA,12,data/cicero_redacted_games/game_436345_RUSSIA_AEFGIT.json,root,1,F1901M,RUSSIA,16,12,"AUSTRIA,ENGLAND,FRANCE,GERMANY,ITALY,TURKEY",6,4,"[""F BOT - SWE"", ""A WAR - LVN"", ""F SEV - RUM"", ""A UKR S F SEV - RUM""]",True,"[""builds"", ""centers"", ""homes"", ""name"", ""retreats"", ""units""]"
cicero_g012_p001_TURKEY,12,data/cicero_redacted_games/game_436345_RUSSIA_AEFGIT.json,root,1,F1901M,TURKEY,2,3,RUSSIA,1,3,"[""F ANK - BLA"", ""A BUL - GRE"", ""A CON - BUL""]",True,"[""builds"", ""centers"", ""homes"", ""name"", ""retreats"", ""units""]"
cicero_g012_p003_AUSTRIA,12,data/cicero_redacted_games/game_436345_RUSSIA_AEFGIT.json,root,3,S1902M,AUSTRIA,1,3,RUSSIA,1,4,"[""A VIE S A SER - TRI"", ""F GRE - BUL/SC"", ""A BUD S A SER - TRI"", ""A SER - TRI""]",True,"[""builds"", ""centers"", ""homes"", ""name"", ""retreats"", ""units""]"
cicero_g012_p003_ENGLAND,12,data/cicero_redacted_games/game_436345_RUSSIA_AEFGIT.json,root,3,S1902M,ENGLAND,3,2,RUSSIA,1,4,"[""A LON - DEN VIA"", ""F LVP - IRI"", ""F NTH C A LON - DEN"", ""F NWY - SKA""]",True,"[""builds"", ""centers"", ""homes"", ""name"", ""retreats"", ""units""]"
cicero_g012_p003_FRANCE,12,data/cicero_redacted_games/game_436345_RUSSIA_AEFGIT.json,root,3,S1902M,FRANCE,1,2,RUSSIA,1,5,"[""F ENG C A BEL - LON"", ""A BEL - LON VIA"", ""F BRE S F ENG"", ""A PAR - PIC"", ""A SPA H""]",True,"[""builds"", ""centers"", ""homes"", ""name"", ""retreats"", ""units""]"
cicero_g012_p003_GERMANY,12,data/cicero_redacted_games/game_436345_RUSSIA_AEFGIT.json,root,3,S1902M,GERMANY,4,2,RUSSIA,1,4,"[""F HOL - NTH"", ""A KIE - DEN"", ""A MUN - RUH"", ""A BER - KIE""]",True,"[""builds"", ""centers"", ""homes"", ""name"", ""retreats"", ""units""]"
cicero_g012_p003_ITALY,12,data/cicero_redacted_games/game_436345_RUSSIA_AEFGIT.json,root,3,S1902M,ITALY,4,2,RUSSIA,1,5,"[""F TUN S F NAP - ION"", ""F NAP - ION"", ""F ROM - TYS"", ""A VEN S A TRI"", ""A TRI H""]",True,"[""builds"", ""centers"", ""homes"", ""name"", ""retreats"", ""units""]"
cicero_g012_p003_RUSSIA,12,data/cicero_redacted_games/game_436345_RUSSIA_AEFGIT.json,root,3,S1902M,RUSSIA,11,14,"AUSTRIA,ENGLAND,FRANCE,GERMANY,ITALY,TURKEY",6,6,"[""F SWE S F STP/NC - NWY"", ""F STP/NC - NWY"", ""A LVN - STP"", ""F SEV S F RUM - BLA"", ""A UKR - RUM"", ""F RUM - BLA""]",True,"[""builds"", ""centers"", ""homes"", ""name"", ""retreats"", ""units""]"
cicero_g012_p005_AUSTRIA,12,data/cicero_redacted_games/game_436345_RUSSIA_AEFGIT.json,root,5,F1902M,AUSTRIA,3,4,RUSSIA,1,4,"[""A VIE S A TRI"", ""A TRI S A BUD - SER"", ""F GRE - BUL/SC"", ""A BUD - SER""]",True,"[""builds"", ""centers"", ""homes"", ""name"", ""retreats"", ""units""]"
cicero_g012_p005_ENGLAND,12,data/cicero_redacted_games/game_436345_RUSSIA_AEFGIT.json,root,5,F1902M,ENGLAND,5,5,RUSSIA,1,4,"[""A LON H"", ""F NTH S F SKA - DEN"", ""F IRI - WAL"", ""F SKA - DEN""]",True,"[""builds"", ""centers"", ""homes"", ""name"", ""retreats"", ""units""]"
cicero_g012_p005_FRANCE,12,data/cicero_redacted_games/game_436345_RUSSIA_AEFGIT.json,root,5,F1902M,FRANCE,2,3,RUSSIA,1,5,"[""F ENG S A BEL"", ""A BEL S A PIC - BUR"", ""F BRE - MAO"", ""A PIC - BUR"", ""A SPA - POR""]",True,"[""builds"", ""centers"", ""homes"", ""name"", ""retreats"", ""units""]"
cicero_g012_p005_GERMANY,12,data/cicero_redacted_games/game_436345_RUSSIA_AEFGIT.json,root,5,F1902M,GERMANY,5,6,RUSSIA,1,4,"[""F HOL - NTH"", ""A RUH - MUN"", ""A KIE - DEN"", ""A BER H""]",True,"[""builds"", ""centers"", ""homes"", ""name"", ""retreats"", ""units""]"
cicero_g012_p005_RUSSIA,12,data/cicero_redacted_games/game_436345_RUSSIA_AEFGIT.json,root,5,F1902M,RUSSIA,21,16,"AUSTRIA,ENGLAND,FRANCE,GERMANY,ITALY,TURKEY",6,6,"[""F NWY S F HOL - NTH"", ""F SWE S A KIE - DEN"", ""A STP S F NWY"", ""F SEV - ARM"", ""F BLA - CON"", ""A RUM S F GRE - BUL""]",True,"[""builds"", ""centers"", ""homes"", ""name"", ""retreats"", ""units""]"
cicero_g012_p005_TURKEY,12,data/cicero_redacted_games/game_436345_RUSSIA_AEFGIT.json,root,5,F1902M,TURKEY,1,1,RUSSIA,1,4,"[""F ARM - BLA"", ""A ANK - CON"", ""A BUL - SER"", ""F CON - BUL/SC""]",True,"[""builds"", ""centers"", ""homes"", ""name"", ""retreats"", ""units""]"
cicero_g012_p008_AUSTRIA,12,data/cicero_redacted_games/game_436345_RUSSIA_AEFGIT.json,root,8,S1903M,AUSTRIA,5,6,RUSSIA,1,4,"[""A VIE - TYR"", ""A TRI S A BUD - SER"", ""A BUD - SER"", ""F BUL/SC - GRE""]",True,"[""builds"", ""centers"", ""homes"", ""name"", ""retreats"", ""units""]"
cicero_g012_p008_ENGLAND,12,data/cicero_redacted_games/game_436345_RUSSIA_AEFGIT.json,root,8,S1903M,ENGLAND,1,1,RUSSIA,1,3,"[""A LON H"", ""F HEL - HOL"", ""F SKA - NTH""]",True,"[""builds"", ""centers"", ""homes"", ""name"", ""retreats"", ""units""]"
cicero_g012_p008_GERMANY,12,data/cicero_redacted_games/game_436345_RUSSIA_AEFGIT.json,root,8,S1903M,GERMANY,2,3,RUSSIA,1,5,"[""F NTH S F KIE - HOL"", ""A DEN H"", ""F KIE - HOL"", ""A MUN H"", ""A BER - KIE""]",True,"[""builds"", ""centers"", ""homes"", ""name"", ""retreats"", ""units""]"
cicero_g012_p008_RUSSIA,12,data/cicero_redacted_games/game_436345_RUSSIA_AEFGIT.json,root,8,S1903M,RUSSIA,10,8,"AUSTRIA,ENGLAND,GERMANY",3,7,"[""F NWY - NWG"", ""F SWE S A DEN"", ""A STP - NWY"", ""A MOS - SEV"", ""F SEV - ARM"", ""F BLA S F SEV - ARM"", ""A RUM S A BUD - SER""]",True,"[""builds"", ""centers"", ""homes"", ""name"", ""retreats"", ""units""]"
cicero_g012_p010_AUSTRIA,12,data/cicero_redacted_games/game_436345_RUSSIA_AEFGIT.json,root,10,F1903M,AUSTRIA,2,3,RUSSIA,1,4,"[""A TYR - VIE"", ""A BUD - TRI"", ""A SER S A BUD - TRI"", ""F BUL/SC - CON""]",True,"[""builds"", ""centers"", ""homes"", ""name"", ""retreats"", ""units""]"
cicero_g012_p010_ENGLAND,12,data/cicero_redacted_games/game_436345_RUSSIA_AEFGIT.json,root,10,F1903M,ENGLAND,4,6,RUSSIA,1,3,"[""A LON H"", ""F HEL S F SKA - NTH"", ""F SKA - NTH""]",True,"[""builds"", ""centers"", ""homes"", ""name"", ""retreats"", ""units""]"
cicero_g012_p010_FRANCE,12,data/cicero_redacted_games/game_436345_RUSSIA_AEFGIT.json,root,10,F1903M,FRANCE,2,5,RUSSIA,1,6,"[""F ENG S F NTH - LON"", ""F IRI - LVP"", ""A BEL H"", ""F MAO - NAO"", ""A SPA - GAS"", ""A MAR - PIE""]",True,"[""builds"", ""centers"", ""homes"", ""name"", ""retreats"", ""units""]"
cicero_g012_p010_GERMANY,12,data/cicero_redacted_games/game_436345_RUSSIA_AEFGIT.json,root,10,F1903M,GERMANY,2,5,RUSSIA,1,5,"[""F NTH C A DEN - EDI"", ""A DEN - EDI VIA"", ""F KIE - HOL"", ""A MUN H"", ""A BER - KIE""]",True,"[""builds"", ""centers"", ""homes"", ""name"", ""retreats"", ""units""]"
cicero_g012_p010_RUSSIA,12,data/cicero_redacted_games/game_436345_RUSSIA_AEFGIT.json,root,10,F1903M,RUSSIA,19,10,"AUSTRIA,ENGLAND,FRANCE,GERMANY",4,7,"[""F NWG - EDI"", ""A NWY S F SWE"", ""F SWE S A DEN"", ""A SEV - ARM"", ""F ARM - ANK"", ""F BLA S F ARM - ANK"", ""A RUM S A SER""]",True,"[""builds"", ""centers"", ""homes"", ""name"", ""retreats"", ""units""]"
cicero_g012_p013_AUSTRIA,12,data/cicero_redacted_games/game_436345_RUSSIA_AEFGIT.json,root,13,S1904M,AUSTRIA,5,2,RUSSIA,1,4,"[""A VIE S A BUD - TRI"", ""A BUD - TRI"", ""A SER S F BUL/SC - GRE"", ""F BUL/SC - GRE""]",True,"[""builds"", ""centers"", ""homes"", ""name"", ""retreats"", ""units""]"
cicero_g012_p013_ENGLAND,12,data/cicero_redacted_games/game_436345_RUSSIA_AEFGIT.json,root,13,S1904M,ENGLAND,4,2,RUSSIA,1,1,"[""F HEL - NTH""]",True,"[""builds"", ""centers"", ""homes"", ""name"", ""retreats"", ""units""]"
cicero_g012_p013_FRANCE,12,data/cicero_redacted_games/game_436345_RUSSIA_AEFGIT.json,root,13,S1904M,FRANCE,2,2,RUSSIA,1,7,"[""F LVP - NAO"", ""F ENG C A BEL - LON"", ""F NAO - NWG"", ""A BEL - LON VIA"", ""F BRE - MAO"", ""A GAS - BUR"", ""A PIE - TYR""]",True,"[""builds"", ""centers"", ""homes"", ""name"", ""retreats"", ""units""]"
cicero_g012_p013_GERMANY,12,data/cicero_redacted_games/game_436345_RUSSIA_AEFGIT.json,root,13,S1904M,GERMANY,4,6,RUSSIA,1,5,"[""F NWG - NTH"", ""A DEN H"", ""F HOL S F NWG - NTH"", ""A KIE S F HOL"", ""A MUN H""]",True,"[""builds"", ""centers"", ""homes"", ""name"", ""retreats"", ""units""]"
cicero_g012_p013_RUSSIA,12,data/cicero_redacted_games/game_436345_RUSSIA_AEFGIT.json,root,13,S1904M,RUSSIA,12,15,"AUSTRIA,ENGLAND,FRANCE,GERMANY",4,9,"[""F EDI S F HOL - NTH"", ""A NWY - SWE"", ""F SWE - SKA"", ""F STP/NC - NWY"", ""A MOS - UKR"", ""A ARM - SMY"", ""F BLA - CON"", ""A RUM - BUL"", ""F ANK S F BLA - CON""]",True,"[""builds"", ""centers"", ""homes"", ""name"", ""retreats"", ""units""]"
cicero_g012_p015_AUSTRIA,12,data/cicero_redacted_games/game_436345_RUSSIA_AEFGIT.json,root,15,F1904M,AUSTRIA,2,4,RUSSIA,1,4,"[""A VIE S A BUD - TRI"", ""F GRE - ALB"", ""A BUD - TRI"", ""A SER S A BUD - TRI""]",True,"[""builds"", ""centers"", ""homes"", ""name"", ""retreats"", ""units""]"
cicero_g012_p015_ENGLAND,12,data/cicero_redacted_games/game_436345_RUSSIA_AEFGIT.json,root,15,F1904M,ENGLAND,1,4,RUSSIA,1,1,"[""F HEL - DEN""]",True,"[""builds"", ""centers"", ""homes"", ""name"", ""retreats"", ""units""]"
cicero_g012_p015_GERMANY,12,data/cicero_redacted_games/game_436345_RUSSIA_AEFGIT.json,root,15,F1904M,GERMANY,1,4,RUSSIA,1,5,"[""F NTH - EDI"", ""A DEN H"", ""F HOL - NTH"", ""A KIE S A MUN"", ""A MUN H""]",True,"[""builds"", ""centers"", ""homes"", ""name"", ""retreats"", ""units""]"
cicero_g012_p015_RUSSIA,12,data/cicero_redacted_games/game_436345_RUSSIA_AEFGIT.json,root,15,F1904M,RUSSIA,12,4,"AUSTRIA,ENGLAND,GERMANY",3,9,"[""F EDI - CLY"", ""F NWY - NWG"", ""F SKA - NTH"", ""A SWE S A DEN"", ""A UKR - RUM"", ""A ARM - SMY"", ""F BLA - CON"", ""F ANK S F BLA - CON"", ""A BUL S F GRE""]",True,"[""builds"", ""centers"", ""homes"", ""name"", ""retreats"", ""units""]"
cicero_g012_p018_AUSTRIA,12,data/cicero_redacted_games/game_436345_RUSSIA_AEFGIT.json,root,18,S1905M,AUSTRIA,4,4,RUSSIA,1,2,"[""A BUD S A SER"", ""A SER S A BUD""]",True,"[""builds"", ""centers"", ""homes"", ""name"", ""retreats"", ""units""]"
cicero_g012_p018_ITALY,12,data/cicero_redacted_games/game_436345_RUSSIA_AEFGIT.json,root,18,S1905M,ITALY,4,4,RUSSIA,1,7,"[""F ION C A NAP - ALB"", ""A NAP - ALB VIA"", ""A VEN - TRI"", ""A VIE - BUD"", ""F AEG H"", ""A ALB - SER"", ""A GRE S A ALB - SER""]",True,"[""builds"", ""centers"", ""homes"", ""name"", ""retreats"", ""units""]"
cicero_g012_p018_RUSSIA,12,data/cicero_redacted_games/game_436345_RUSSIA_AEFGIT.json,root,18,S1905M,RUSSIA,9,8,"AUSTRIA,GERMANY,ITALY",3,10,"[""F EDI - CLY"", ""F NWY - NWG"", ""F SKA - NTH"", ""A SWE S A DEN"", ""A WAR - GAL"", ""A ARM - SMY"", ""F BLA - CON"", ""A RUM S A SER"", ""F ANK S F BLA - CON"", ""A BUL S F BLA - CON""]",True,"[""builds"", ""centers"", ""homes"", ""name"", ""retreats"", ""units""]"
cicero_g012_p020_AUSTRIA,12,data/cicero_redacted_games/game_436345_RUSSIA_AEFGIT.json,root,20,F1905M,AUSTRIA,3,3,RUSSIA,1,2,"[""A BUD S A SER"", ""A SER S A BUL""]",True,"[""builds"", ""centers"", ""homes"", ""name"", ""retreats"", ""units""]"
cicero_g012_p020_ITALY,12,data/cicero_redacted_games/game_436345_RUSSIA_AEFGIT.json,root,20,F1905M,ITALY,1,2,RUSSIA,1,7,"[""F ION - GRE"", ""A NAP - ROM"", ""A VIE S A TRI - BUD"", ""A TRI - BUD"", ""F AEG - BUL/SC"", ""A ALB S A GRE - SER"", ""A GRE - SER""]",True,"[""builds"", ""centers"", ""homes"", ""name"", ""retreats"", ""units""]"
cicero_g012_p020_RUSSIA,12,data/cicero_redacted_games/game_436345_RUSSIA_AEFGIT.json,root,20,F1905M,RUSSIA,5,4,"AUSTRIA,ITALY",2,10,"[""F CLY - EDI"", ""F NWY - STP/NC"", ""F SKA S A SWE - DEN"", ""A SWE - DEN"", ""A GAL - WAR"", ""A ARM S F CON - SMY"", ""A RUM S A BUD"", ""F ANK - CON"", ""A BUL S A SER"", ""F CON - SMY""]",True,"[""builds"", ""centers"", ""homes"", ""name"", ""retreats"", ""units""]"
cicero_g012_p023_AUSTRIA,12,data/cicero_redacted_games/game_436345_RUSSIA_AEFGIT.json,root,23,S1906M,AUSTRIA,5,3,RUSSIA,1,1,"[""A BUD - SER""]",True,"[""builds"", ""centers"", ""homes"", ""name"", ""retreats"", ""units""]"
cicero_g012_p023_FRANCE,12,data/cicero_redacted_games/game_436345_RUSSIA_AEFGIT.json,root,23,S1906M,FRANCE,1,1,RUSSIA,1,8,"[""A LVP - CLY"", ""F ENG - NTH"", ""F NAO - NWG"", ""A BEL H"", ""F BAR S F NAO - NWG"", ""F MAO - NAO"", ""A MAR - PIE"", ""A BOH - GAL""]",True,"[""builds"", ""centers"", ""homes"", ""name"", ""retreats"", ""units""]"
cicero_g012_p023_ITALY,12,data/cicero_redacted_games/game_436345_RUSSIA_AEFGIT.json,root,23,S1906M,ITALY,4,4,RUSSIA,1,8,"[""F NAP - ION"", ""A ROM - VEN"", ""A VIE S A TRI - BUD"", ""A TRI - BUD"", ""F AEG - BUL/SC"", ""A ALB - TRI"", ""F GRE S F AEG - BUL"", ""A SER - RUM""]",True,"[""builds"", ""centers"", ""homes"", ""name"", ""retreats"", ""units""]"
cicero_g012_p023_RUSSIA,12,data/cicero_redacted_games/game_436345_RUSSIA_AEFGIT.json,root,23,S1906M,RUSSIA,8,10,"AUSTRIA,FRANCE,ITALY",3,12,"[""F CLY - NWG"", ""A DEN H"", ""F SKA S A DEN"", ""F STP/NC - NWY"", ""A MOS - STP"", ""A WAR - SIL"", ""A GAL - VIE"", ""A ARM - ANK"", ""A RUM S A BUL - SER"", ""F SMY - AEG"", ""A BUL - SER"", ""F CON S A ARM - ANK""]",True,"[""builds"", ""centers"", ""homes"", ""name"", ""retreats"", ""units""]"
cicero_g012_p025_AUSTRIA,12,data/cicero_redacted_games/game_436345_RUSSIA_AEFGIT.json,root,25,F1906M,AUSTRIA,2,3,RUSSIA,1,1,"[""A BUD - VIE""]",True,"[""builds"", ""centers"", ""homes"", ""name"", ""retreats"", ""units""]"
cicero_g012_p025_RUSSIA,12,data/cicero_redacted_games/game_436345_RUSSIA_AEFGIT.json,root,25,F1906M,RUSSIA,4,2,"AUSTRIA,FRANCE",2,12,"[""F CLY - NWG"", ""A DEN H"", ""F SKA S A DEN"", ""F STP/NC - NWY"", ""A MOS - STP"", ""A WAR - SIL"", ""A GAL - VIE"", ""A RUM S A SER - BUL"", ""F AEG - SMY"", ""A SER - BUL"", ""A ANK S F AEG - SMY"", ""F CON S F AEG - SMY""]",True,"[""builds"", ""centers"", ""homes"", ""name"", ""retreats"", ""units""]"
cicero_g012_p028_AUSTRIA,12,data/cicero_redacted_games/game_436345_RUSSIA_AEFGIT.json,root,28,S1907M,AUSTRIA,2,3,RUSSIA,1,1,"[""A BUD - SER""]",True,"[""builds"", ""centers"", ""homes"", ""name"", ""retreats"", ""units""]"
cicero_g012_p028_RUSSIA,12,data/cicero_redacted_games/game_436345_RUSSIA_AEFGIT.json,root,28,S1907M,RUSSIA,3,2,AUSTRIA,1,13,"[""F CLY - NWG"", ""A DEN H"", ""F NWY S F CLY - NWG"", ""F SKA S A DEN"", ""A STP - FIN"", ""A MOS - STP"", ""A WAR - SIL"", ""A GAL - VIE"", ""A RUM S A BUD - SER"", ""A ANK - SMY"", ""F SMY - EAS"", ""A BUL S A BUD - SER"", ""F CON S A BUL""]",True,"[""builds"", ""centers"", ""homes"", ""name"", ""retreats"", ""units""]"
cicero_g012_p030_AUSTRIA,12,data/cicero_redacted_games/game_436345_RUSSIA_AEFGIT.json,root,30,F1907M,AUSTRIA,2,5,RUSSIA,1,1,"[""A SER - BUD""]",True,"[""builds"", ""centers"", ""homes"", ""name"", ""retreats"", ""units""]"
cicero_g012_p030_ITALY,12,data/cicero_redacted_games/game_436345_RUSSIA_AEFGIT.json,root,30,F1907M,ITALY,3,3,RUSSIA,1,7,"[""F ION S F AEG - EAS"", ""F NAP - APU"", ""A TRI S A BUD"", ""F AEG - EAS"", ""A ALB S A TRI - SER"", ""F GRE - AEG"", ""A BUD H""]",True,"[""builds"", ""centers"", ""homes"", ""name"", ""retreats"", ""units""]"
cicero_g012_p030_RUSSIA,12,data/cicero_redacted_games/game_436345_RUSSIA_AEFGIT.json,root,30,F1907M,RUSSIA,10,5,"AUSTRIA,FRANCE,ITALY",3,13,"[""F CLY - NWG"", ""A DEN - KIE"", ""F SKA - NTH"", ""F SWE - NWY"", ""A FIN S F SWE - NWY"", ""A STP S F SWE - NWY"", ""A SIL - WAR"", ""A GAL S A SER - BUD"", ""A RUM S A SER - BUD"", ""A ANK - SMY"", ""F SMY - EAS"", ""A BUL S A SER"", ""F CON S A BUL""]",True,"[""builds"", ""centers"", ""homes"", ""name"", ""retreats"", ""units""]"
cicero_g012_p033_AUSTRIA,12,data/cicero_redacted_games/game_436345_RUSSIA_AEFGIT.json,root,33,S1908M,AUSTRIA,1,2,RUSSIA,1,1,"[""A BUD S A RUM - SER""]",True,"[""builds"", ""centers"", ""homes"", ""name"", ""retreats"", ""units""]"
cicero_g012_p033_RUSSIA,12,data/cicero_redacted_games/game_436345_RUSSIA_AEFGIT.json,root,33,S1908M,RUSSIA,2,1,AUSTRIA,1,12,"[""F NTH S A DEN"", ""A DEN S F NWY - SWE"", ""F NWY - SWE"", ""A FIN - NWY"", ""A STP S A FIN - NWY"", ""A SIL - WAR"", ""A GAL S A BUD"", ""A RUM - SER"", ""A ANK S F SMY"", ""F SMY S F CON - AEG"", ""A BUL S A RUM - SER"", ""F CON - AEG""]",True,"[""builds"", ""centers"", ""homes"", ""name"", ""retreats"", ""units""]"
cicero_g012_p034_AUSTRIA,12,data/cicero_redacted_games/game_436345_RUSSIA_AEFGIT.json,root,34,F1908M,AUSTRIA,3,3,RUSSIA,1,1,"[""A BUD S A SER""]",True,"[""builds"", ""centers"", ""homes"", ""name"", ""retreats"", ""units""]"
cicero_g012_p034_RUSSIA,12,data/cicero_redacted_games/game_436345_RUSSIA_AEFGIT.json,root,34,F1908M,RUSSIA,3,3,AUSTRIA,1,12,"[""F NTH - NWY"", ""A DEN H"", ""F SWE S A DEN"", ""A FIN S F NTH - NWY"", ""A STP - MOS"", ""A WAR - MOS"", ""A GAL - VIE"", ""A SER S A BUL - GRE"", ""A ANK S F SMY"", ""F SMY S F CON - AEG"", ""A BUL - GRE"", ""F CON - AEG""]",True,"[""builds"", ""centers"", ""homes"", ""name"", ""retreats"", ""units""]"
cicero_g013_p000_AUSTRIA,13,data/cicero_redacted_games/game_436958_RUSSIA_AEGIT.json,root,0,S1901M,AUSTRIA,6,2,RUSSIA,1,3,"[""A VIE - GAL"", ""F TRI - ALB"", ""A BUD - SER""]",True,"[""builds"", ""centers"", ""homes"", ""name"", ""retreats"", ""units""]"
cicero_g013_p000_ENGLAND,13,data/cicero_redacted_games/game_436958_RUSSIA_AEGIT.json,root,0,S1901M,ENGLAND,6,1,RUSSIA,1,3,"[""F EDI - NWG"", ""F LON - NTH"", ""A LVP - EDI""]",True,"[""builds"", ""centers"", ""homes"", ""name"", ""retreats"", ""units""]"
cicero_g013_p000_GERMANY,13,data/cicero_redacted_games/game_436958_RUSSIA_AEGIT.json,root,0,S1901M,GERMANY,4,3,RUSSIA,1,3,"[""F KIE - DEN"", ""A MUN - BUR"", ""A BER - KIE""]",True,"[""builds"", ""centers"", ""homes"", ""name"", ""retreats"", ""units""]"
cicero_g013_p000_ITALY,13,data/cicero_redacted_games/game_436958_RUSSIA_AEGIT.json,root,0,S1901M,ITALY,6,3,RUSSIA,1,3,"[""F NAP - ION"", ""A ROM - VEN"", ""A VEN - TYR""]",True,"[""builds"", ""centers"", ""homes"", ""name"", ""retreats"", ""units""]"
cicero_g013_p000_RUSSIA,13,data/cicero_redacted_games/game_436958_RUSSIA_AEGIT.json,root,0,S1901M,RUSSIA,11,24,"AUSTRIA,ENGLAND,GERMANY,ITALY,TURKEY",5,4,"[""F STP/SC - BOT"", ""A MOS - UKR"", ""A WAR - GAL"", ""F SEV - BLA""]",True,"[""builds"", ""centers"", ""homes"", ""name"", ""retreats"", ""units""]"
cicero_g013_p000_TURKEY,13,data/cicero_redacted_games/game_436958_RUSSIA_AEGIT.json,root,0,S1901M,TURKEY,2,2,RUSSIA,1,3,"[""F ANK - BLA"", ""A SMY - ANK"", ""A CON - BUL""]",True,"[""builds"", ""centers"", ""homes"", ""name"", ""retreats"", ""units""]"
cicero_g013_p001_AUSTRIA,13,data/cicero_redacted_games/game_436958_RUSSIA_AEGIT.json,root,1,F1901M,AUSTRIA,7,5,RUSSIA,1,3,"[""A VIE - TRI"", ""F ALB - GRE"", ""A SER S F ALB - GRE""]",True,"[""builds"", ""centers"", ""homes"", ""name"", ""retreats"", ""units""]"
cicero_g013_p001_ENGLAND,13,data/cicero_redacted_games/game_436958_RUSSIA_AEGIT.json,root,1,F1901M,ENGLAND,4,2,RUSSIA,1,3,"[""A EDI - BEL VIA"", ""F NTH C A EDI - BEL"", ""F NWG - NWY""]",True,"[""builds"", ""centers"", ""homes"", ""name"", ""retreats"", ""units""]"
cicero_g013_p001_RUSSIA,13,data/cicero_redacted_games/game_436958_RUSSIA_AEGIT.json,root,1,F1901M,RUSSIA,13,18,"AUSTRIA,ENGLAND,TURKEY",3,4,"[""F BOT - SWE"", ""A WAR - UKR"", ""F SEV - BLA"", ""A UKR - RUM""]",True,"[""builds"", ""centers"", ""homes"", ""name"", ""retreats"", ""units""]"
cicero_g013_p001_TURKEY,13,data/cicero_redacted_games/game_436958_RUSSIA_AEGIT.json,root,1,F1901M,TURKEY,7,6,RUSSIA,1,3,"[""F ANK - BLA"", ""A SMY - ARM"", ""A BUL - RUM""]",True,"[""builds"", ""centers"", ""homes"", ""name"", ""retreats"", ""units""]"
cicero_g013_p003_AUSTRIA,13,data/cicero_redacted_games/game_436958_RUSSIA_AEGIT.json,root,3,S1902M,AUSTRIA,3,4,RUSSIA,1,4,"[""A VIE S A BUD - TRI"", ""F GRE - BUL/SC"", ""A BUD - TRI"", ""A SER S A BUD - TRI""]",True,"[""builds"", ""centers"", ""homes"", ""name"", ""retreats"", ""units""]"
cicero_g013_p003_ENGLAND,13,data/cicero_redacted_games/game_436958_RUSSIA_AEGIT.json,root,3,S1902M,ENGLAND,6,5,RUSSIA,1,4,"[""A LON - HOL VIA"", ""F NTH C A LON - HOL"", ""A BEL S A LON - HOL"", ""F NWY S F BOT - SWE""]",True,"[""builds"", ""centers"", ""homes"", ""name"", ""retreats"", ""units""]"
cicero_g013_p003_GERMANY,13,data/cicero_redacted_games/game_436958_RUSSIA_AEGIT.json,root,3,S1902M,GERMANY,1,3,RUSSIA,1,6,"[""F DEN - SWE"", ""A HOL H"", ""A KIE - BER"", ""A PAR S A BEL - PIC"", ""A MUN - SIL"", ""F BER - BAL""]",True,"[""builds"", ""centers"", ""homes"", ""name"", ""retreats"", ""units""]"
cicero_g013_p003_RUSSIA,13,data/cicero_redacted_games/game_436958_RUSSIA_AEGIT.json,root,3,S1902M,RUSSIA,15,10,"AUSTRIA,ENGLAND,GERMANY,ITALY,TURKEY",5,4,"[""F BOT - SWE"", ""A WAR - MOS"", ""F SEV - BLA"", ""A UKR - RUM""]",True,"[""builds"", ""centers"", ""homes"", ""name"", ""retreats"", ""units""]"
cicero_g013_p005_AUSTRIA,13,data/cicero_redacted_games/game_436958_RUSSIA_AEGIT.json,root,5,F1902M,AUSTRIA,4,5,RUSSIA,1,4,"[""A VIE S A TRI"", ""A TRI H"", ""F GRE S F CON - AEG"", ""A SER S F GRE""]",True,"[""builds"", ""centers"", ""homes"", ""name"", ""retreats"", ""units""]"
cicero_g013_p005_ENGLAND,13,data/cicero_redacted_games/game_436958_RUSSIA_AEGIT.json,root,5,F1902M,ENGLAND,5,3,RUSSIA,1,4,"[""F NTH - DEN"", ""A BEL - RUH"", ""A HOL S A BEL - RUH"", ""F NWY S F SWE""]",True,"[""builds"", ""centers"", ""homes"", ""name"", ""retreats"", ""units""]"
cicero_g013_p005_GERMANY,13,data/cicero_redacted_games/game_436958_RUSSIA_AEGIT.json,root,5,F1902M,GERMANY,2,2,RUSSIA,1,6,"[""F DEN - HEL"", ""F BAL - DEN"", ""A KIE - RUH"", ""A PAR - PIC"", ""A BER - KIE"", ""A SIL - MUN""]",True,"[""builds"", ""centers"", ""homes"", ""name"", ""retreats"", ""units""]"
cicero_g013_p005_ITALY,13,data/cicero_redacted_games/game_436958_RUSSIA_AEGIT.json,root,5,F1902M,ITALY,2,3,RUSSIA,1,4,"[""F TYS - ION"", ""F ION - GRE"", ""A VEN H"", ""A ALB S F ION - GRE""]",True,"[""builds"", ""centers"", ""homes"", ""name"", ""retreats"", ""units""]"
cicero_g013_p005_RUSSIA,13,data/cicero_redacted_games/game_436958_RUSSIA_AEGIT.json,root,5,F1902M,RUSSIA,18,19,"AUSTRIA,ENGLAND,GERMANY,ITALY,TURKEY",5,4,"[""F SWE H"", ""A MOS S F SEV"", ""F SEV S A UKR - RUM"", ""A UKR - RUM""]",True,"[""builds"", ""centers"", ""homes"", ""name"", ""retreats"", ""units""]"
cicero_g013_p005_TURKEY,13,data/cicero_redacted_games/game_436958_RUSSIA_AEGIT.json,root,5,F1902M,TURKEY,6,5,RUSSIA,1,4,"[""A ARM - SEV"", ""F BLA S A ARM - SEV"", ""A BUL - RUM"", ""F CON - AEG""]",True,"[""builds"", ""centers"", ""homes"", ""name"", ""retreats"", ""units""]"
cicero_g013_p007_AUSTRIA,13,data/cicero_redacted_games/game_436958_RUSSIA_AEGIT.json,root,7,S1903M,AUSTRIA,4,4,RUSSIA,1,5,"[""A VIE - TRI"", ""A TRI - ALB"", ""F GRE - BUL/SC"", ""A BUD S A UKR - RUM"", ""A SER S F GRE - BUL""]",True,"[""builds"", ""centers"", ""homes"", ""name"", ""retreats"", ""units""]"
cicero_g013_p007_ENGLAND,13,data/cicero_redacted_games/game_436958_RUSSIA_AEGIT.json,root,7,S1903M,ENGLAND,10,6,RUSSIA,1,5,"[""A LON H"", ""F NTH S F SWE - DEN"", ""A HOL S A RUH"", ""F NWY - SKA"", ""A RUH S A HOL""]",True,"[""builds"", ""centers"", ""homes"", ""name"", ""retreats"", ""units""]"
cicero_g013_p007_RUSSIA,13,data/cicero_redacted_games/game_436958_RUSSIA_AEGIT.json,root,7,S1903M,RUSSIA,13,17,"AUSTRIA,ENGLAND,TURKEY",3,5,"[""F SWE - DEN"", ""A MOS S F SEV"", ""A WAR - GAL"", ""F SEV S A UKR - RUM"", ""A UKR - RUM""]",True,"[""builds"", ""centers"", ""homes"", ""name"", ""retreats"", ""units""]"
cicero_g013_p007_TURKEY,13,data/cicero_redacted_games/game_436958_RUSSIA_AEGIT.json,root,7,S1903M,TURKEY,3,3,RUSSIA,1,4,"[""A ARM - SEV"", ""F BLA S A BUL - RUM"", ""F AEG S F GRE"", ""A BUL - RUM""]",True,"[""builds"", ""centers"", ""homes"", ""name"", ""retreats"", ""units""]"
cicero_g013_p009_ENGLAND,13,data/cicero_redacted_games/game_436958_RUSSIA_AEGIT.json,root,9,F1903M,ENGLAND,6,4,RUSSIA,1,5,"[""A LON - WAL"", ""F NTH - ENG"", ""A HOL - BEL"", ""F SKA - NTH"", ""A RUH - BUR""]",True,"[""builds"", ""centers"", ""homes"", ""name"", ""retreats"", ""units""]"
cicero_g013_p009_GERMANY,13,data/cicero_redacted_games/game_436958_RUSSIA_AEGIT.json,root,9,F1903M,GERMANY,4,1,RUSSIA,1,4,"[""F HEL - DEN"", ""A KIE S F HEL - DEN"", ""A MUN S A RUH - BUR"", ""A BER S A KIE""]",True,"[""builds"", ""centers"", ""homes"", ""name"", ""retreats"", ""units""]"
cicero_g013_p009_RUSSIA,13,data/cicero_redacted_games/game_436958_RUSSIA_AEGIT.json,root,9,F1903M,RUSSIA,9,20,"AUSTRIA,ENGLAND,GERMANY,TURKEY",4,5,"[""F SWE - NWY"", ""A MOS S F SEV"", ""F SEV S A UKR - RUM"", ""A UKR - RUM"", ""A GAL - VIE""]",True,"[""builds"", ""centers"", ""homes"", ""name"", ""retreats"", ""units""]"
cicero_g013_p009_TURKEY,13,data/cicero_redacted_games/game_436958_RUSSIA_AEGIT.json,root,9,F1903M,TURKEY,4,4,RUSSIA,1,4,"[""A ARM - SEV"", ""F BLA S A CON - BUL"", ""F AEG S A CON - BUL"", ""A CON - BUL""]",True,"[""builds"", ""centers"", ""homes"", ""name"", ""retreats"", ""units""]"
cicero_g013_p012_AUSTRIA,13,data/cicero_redacted_games/game_436958_RUSSIA_AEGIT.json,root,12,S1904M,AUSTRIA,4,6,RUSSIA,1,5,"[""A VIE - BOH"", ""A TRI S A BUD"", ""A GRE S A SER"", ""A BUD S A BUL - RUM"", ""A SER S A GRE""]",True,"[""builds"", ""centers"", ""homes"", ""name"", ""retreats"", ""units""]"
cicero_g013_p012_ENGLAND,13,data/cicero_redacted_games/game_436958_RUSSIA_AEGIT.json,root,12,S1904M,ENGLAND,8,4,RUSSIA,1,4,"[""F NTH S A HOL - BEL"", ""A WAL - LVP"", ""F ENG S A HOL - BEL"", ""A HOL - BEL""]",True,"[""builds"", ""centers"", ""homes"", ""name"", ""retreats"", ""units""]"
cicero_g013_p012_RUSSIA,13,data/cicero_redacted_games/game_436958_RUSSIA_AEGIT.json,root,12,S1904M,RUSSIA,15,16,"AUSTRIA,ENGLAND,TURKEY",3,7,"[""F NWY - SWE"", ""F STP/NC - NWY"", ""A MOS S F SEV"", ""A WAR - GAL"", ""F SEV S A RUM"", ""A GAL - BUD"", ""A RUM S A GAL - BUD""]",True,"[""builds"", ""centers"", ""homes"", ""name"", ""retreats"", ""units""]"
cicero_g013_p012_TURKEY,13,data/cicero_redacted_games/game_436958_RUSSIA_AEGIT.json,root,12,S1904M,TURKEY,4,5,RUSSIA,1,4,"[""A ARM - SEV"", ""F BLA S A BUL - RUM"", ""F AEG - BUL/SC"", ""A BUL - RUM""]",True,"[""builds"", ""centers"", ""homes"", ""name"", ""retreats"", ""units""]"
cicero_g013_p014_AUSTRIA,13,data/cicero_redacted_games/game_436958_RUSSIA_AEGIT.json,root,14,F1904M,AUSTRIA,8,4,RUSSIA,1,5,"[""A BOH - GAL"", ""A TRI - VIE"", ""A GRE S F BUL"", ""A BUD S A BOH - GAL"", ""A SER S A RUM""]",True,"[""builds"", ""centers"", ""homes"", ""name"", ""retreats"", ""units""]"
cicero_g013_p014_ENGLAND,13,data/cicero_redacted_games/game_436958_RUSSIA_AEGIT.json,root,14,F1904M,ENGLAND,7,5,RUSSIA,1,4,"[""A LVP - YOR"", ""F NTH - NWG"", ""F ENG - NTH"", ""A BEL H""]",True,"[""builds"", ""centers"", ""homes"", ""name"", ""retreats"", ""units""]"
cicero_g013_p014_RUSSIA,13,data/cicero_redacted_games/game_436958_RUSSIA_AEGIT.json,root,14,F1904M,RUSSIA,9,15,"AUSTRIA,ENGLAND",2,7,"[""F NWY - NWG"", ""F SWE - NWY"", ""A MOS S F SEV"", ""A WAR - GAL"", ""F SEV S A GAL - RUM"", ""A UKR S F SEV"", ""A GAL - RUM""]",True,"[""builds"", ""centers"", ""homes"", ""name"", ""retreats"", ""units""]"
cicero_g013_p017_ENGLAND,13,data/cicero_redacted_games/game_436958_RUSSIA_AEGIT.json,root,17,S1905M,ENGLAND,7,3,RUSSIA,1,4,"[""A YOR H"", ""F NTH - SKA"", ""F ENG - NTH"", ""A BEL S A HOL""]",True,"[""builds"", ""centers"", ""homes"", ""name"", ""retreats"", ""units""]"
cicero_g013_p017_RUSSIA,13,data/cicero_redacted_games/game_436958_RUSSIA_AEGIT.json,root,17,S1905M,RUSSIA,3,7,ENGLAND,1,6,"[""F NWY - SKA"", ""F SWE - SKA"", ""A MOS S F SEV"", ""A WAR - GAL"", ""F SEV S A UKR - RUM"", ""A UKR - RUM""]",True,"[""builds"", ""centers"", ""homes"", ""name"", ""retreats"", ""units""]"
cicero_g013_p019_ENGLAND,13,data/cicero_redacted_games/game_436958_RUSSIA_AEGIT.json,root,19,F1905M,ENGLAND,12,3,RUSSIA,1,4,"[""A YOR H"", ""F NTH S F SKA - NWY"", ""A BEL S A RUH - BUR"", ""F SKA - NWY""]",True,"[""builds"", ""centers"", ""homes"", ""name"", ""retreats"", ""units""]"
cicero_g013_p019_RUSSIA,13,data/cicero_redacted_games/game_436958_RUSSIA_AEGIT.json,root,19,F1905M,RUSSIA,3,12,ENGLAND,1,5,"[""F NWY - NTH"", ""F SWE - SKA"", ""A MOS - SEV"", ""A WAR - GAL"", ""A UKR - RUM""]",True,"[""builds"", ""centers"", ""homes"", ""name"", ""retreats"", ""units""]"
cicero_g013_p022_AUSTRIA,13,data/cicero_redacted_games/game_436958_RUSSIA_AEGIT.json,root,22,S1906M,AUSTRIA,8,6,RUSSIA,1,5,"[""A GAL S A BUD - RUM"", ""A VIE H"", ""A TRI - SER"", ""A GRE S A TRI - SER"", ""A BUD - RUM""]",True,"[""builds"", ""centers"", ""homes"", ""name"", ""retreats"", ""units""]"
cicero_g013_p022_ENGLAND,13,data/cicero_redacted_games/game_436958_RUSSIA_AEGIT.json,root,22,S1906M,ENGLAND,3,1,RUSSIA,1,5,"[""A YOR - EDI"", ""F LON - NTH"", ""F NTH - NWG"", ""A BEL - RUH"", ""F NWY S F NTH - NWG""]",True,"[""builds"", ""centers"", ""homes"", ""name"", ""retreats"", ""units""]"
cicero_g013_p022_RUSSIA,13,data/cicero_redacted_games/game_436958_RUSSIA_AEGIT.json,root,22,S1906M,RUSSIA,7,11,"AUSTRIA,ENGLAND",2,3,"[""F NWG S F SWE - NWY"", ""A MOS - STP"", ""A WAR - MOS""]",True,"[""builds"", ""centers"", ""homes"", ""name"", ""retreats"", ""units""]"
cicero_g013_p024_AUSTRIA,13,data/cicero_redacted_games/game_436958_RUSSIA_AEGIT.json,root,24,F1906M,AUSTRIA,4,2,RUSSIA,1,5,"[""A GAL S A BUD - RUM"", ""A VIE - TYR"", ""A GRE H"", ""A BUD - RUM"", ""A SER S A BUD - RUM""]",True,"[""builds"", ""centers"", ""homes"", ""name"", ""retreats"", ""units""]"
cicero_g013_p024_ENGLAND,13,data/cicero_redacted_games/game_436958_RUSSIA_AEGIT.json,root,24,F1906M,ENGLAND,7,1,RUSSIA,1,5,"[""A EDI - YOR"", ""F NTH S A BEL - HOL"", ""F NWG S F NWY"", ""A BEL - HOL"", ""F NWY H""]",True,"[""builds"", ""centers"", ""homes"", ""name"", ""retreats"", ""units""]"
cicero_g013_p024_GERMANY,13,data/cicero_redacted_games/game_436958_RUSSIA_AEGIT.json,root,24,F1906M,GERMANY,1,3,RUSSIA,1,6,"[""A DEN S F BOT - SWE"", ""A HOL S A RUH"", ""A RUH S A HOL"", ""A MUN S A RUH"", ""A BER S A MUN"", ""F BOT - SWE""]",True,"[""builds"", ""centers"", ""homes"", ""name"", ""retreats"", ""units""]"
cicero_g013_p024_RUSSIA,13,data/cicero_redacted_games/game_436958_RUSSIA_AEGIT.json,root,24,F1906M,RUSSIA,6,12,"AUSTRIA,ENGLAND,GERMANY",3,3,"[""F BAR - NWY"", ""A STP S F BAR - NWY"", ""A MOS - WAR""]",True,"[""builds"", ""centers"", ""homes"", ""name"", ""retreats"", ""units""]"
cicero_g013_p027_AUSTRIA,13,data/cicero_redacted_games/game_436958_RUSSIA_AEGIT.json,root,27,S1907M,AUSTRIA,5,2,RUSSIA,1,6,"[""A GAL S A WAR - UKR"", ""A VIE - TYR"", ""A RUM S A WAR - UKR"", ""A GRE - BUL"", ""A BUD S A RUM"", ""A SER S A GRE - BUL""]",True,"[""builds"", ""centers"", ""homes"", ""name"", ""retreats"", ""units""]"
cicero_g013_p027_ENGLAND,13,data/cicero_redacted_games/game_436958_RUSSIA_AEGIT.json,root,27,S1907M,ENGLAND,12,5,RUSSIA,1,5,"[""A YOR - LON"", ""F NTH S F NWG - NWY"", ""F NWG - NWY"", ""A HOL - KIE"", ""F NWY - SKA""]",True,"[""builds"", ""centers"", ""homes"", ""name"", ""retreats"", ""units""]"
cicero_g013_p027_GERMANY,13,data/cicero_redacted_games/game_436958_RUSSIA_AEGIT.json,root,27,S1907M,GERMANY,2,2,RUSSIA,1,5,"[""A DEN H"", ""A RUH S A MUN"", ""A KIE S A RUH"", ""F SWE S F BAR - NWY"", ""A MUN S A RUH""]",True,"[""builds"", ""centers"", ""homes"", ""name"", ""retreats"", ""units""]"
cicero_g013_p027_RUSSIA,13,data/cicero_redacted_games/game_436958_RUSSIA_AEGIT.json,root,27,S1907M,RUSSIA,9,19,"AUSTRIA,ENGLAND,GERMANY",3,3,"[""F BAR - NWY"", ""A STP S F BAR - NWY"", ""A WAR - MOS""]",True,"[""builds"", ""centers"", ""homes"", ""name"", ""retreats"", ""units""]"
cicero_g013_p029_ENGLAND,13,data/cicero_redacted_games/game_436958_RUSSIA_AEGIT.json,root,29,F1907M,ENGLAND,6,3,RUSSIA,1,5,"[""A LON H"", ""F NTH S F NWG - NWY"", ""F NWG - NWY"", ""A HOL S A BUR - RUH"", ""F SKA S F NWG - NWY""]",True,"[""builds"", ""centers"", ""homes"", ""name"", ""retreats"", ""units""]"
cicero_g013_p029_GERMANY,13,data/cicero_redacted_games/game_436958_RUSSIA_AEGIT.json,root,29,F1907M,GERMANY,1,1,RUSSIA,1,5,"[""A DEN S F SWE"", ""A RUH S A MUN"", ""A KIE S A MUN"", ""F SWE S F NWY"", ""A MUN S A RUH""]",True,"[""builds"", ""centers"", ""homes"", ""name"", ""retreats"", ""units""]"
cicero_g013_p029_RUSSIA,13,data/cicero_redacted_games/game_436958_RUSSIA_AEGIT.json,root,29,F1907M,RUSSIA,4,7,"ENGLAND,GERMANY",2,3,"[""F NWY S F SWE"", ""A STP S F NWY"", ""A WAR - MOS""]",True,"[""builds"", ""centers"", ""homes"", ""name"", ""retreats"", ""units""]"
cicero_g013_p032_AUSTRIA,13,data/cicero_redacted_games/game_436958_RUSSIA_AEGIT.json,root,32,S1908M,AUSTRIA,2,2,RUSSIA,1,4,"[""A VIE S A ALB - TRI"", ""A ALB - TRI"", ""A GRE - SER"", ""A BUD S A ALB - TRI""]",True,"[""builds"", ""centers"", ""homes"", ""name"", ""retreats"", ""units""]"
cicero_g013_p032_GERMANY,13,data/cicero_redacted_games/game_436958_RUSSIA_AEGIT.json,root,32,S1908M,GERMANY,1,1,RUSSIA,1,5,"[""A DEN - SWE"", ""A KIE S A MUN"", ""F SWE - BOT"", ""A MUN S A KIE"", ""A BER S A MUN""]",True,"[""builds"", ""centers"", ""homes"", ""name"", ""retreats"", ""units""]"
cicero_g013_p032_ITALY,13,data/cicero_redacted_games/game_436958_RUSSIA_AEGIT.json,root,32,S1908M,ITALY,1,1,RUSSIA,1,6,"[""F TYS - TUN"", ""A NAP H"", ""F ROM - TYS"", ""A VEN S A TRI"", ""A TRI H"", ""F SMY - CON""]",True,"[""builds"", ""centers"", ""homes"", ""name"", ""retreats"", ""units""]"
cicero_g013_p032_RUSSIA,13,data/cicero_redacted_games/game_436958_RUSSIA_AEGIT.json,root,32,S1908M,RUSSIA,5,4,"AUSTRIA,ENGLAND,GERMANY,ITALY",4,4,"[""F NWY S F SWE"", ""A STP - FIN"", ""A MOS - SEV"", ""A WAR - UKR""]",True,"[""builds"", ""centers"", ""homes"", ""name"", ""retreats"", ""units""]"
cicero_g014_p000_ITALY,14,data/cicero_redacted_games/game_437495_RUSSIA_IT.json,root,0,S1901M,ITALY,7,6,RUSSIA,1,3,"[""F NAP - ION"", ""A ROM - APU"", ""A VEN H""]",True,"[""builds"", ""centers"", ""homes"", ""name"", ""retreats"", ""units""]"
cicero_g014_p000_RUSSIA,14,data/cicero_redacted_games/game_437495_RUSSIA_IT.json,root,0,S1901M,RUSSIA,13,13,"ITALY,TURKEY",2,4,"[""F STP/SC - BOT"", ""A MOS - UKR"", ""A WAR - GAL"", ""F SEV - BLA""]",True,"[""builds"", ""centers"", ""homes"", ""name"", ""retreats"", ""units""]"
cicero_g014_p000_TURKEY,14,data/cicero_redacted_games/game_437495_RUSSIA_IT.json,root,0,S1901M,TURKEY,6,7,RUSSIA,1,3,"[""F ANK - BLA"", ""A SMY - CON"", ""A CON - BUL""]",True,"[""builds"", ""centers"", ""homes"", ""name"", ""retreats"", ""units""]"
cicero_g014_p001_ITALY,14,data/cicero_redacted_games/game_437495_RUSSIA_IT.json,root,1,F1901M,ITALY,7,9,RUSSIA,1,3,"[""F ION - TUN"", ""A VEN - TYR"", ""A APU - VEN""]",True,"[""builds"", ""centers"", ""homes"", ""name"", ""retreats"", ""units""]"
cicero_g014_p001_RUSSIA,14,data/cicero_redacted_games/game_437495_RUSSIA_IT.json,root,1,F1901M,RUSSIA,14,12,"ITALY,TURKEY",2,4,"[""F BOT - SWE"", ""A WAR - GAL"", ""F SEV S A UKR - RUM"", ""A UKR - RUM""]",True,"[""builds"", ""centers"", ""homes"", ""name"", ""retreats"", ""units""]"
cicero_g014_p001_TURKEY,14,data/cicero_redacted_games/game_437495_RUSSIA_IT.json,root,1,F1901M,TURKEY,5,5,RUSSIA,1,3,"[""F ANK - CON"", ""A BUL - SER"", ""A CON - BUL""]",True,"[""builds"", ""centers"", ""homes"", ""name"", ""retreats"", ""units""]"
cicero_g014_p004_ITALY,14,data/cicero_redacted_games/game_437495_RUSSIA_IT.json,root,4,S1902M,ITALY,7,3,RUSSIA,1,4,"[""F TUN - TYS"", ""A TYR - PIE"", ""F NAP - ION"", ""A VEN - PIE""]",True,"[""builds"", ""centers"", ""homes"", ""name"", ""retreats"", ""units""]"
cicero_g014_p004_RUSSIA,14,data/cicero_redacted_games/game_437495_RUSSIA_IT.json,root,4,S1902M,RUSSIA,11,15,"ITALY,TURKEY",2,6,"[""F SWE S F STP/NC - NWY"", ""F STP/NC - NWY"", ""A MOS - STP"", ""F SEV - RUM"", ""A GAL S A RUM - BUD"", ""A RUM - BUD""]",True,"[""builds"", ""centers"", ""homes"", ""name"", ""retreats"", ""units""]"
cicero_g014_p004_TURKEY,14,data/cicero_redacted_games/game_437495_RUSSIA_IT.json,root,4,S1902M,TURKEY,8,8,RUSSIA,1,5,"[""A SER S A RUM - BUD"", ""A ANK - CON"", ""F SMY S F CON - AEG"", ""A BUL S A SER"", ""F CON - AEG""]",True,"[""builds"", ""centers"", ""homes"", ""name"", ""retreats"", ""units""]"
cicero_g014_p005_ITALY,14,data/cicero_redacted_games/game_437495_RUSSIA_IT.json,root,5,F1902M,ITALY,7,4,RUSSIA,1,4,"[""F TYS - ION"", ""A TYR - TRI"", ""F ION - EAS"", ""A VEN S A TYR - TRI""]",True,"[""builds"", ""centers"", ""homes"", ""name"", ""retreats"", ""units""]"
cicero_g014_p005_RUSSIA,14,data/cicero_redacted_games/game_437495_RUSSIA_IT.json,root,5,F1902M,RUSSIA,5,11,"ITALY,TURKEY",2,6,"[""F SWE S F STP/NC - NWY"", ""F STP/NC - NWY"", ""A MOS - STP"", ""F SEV - RUM"", ""A GAL S A RUM - BUD"", ""A RUM - BUD""]",True,"[""builds"", ""centers"", ""homes"", ""name"", ""retreats"", ""units""]"
cicero_g014_p005_TURKEY,14,data/cicero_redacted_games/game_437495_RUSSIA_IT.json,root,5,F1902M,TURKEY,4,1,RUSSIA,1,5,"[""F AEG C A CON - GRE"", ""A SER S A CON - GRE"", ""F SMY - EAS"", ""A BUL S A CON - GRE"", ""A CON - GRE VIA""]",True,"[""builds"", ""centers"", ""homes"", ""name"", ""retreats"", ""units""]"
cicero_g014_p008_ITALY,14,data/cicero_redacted_games/game_437495_RUSSIA_IT.json,root,8,S1903M,ITALY,4,4,RUSSIA,1,5,"[""F TYS - LYO"", ""F ION S A TRI - ALB"", ""F NAP - TYS"", ""A VEN - PIE"", ""A TRI - ALB""]",True,"[""builds"", ""centers"", ""homes"", ""name"", ""retreats"", ""units""]"
cicero_g014_p008_RUSSIA,14,data/cicero_redacted_games/game_437495_RUSSIA_IT.json,root,8,S1903M,RUSSIA,10,10,"ITALY,TURKEY",2,7,"[""F NWY - SWE"", ""F SWE - BAL"", ""A STP - NWY"", ""A WAR - SIL"", ""F SEV - RUM"", ""A GAL S A RUM - BUD"", ""A RUM - BUD""]",True,"[""builds"", ""centers"", ""homes"", ""name"", ""retreats"", ""units""]"
cicero_g014_p008_TURKEY,14,data/cicero_redacted_games/game_437495_RUSSIA_IT.json,root,8,S1903M,TURKEY,6,6,RUSSIA,1,6,"[""F AEG H"", ""A GRE S A SER"", ""A SER S A BUL - RUM"", ""F SMY - CON"", ""A BUL - RUM"", ""F CON - BLA""]",True,"[""builds"", ""centers"", ""homes"", ""name"", ""retreats"", ""units""]"
cicero_g014_p010_ITALY,14,data/cicero_redacted_games/game_437495_RUSSIA_IT.json,root,10,F1903M,ITALY,5,3,RUSSIA,1,5,"[""F LYO - SPA/SC"", ""F TYS - WES"", ""F ION - GRE"", ""A VEN - TYR"", ""A ALB - SER""]",True,"[""builds"", ""centers"", ""homes"", ""name"", ""retreats"", ""units""]"
cicero_g014_p010_RUSSIA,14,data/cicero_redacted_games/game_437495_RUSSIA_IT.json,root,10,F1903M,RUSSIA,7,8,"ITALY,TURKEY",2,7,"[""A NWY H"", ""F BAL S F SWE - DEN"", ""F SWE - DEN"", ""A SIL - BER"", ""F SEV H"", ""A UKR S F SEV"", ""A GAL - SIL""]",True,"[""builds"", ""centers"", ""homes"", ""name"", ""retreats"", ""units""]"
cicero_g014_p010_TURKEY,14,data/cicero_redacted_games/game_437495_RUSSIA_IT.json,root,10,F1903M,TURKEY,3,4,RUSSIA,1,6,"[""F BLA S A RUM"", ""A RUM S A SER"", ""F AEG S A GRE"", ""A GRE S A SER"", ""A SER S A RUM"", ""F CON - SMY""]",True,"[""builds"", ""centers"", ""homes"", ""name"", ""retreats"", ""units""]"
cicero_g014_p012_ITALY,14,data/cicero_redacted_games/game_437495_RUSSIA_IT.json,root,12,S1904M,ITALY,4,5,RUSSIA,1,5,"[""F SPA/SC S F WES - MAO"", ""F WES - MAO"", ""A TYR - VEN"", ""F ION - EAS"", ""A ALB - SER""]",True,"[""builds"", ""centers"", ""homes"", ""name"", ""retreats"", ""units""]"
cicero_g014_p012_RUSSIA,14,data/cicero_redacted_games/game_437495_RUSSIA_IT.json,root,12,S1904M,RUSSIA,5,4,ITALY,1,7,"[""A NWY H"", ""F BAL - KIE"", ""F SWE - DEN"", ""A BER S F BAL - KIE"", ""A SIL - MUN"", ""F SEV S A UKR - RUM"", ""A UKR - RUM""]",True,"[""builds"", ""centers"", ""homes"", ""name"", ""retreats"", ""units""]"
cicero_g014_p017_ITALY,14,data/cicero_redacted_games/game_437495_RUSSIA_IT.json,root,17,S1905M,ITALY,1,3,RUSSIA,1,5,"[""F MAO S F POR - SPA"", ""F POR - SPA/SC"", ""F ION - TYS"", ""A ROM - VEN"", ""A SER - BUD""]",True,"[""builds"", ""centers"", ""homes"", ""name"", ""retreats"", ""units""]"
cicero_g014_p017_RUSSIA,14,data/cicero_redacted_games/game_437495_RUSSIA_IT.json,root,17,S1905M,RUSSIA,3,1,ITALY,1,8,"[""A NWY - SWE"", ""F KIE - HEL"", ""F SWE - SKA"", ""F STP/NC - NWY"", ""A MUN S A BER - KIE"", ""A BER - KIE"", ""A MOS - SEV"", ""A WAR - UKR""]",True,"[""builds"", ""centers"", ""homes"", ""name"", ""retreats"", ""units""]"
cicero_g014_p022_ITALY,14,data/cicero_redacted_games/game_437495_RUSSIA_IT.json,root,22,S1906M,ITALY,4,6,RUSSIA,1,5,"[""F ENG - NTH"", ""F SPA/SC H"", ""F WES S F SPA"", ""A ROM - VEN"", ""A ALB - TRI""]",True,"[""builds"", ""centers"", ""homes"", ""name"", ""retreats"", ""units""]"
cicero_g014_p022_RUSSIA,14,data/cicero_redacted_games/game_437495_RUSSIA_IT.json,root,22,S1906M,RUSSIA,11,9,"ITALY,TURKEY",2,9,"[""F NTH C A DEN - YOR"", ""A DEN - YOR VIA"", ""F HOL - BEL"", ""F NWY - NWG"", ""A KIE - RUH"", ""A STP - MOS"", ""A MUN - SIL"", ""A MOS - UKR"", ""A WAR S A MOS - UKR""]",True,"[""builds"", ""centers"", ""homes"", ""name"", ""retreats"", ""units""]"
cicero_g014_p022_TURKEY,14,data/cicero_redacted_games/game_437495_RUSSIA_IT.json,root,22,S1906M,TURKEY,5,5,RUSSIA,1,8,"[""A SEV S A UKR"", ""A UKR S A CON - RUM"", ""F ION - TYS"", ""F BLA C A CON - RUM"", ""A RUM - GAL"", ""F APU S A ROM - VEN"", ""A SER S A ALB - TRI"", ""A CON - RUM VIA""]",True,"[""builds"", ""centers"", ""homes"", ""name"", ""retreats"", ""units""]"
cicero_g015_p000_ENGLAND,15,data/cicero_redacted_games/game_437697_ENGLAND_GR.json,root,0,S1901M,ENGLAND,4,4,"GERMANY,RUSSIA",2,3,"[""F EDI - NWG"", ""F LON - NTH"", ""A LVP - YOR""]",True,"[""builds"", ""centers"", ""homes"", ""name"", ""retreats"", ""units""]"
cicero_g015_p000_GERMANY,15,data/cicero_redacted_games/game_437697_ENGLAND_GR.json,root,0,S1901M,GERMANY,2,1,ENGLAND,1,3,"[""F KIE - DEN"", ""A MUN - RUH"", ""A BER - KIE""]",True,"[""builds"", ""centers"", ""homes"", ""name"", ""retreats"", ""units""]"
cicero_g015_p000_RUSSIA,15,data/cicero_redacted_games/game_437697_ENGLAND_GR.json,root,0,S1901M,RUSSIA,2,3,ENGLAND,1,4,"[""F STP/SC - BOT"", ""A MOS - SEV"", ""A WAR - UKR"", ""F SEV - BLA""]",True,"[""builds"", ""centers"", ""homes"", ""name"", ""retreats"", ""units""]"
cicero_g015_p001_ENGLAND,15,data/cicero_redacted_games/game_437697_ENGLAND_GR.json,root,1,F1901M,ENGLAND,4,6,"GERMANY,RUSSIA",2,3,"[""A YOR - HOL VIA"", ""F NTH C A YOR - HOL"", ""F NWG - NWY""]",True,"[""builds"", ""centers"", ""homes"", ""name"", ""retreats"", ""units""]"
cicero_g015_p001_GERMANY,15,data/cicero_redacted_games/game_437697_ENGLAND_GR.json,root,1,F1901M,GERMANY,6,3,ENGLAND,1,3,"[""F DEN H"", ""A RUH - MUN"", ""A KIE - HOL""]",True,"[""builds"", ""centers"", ""homes"", ""name"", ""retreats"", ""units""]"
cicero_g015_p003_ENGLAND,15,data/cicero_redacted_games/game_437697_ENGLAND_GR.json,root,3,S1902M,ENGLAND,6,9,"GERMANY,RUSSIA",2,4,"[""A YOR - HOL VIA"", ""F EDI - NWG"", ""F NTH C A YOR - HOL"", ""F NWY - SKA""]",True,"[""builds"", ""centers"", ""homes"", ""name"", ""retreats"", ""units""]"
cicero_g015_p003_GERMANY,15,data/cicero_redacted_games/game_437697_ENGLAND_GR.json,root,3,S1902M,GERMANY,8,4,ENGLAND,1,4,"[""F DEN - NTH"", ""A KIE S A MUN - RUH"", ""A MUN - RUH"", ""A BER - MUN""]",True,"[""builds"", ""centers"", ""homes"", ""name"", ""retreats"", ""units""]"
cicero_g015_p003_RUSSIA,15,data/cicero_redacted_games/game_437697_ENGLAND_GR.json,root,3,S1902M,RUSSIA,1,2,ENGLAND,1,6,"[""F SWE S F STP/NC - NWY"", ""F STP/NC - NWY"", ""A WAR S A UKR - GAL"", ""A UKR - GAL"", ""F BLA S A RUM"", ""A RUM S A UKR - GAL""]",True,"[""builds"", ""centers"", ""homes"", ""name"", ""retreats"", ""units""]"
cicero_g015_p005_ENGLAND,15,data/cicero_redacted_games/game_437697_ENGLAND_GR.json,root,5,F1902M,ENGLAND,5,3,"GERMANY,RUSSIA",2,4,"[""F NTH - NWY"", ""F NWG S F NTH - NWY"", ""A HOL S A BUR - RUH"", ""F SKA - SWE""]",True,"[""builds"", ""centers"", ""homes"", ""name"", ""retreats"", ""units""]"
cicero_g015_p005_GERMANY,15,data/cicero_redacted_games/game_437697_ENGLAND_GR.json,root,5,F1902M,GERMANY,3,4,ENGLAND,1,4,"[""F DEN - NTH"", ""A RUH - HOL"", ""A KIE S A RUH - HOL"", ""A MUN - BUR""]",True,"[""builds"", ""centers"", ""homes"", ""name"", ""retreats"", ""units""]"
cicero_g015_p008_ENGLAND,15,data/cicero_redacted_games/game_437697_ENGLAND_GR.json,root,8,S1903M,ENGLAND,3,5,GERMANY,1,4,"[""F LON - NTH"", ""F NWG - NWY"", ""F NWY - SWE"", ""F SKA S F NWY - SWE""]",True,"[""builds"", ""centers"", ""homes"", ""name"", ""retreats"", ""units""]"
cicero_g015_p008_GERMANY,15,data/cicero_redacted_games/game_437697_ENGLAND_GR.json,root,8,S1903M,GERMANY,5,3,ENGLAND,1,5,"[""F NTH C A HOL - YOR"", ""A HOL - YOR VIA"", ""A BUR - BEL"", ""A KIE - HOL"", ""A MUN - RUH""]",True,"[""builds"", ""centers"", ""homes"", ""name"", ""retreats"", ""units""]"
cicero_g015_p013_ENGLAND,15,data/cicero_redacted_games/game_437697_ENGLAND_GR.json,root,13,S1904M,ENGLAND,5,3,GERMANY,1,4,"[""F NTH S F SWE - DEN"", ""F NWG - CLY"", ""F NWY - SWE"", ""F SWE - DEN""]",True,"[""builds"", ""centers"", ""homes"", ""name"", ""retreats"", ""units""]"
cicero_g015_p013_GERMANY,15,data/cicero_redacted_games/game_437697_ENGLAND_GR.json,root,13,S1904M,GERMANY,3,5,ENGLAND,1,5,"[""A LVP - YOR"", ""F DEN - NTH"", ""A BUR S A MUN - RUH"", ""A KIE S A MUN - RUH"", ""A MUN - RUH""]",True,"[""builds"", ""centers"", ""homes"", ""name"", ""retreats"", ""units""]"
cicero_g015_p024_ENGLAND,15,data/cicero_redacted_games/game_437697_ENGLAND_GR.json,root,24,F1906M,ENGLAND,4,4,RUSSIA,1,2,"[""F YOR - LON"", ""F CLY - LVP""]",True,"[""builds"", ""centers"", ""homes"", ""name"", ""retreats"", ""units""]"
cicero_g015_p024_RUSSIA,15,data/cicero_redacted_games/game_437697_ENGLAND_GR.json,root,24,F1906M,RUSSIA,4,4,ENGLAND,1,6,"[""F NWG - NAO"", ""F NWY H"", ""A BOH S A GAL - VIE"", ""A SEV - RUM"", ""A UKR - GAL"", ""A GAL - VIE""]",True,"[""builds"", ""centers"", ""homes"", ""name"", ""retreats"", ""units""]"
cicero_g015_p027_ENGLAND,15,data/cicero_redacted_games/game_437697_ENGLAND_GR.json,root,27,S1907M,ENGLAND,1,1,RUSSIA,1,1,"[""F YOR - LON""]",True,"[""builds"", ""centers"", ""homes"", ""name"", ""retreats"", ""units""]"
cicero_g015_p027_RUSSIA,15,data/cicero_redacted_games/game_437697_ENGLAND_GR.json,root,27,S1907M,RUSSIA,1,1,ENGLAND,1,7,"[""F NAO - LVP"", ""F NWY H"", ""A MOS - STP"", ""A BOH S A GAL - VIE"", ""A UKR - GAL"", ""A GAL - VIE"", ""A RUM S A UKR - GAL""]",True,"[""builds"", ""centers"", ""homes"", ""name"", ""retreats"", ""units""]"
cicero_g015_p029_ENGLAND,15,data/cicero_redacted_games/game_437697_ENGLAND_GR.json,root,29,F1907M,ENGLAND,5,3,RUSSIA,1,1,"[""F YOR - EDI""]",True,"[""builds"", ""centers"", ""homes"", ""name"", ""retreats"", ""units""]"
cicero_g015_p029_RUSSIA,15,data/cicero_redacted_games/game_437697_ENGLAND_GR.json,root,29,F1907M,RUSSIA,3,5,ENGLAND,1,7,"[""F NAO - LVP"", ""F NWY - NWG"", ""A STP - NWY"", ""A BOH S A VIE - TYR"", ""A GAL - BUD"", ""A VIE - TYR"", ""A RUM S A BUL - SER""]",True,"[""builds"", ""centers"", ""homes"", ""name"", ""retreats"", ""units""]"
cicero_g016_p000_ENGLAND,16,data/cicero_redacted_games/game_437765_ITALY_EFR.json,root,0,S1901M,ENGLAND,1,1,ITALY,1,3,"[""F EDI - NTH"", ""F LON - ENG"", ""A LVP - WAL""]",True,"[""builds"", ""centers"", ""homes"", ""name"", ""retreats"", ""units""]"
cicero_g016_p000_FRANCE,16,data/cicero_redacted_games/game_437765_ITALY_EFR.json,root,0,S1901M,FRANCE,2,2,ITALY,1,3,"[""F BRE - MAO"", ""A PAR - PIC"", ""A MAR - GAS""]",True,"[""builds"", ""centers"", ""homes"", ""name"", ""retreats"", ""units""]"
cicero_g016_p000_ITALY,16,data/cicero_redacted_games/game_437765_ITALY_EFR.json,root,0,S1901M,ITALY,5,4,"ENGLAND,FRANCE,RUSSIA",3,3,"[""F NAP - ION"", ""A ROM - APU"", ""A VEN H""]",True,"[""builds"", ""centers"", ""homes"", ""name"", ""retreats"", ""units""]"
cicero_g016_p000_RUSSIA,16,data/cicero_redacted_games/game_437765_ITALY_EFR.json,root,0,S1901M,RUSSIA,1,2,ITALY,1,4,"[""F STP/SC - BOT"", ""A MOS - SEV"", ""A WAR - UKR"", ""F SEV - ARM""]",True,"[""builds"", ""centers"", ""homes"", ""name"", ""retreats"", ""units""]"
cicero_g016_p001_ENGLAND,16,data/cicero_redacted_games/game_437765_ITALY_EFR.json,root,1,F1901M,ENGLAND,3,3,ITALY,1,3,"[""F NTH - NWY"", ""A WAL - BEL VIA"", ""F ENG C A WAL - BEL""]",True,"[""builds"", ""centers"", ""homes"", ""name"", ""retreats"", ""units""]"
cicero_g016_p001_ITALY,16,data/cicero_redacted_games/game_437765_ITALY_EFR.json,root,1,F1901M,ITALY,7,7,"ENGLAND,RUSSIA",2,3,"[""F ION C A APU - GRE"", ""A VEN H"", ""A APU - GRE VIA""]",True,"[""builds"", ""centers"", ""homes"", ""name"", ""retreats"", ""units""]"
cicero_g016_p001_RUSSIA,16,data/cicero_redacted_games/game_437765_ITALY_EFR.json,root,1,F1901M,RUSSIA,4,4,ITALY,1,4,"[""F BOT - SWE"", ""A SEV S A UKR - RUM"", ""A UKR - RUM"", ""F ARM - ANK""]",True,"[""builds"", ""centers"", ""homes"", ""name"", ""retreats"", ""units""]"
cicero_g016_p003_FRANCE,16,data/cicero_redacted_games/game_437765_ITALY_EFR.json,root,3,S1902M,FRANCE,7,5,ITALY,1,5,"[""F BRE S F POR - MAO"", ""A PIC S A PAR - BUR"", ""A PAR - BUR"", ""F POR - MAO"", ""A SPA - GAS""]",True,"[""builds"", ""centers"", ""homes"", ""name"", ""retreats"", ""units""]"
cicero_g016_p003_ITALY,16,data/cicero_redacted_games/game_437765_ITALY_EFR.json,root,3,S1902M,ITALY,8,9,"ENGLAND,FRANCE,RUSSIA",3,4,"[""F ION - AEG"", ""F NAP - TYS"", ""A VEN H"", ""A GRE S A SER - BUL""]",True,"[""builds"", ""centers"", ""homes"", ""name"", ""retreats"", ""units""]"
cicero_g016_p003_RUSSIA,16,data/cicero_redacted_games/game_437765_ITALY_EFR.json,root,3,S1902M,RUSSIA,2,2,ITALY,1,6,"[""F SWE H"", ""F STP/SC - BOT"", ""A MOS - WAR"", ""A SEV - UKR"", ""F ARM - SEV"", ""A RUM H""]",True,"[""builds"", ""centers"", ""homes"", ""name"", ""retreats"", ""units""]"
cicero_g016_p004_ENGLAND,16,data/cicero_redacted_games/game_437765_ITALY_EFR.json,root,4,F1902M,ENGLAND,3,4,ITALY,1,4,"[""A YOR H"", ""F NTH S F SKA - DEN"", ""F ENG S A BUR - BEL"", ""F SKA - DEN""]",True,"[""builds"", ""centers"", ""homes"", ""name"", ""retreats"", ""units""]"
cicero_g016_p004_FRANCE,16,data/cicero_redacted_games/game_437765_ITALY_EFR.json,root,4,F1902M,FRANCE,2,4,ITALY,1,5,"[""F BRE H"", ""F MAO H"", ""A PIC S A BUR - BEL"", ""A BUR - BEL"", ""A GAS - BUR""]",True,"[""builds"", ""centers"", ""homes"", ""name"", ""retreats"", ""units""]"
cicero_g016_p004_ITALY,16,data/cicero_redacted_games/game_437765_ITALY_EFR.json,root,4,F1902M,ITALY,12,9,"ENGLAND,FRANCE,RUSSIA",3,4,"[""F TYS - TUN"", ""A VEN H"", ""F AEG - CON"", ""A GRE S A SER - BUL""]",True,"[""builds"", ""centers"", ""homes"", ""name"", ""retreats"", ""units""]"
cicero_g016_p004_RUSSIA,16,data/cicero_redacted_games/game_437765_ITALY_EFR.json,root,4,F1902M,RUSSIA,4,4,ITALY,1,6,"[""F SWE S F BOT - BAL"", ""F BOT - BAL"", ""A WAR - SIL"", ""F SEV S A RUM"", ""A UKR S F SEV"", ""A RUM S A SER - BUL""]",True,"[""builds"", ""centers"", ""homes"", ""name"", ""retreats"", ""units""]"
cicero_g016_p007_FRANCE,16,data/cicero_redacted_games/game_437765_ITALY_EFR.json,root,7,S1903M,FRANCE,3,3,ITALY,1,6,"[""A BEL S A BUR - RUH"", ""F BRE - MAO"", ""F MAO - SPA/NC"", ""A PIC S A BEL"", ""A BUR - RUH"", ""A PAR - BUR""]",True,"[""builds"", ""centers"", ""homes"", ""name"", ""retreats"", ""units""]"
cicero_g016_p007_ITALY,16,data/cicero_redacted_games/game_437765_ITALY_EFR.json,root,7,S1903M,ITALY,7,5,"FRANCE,RUSSIA",2,5,"[""F TUN - ION"", ""F NAP - APU"", ""A VEN S F TRI"", ""F AEG C A GRE - SMY"", ""A GRE - SMY VIA""]",True,"[""builds"", ""centers"", ""homes"", ""name"", ""retreats"", ""units""]"
cicero_g016_p007_RUSSIA,16,data/cicero_redacted_games/game_437765_ITALY_EFR.json,root,7,S1903M,RUSSIA,2,4,ITALY,1,6,"[""F BAL - BER"", ""F SWE S F SKA - DEN"", ""A WAR - GAL"", ""F SEV S A RUM"", ""A UKR S F SEV"", ""A RUM H""]",True,"[""builds"", ""centers"", ""homes"", ""name"", ""retreats"", ""units""]"
cicero_g016_p009_ITALY,16,data/cicero_redacted_games/game_437765_ITALY_EFR.json,root,9,F1903M,ITALY,4,2,RUSSIA,1,5,"[""F ION - EAS"", ""A VEN S F TRI"", ""F AEG - CON"", ""F APU - ION"", ""A GRE H""]",True,"[""builds"", ""centers"", ""homes"", ""name"", ""retreats"", ""units""]"
cicero_g016_p009_RUSSIA,16,data/cicero_redacted_games/game_437765_ITALY_EFR.json,root,9,F1903M,RUSSIA,2,4,ITALY,1,6,"[""F BAL H"", ""F SWE - NWY"", ""F SEV S A RUM"", ""A UKR S A RUM"", ""A GAL - BUD"", ""A RUM H""]",True,"[""builds"", ""centers"", ""homes"", ""name"", ""retreats"", ""units""]"
cicero_g016_p012_FRANCE,16,data/cicero_redacted_games/game_437765_ITALY_EFR.json,root,12,S1904M,FRANCE,2,1,ITALY,1,7,"[""A HOL S A RUH"", ""F MAO - BRE"", ""A PIC - BEL"", ""A BUR S A RUH"", ""A RUH S F DEN - KIE"", ""F GAS - BRE"", ""A PAR - PIC""]",True,"[""builds"", ""centers"", ""homes"", ""name"", ""retreats"", ""units""]"
cicero_g016_p012_ITALY,16,data/cicero_redacted_games/game_437765_ITALY_EFR.json,root,12,S1904M,ITALY,1,2,FRANCE,1,5,"[""F ION H"", ""A VEN S F TRI"", ""F AEG C A GRE - SMY"", ""F EAS S A GRE - SMY"", ""A GRE - SMY VIA""]",True,"[""builds"", ""centers"", ""homes"", ""name"", ""retreats"", ""units""]"
cicero_g016_p014_FRANCE,16,data/cicero_redacted_games/game_437765_ITALY_EFR.json,root,14,F1904M,FRANCE,1,1,ITALY,1,6,"[""F MAO - NAO"", ""A PIC S A RUH - BEL"", ""A BUR S A RUH - BEL"", ""A RUH - BEL"", ""F GAS - MAO"", ""A PAR - BRE""]",True,"[""builds"", ""centers"", ""homes"", ""name"", ""retreats"", ""units""]"
cicero_g016_p014_ITALY,16,data/cicero_redacted_games/game_437765_ITALY_EFR.json,root,14,F1904M,ITALY,3,3,"FRANCE,RUSSIA",2,5,"[""F ION - GRE"", ""A VEN S F TRI"", ""F AEG - CON"", ""F EAS S A SMY"", ""A SMY S F AEG - CON""]",True,"[""builds"", ""centers"", ""homes"", ""name"", ""retreats"", ""units""]"
cicero_g016_p014_RUSSIA,16,data/cicero_redacted_games/game_437765_ITALY_EFR.json,root,14,F1904M,RUSSIA,2,2,ITALY,1,6,"[""F BAL S A SIL - BER"", ""F STP/NC H"", ""A SIL - BER"", ""F SEV S A RUM"", ""A UKR S F SEV"", ""A RUM H""]",True,"[""builds"", ""centers"", ""homes"", ""name"", ""retreats"", ""units""]"
cicero_g016_p017_ITALY,16,data/cicero_redacted_games/game_437765_ITALY_EFR.json,root,17,S1905M,ITALY,1,2,RUSSIA,1,7,"[""F NAP - ION"", ""A ROM - APU"", ""A VEN S F TRI"", ""F EAS - AEG"", ""F GRE H"", ""A SMY - ANK"", ""F CON S A SMY - ANK""]",True,"[""builds"", ""centers"", ""homes"", ""name"", ""retreats"", ""units""]"
cicero_g016_p017_RUSSIA,16,data/cicero_redacted_games/game_437765_ITALY_EFR.json,root,17,S1905M,RUSSIA,2,1,ITALY,1,6,"[""F BAL S A SIL - BER"", ""F STP/NC H"", ""A SIL - BER"", ""F SEV S A RUM"", ""A UKR S A RUM"", ""A RUM H""]",True,"[""builds"", ""centers"", ""homes"", ""name"", ""retreats"", ""units""]"
cicero_g016_p019_ITALY,16,data/cicero_redacted_games/game_437765_ITALY_EFR.json,root,19,F1905M,ITALY,4,5,RUSSIA,1,7,"[""F ION C A APU - BUL"", ""A VEN S F TRI"", ""F AEG C A APU - BUL"", ""A APU - BUL VIA"", ""F GRE S A APU - BUL"", ""A ANK S F CON"", ""F CON S A APU - BUL""]",True,"[""builds"", ""centers"", ""homes"", ""name"", ""retreats"", ""units""]"
cicero_g016_p019_RUSSIA,16,data/cicero_redacted_games/game_437765_ITALY_EFR.json,root,19,F1905M,RUSSIA,5,4,ITALY,1,6,"[""F STP/NC H"", ""F BOT S F STP"", ""A SIL H"", ""F SEV S A UKR - RUM"", ""A UKR - GAL"", ""A RUM - BUL""]",True,"[""builds"", ""centers"", ""homes"", ""name"", ""retreats"", ""units""]"
cicero_g016_p022_FRANCE,16,data/cicero_redacted_games/game_437765_ITALY_EFR.json,root,22,S1906M,FRANCE,10,2,ITALY,1,7,"[""F LVP S F MAO - IRI"", ""A BEL S A BUR - RUH"", ""A BRE H"", ""F MAO - IRI"", ""A PIC - BUR"", ""A BUR - RUH"", ""F MAR - SPA/SC""]",True,"[""builds"", ""centers"", ""homes"", ""name"", ""retreats"", ""units""]"
cicero_g016_p022_ITALY,16,data/cicero_redacted_games/game_437765_ITALY_EFR.json,root,22,S1906M,ITALY,2,10,FRANCE,1,8,"[""F ION C A APU - GRE"", ""A ROM - VEN"", ""A VEN - TYR"", ""F AEG S A APU - GRE"", ""A APU - GRE VIA"", ""F GRE - ALB"", ""A ANK - ARM"", ""F CON - BLA""]",True,"[""builds"", ""centers"", ""homes"", ""name"", ""retreats"", ""units""]"
cicero_g016_p024_ITALY,16,data/cicero_redacted_games/game_437765_ITALY_EFR.json,root,24,F1906M,ITALY,5,6,RUSSIA,1,8,"[""A TYR - TRI"", ""F ION - ADR"", ""A VEN S A TYR - TRI"", ""A ARM - SEV"", ""F AEG S F CON - BUL"", ""F ALB S A TYR - TRI"", ""A GRE - SER"", ""F CON - BUL/EC""]",True,"[""builds"", ""centers"", ""homes"", ""name"", ""retreats"", ""units""]"
cicero_g016_p024_RUSSIA,16,data/cicero_redacted_games/game_437765_ITALY_EFR.json,root,24,F1906M,RUSSIA,6,5,ITALY,1,4,"[""A WAR S A UKR - MOS"", ""F SEV S A RUM"", ""A UKR - MOS"", ""A RUM S F SEV""]",True,"[""builds"", ""centers"", ""homes"", ""name"", ""retreats"", ""units""]"
cicero_g016_p027_ITALY,16,data/cicero_redacted_games/game_437765_ITALY_EFR.json,root,27,S1907M,ITALY,4,6,RUSSIA,1,10,"[""F NAP - TYS"", ""A ROM - VEN"", ""A VEN - TYR"", ""A TRI S A GRE - SER"", ""A ARM - SEV"", ""F ADR S A TRI"", ""F AEG - CON"", ""F ALB - ION"", ""A GRE - SER"", ""F BUL/EC - BLA""]",True,"[""builds"", ""centers"", ""homes"", ""name"", ""retreats"", ""units""]"
cicero_g016_p027_RUSSIA,16,data/cicero_redacted_games/game_437765_ITALY_EFR.json,root,27,S1907M,RUSSIA,6,4,ITALY,1,4,"[""A MOS S A WAR"", ""A WAR S A MOS"", ""F SEV S A RUM"", ""A RUM S F SEV""]",True,"[""builds"", ""centers"", ""homes"", ""name"", ""retreats"", ""units""]"
cicero_g016_p028_ITALY,16,data/cicero_redacted_games/game_437765_ITALY_EFR.json,root,28,F1907M,ITALY,4,5,RUSSIA,1,10,"[""F TYS - TUN"", ""A TYR - VIE"", ""F ION S F TYS - TUN"", ""A VEN - TRI"", ""A TRI - SER"", ""A ARM - SEV"", ""F BLA S F CON - BUL"", ""F ADR S A VEN - TRI"", ""A GRE S A TRI - SER"", ""F CON - BUL/EC""]",True,"[""builds"", ""centers"", ""homes"", ""name"", ""retreats"", ""units""]"
cicero_g016_p028_RUSSIA,16,data/cicero_redacted_games/game_437765_ITALY_EFR.json,root,28,F1907M,RUSSIA,5,4,ITALY,1,4,"[""A MOS S F SEV"", ""A WAR S A MOS"", ""F SEV S A RUM"", ""A RUM S F SEV""]",True,"[""builds"", ""centers"", ""homes"", ""name"", ""retreats"", ""units""]"
cicero_g016_p031_FRANCE,16,data/cicero_redacted_games/game_437765_ITALY_EFR.json,root,31,S1908M,FRANCE,7,3,ITALY,1,8,"[""F LVP H"", ""F IRI S F NAF - MAO"", ""A BEL S A HOL"", ""A HOL S F HEL - KIE"", ""A BUR S A RUH - MUN"", ""A RUH - MUN"", ""F NAF - MAO"", ""F TYS - ROM""]",True,"[""builds"", ""centers"", ""homes"", ""name"", ""retreats"", ""units""]"
cicero_g016_p031_ITALY,16,data/cicero_redacted_games/game_437765_ITALY_EFR.json,root,31,S1908M,ITALY,7,11,"ENGLAND,FRANCE,RUSSIA",3,10,"[""F WES - SPA/SC"", ""A TYR - VIE"", ""F ION - TYS"", ""A TRI S A TYR - VIE"", ""A ARM - SEV"", ""F BLA S F BUL/EC - RUM"", ""F ADR - ION"", ""A GRE - BUL"", ""A SER - BUD"", ""F BUL/EC - RUM""]",True,"[""builds"", ""centers"", ""homes"", ""name"", ""retreats"", ""units""]"
cicero_g016_p031_RUSSIA,16,data/cicero_redacted_games/game_437765_ITALY_EFR.json,root,31,S1908M,RUSSIA,4,3,ITALY,1,4,"[""A MOS S F SEV"", ""A WAR - GAL"", ""F SEV S A RUM"", ""A RUM S F SEV""]",True,"[""builds"", ""centers"", ""homes"", ""name"", ""retreats"", ""units""]"
cicero_g017_p000_ENGLAND,17,data/cicero_redacted_games/game_438141_FRANCE_EGR.json,root,0,S1901M,ENGLAND,1,2,FRANCE,1,3,"[""F EDI - NWG"", ""F LON - NTH"", ""A LVP - YOR""]",True,"[""builds"", ""centers"", ""homes"", ""name"", ""retreats"", ""units""]"
cicero_g017_p000_FRANCE,17,data/cicero_redacted_games/game_438141_FRANCE_EGR.json,root,0,S1901M,FRANCE,8,7,"ENGLAND,GERMANY,RUSSIA",3,3,"[""F BRE - ENG"", ""A PAR - PIC"", ""A MAR - BUR""]",True,"[""builds"", ""centers"", ""homes"", ""name"", ""retreats"", ""units""]"
cicero_g017_p000_GERMANY,17,data/cicero_redacted_games/game_438141_FRANCE_EGR.json,root,0,S1901M,GERMANY,5,4,FRANCE,1,3,"[""F KIE - DEN"", ""A MUN - BUR"", ""A BER - KIE""]",True,"[""builds"", ""centers"", ""homes"", ""name"", ""retreats"", ""units""]"
cicero_g017_p000_RUSSIA,17,data/cicero_redacted_games/game_438141_FRANCE_EGR.json,root,0,S1901M,RUSSIA,1,2,FRANCE,1,4,"[""F STP/SC - BOT"", ""A MOS - UKR"", ""A WAR - GAL"", ""F SEV - BLA""]",True,"[""builds"", ""centers"", ""homes"", ""name"", ""retreats"", ""units""]"
cicero_g017_p001_ENGLAND,17,data/cicero_redacted_games/game_438141_FRANCE_EGR.json,root,1,F1901M,ENGLAND,6,6,FRANCE,1,3,"[""A YOR - LON"", ""F NTH - BEL"", ""F NWG - NWY""]",True,"[""builds"", ""centers"", ""homes"", ""name"", ""retreats"", ""units""]"
cicero_g017_p001_FRANCE,17,data/cicero_redacted_games/game_438141_FRANCE_EGR.json,root,1,F1901M,FRANCE,20,22,"ENGLAND,GERMANY,RUSSIA",3,3,"[""F ENG S F DEN - NTH"", ""A PIC - BEL"", ""A MAR - SPA""]",True,"[""builds"", ""centers"", ""homes"", ""name"", ""retreats"", ""units""]"
cicero_g017_p001_GERMANY,17,data/cicero_redacted_games/game_438141_FRANCE_EGR.json,root,1,F1901M,GERMANY,13,10,FRANCE,1,3,"[""F DEN H"", ""A KIE - HOL"", ""A MUN - RUH""]",True,"[""builds"", ""centers"", ""homes"", ""name"", ""retreats"", ""units""]"
cicero_g017_p001_RUSSIA,17,data/cicero_redacted_games/game_438141_FRANCE_EGR.json,root,1,F1901M,RUSSIA,3,4,FRANCE,1,4,"[""F BOT - SWE"", ""F SEV S A UKR - RUM"", ""A UKR - RUM"", ""A GAL - VIE""]",True,"[""builds"", ""centers"", ""homes"", ""name"", ""retreats"", ""units""]"
cicero_g017_p003_ENGLAND,17,data/cicero_redacted_games/game_438141_FRANCE_EGR.json,root,3,S1902M,ENGLAND,1,3,FRANCE,1,4,"[""A LON H"", ""F LVP - IRI"", ""F NTH H"", ""F NWY S F NTH""]",True,"[""builds"", ""centers"", ""homes"", ""name"", ""retreats"", ""units""]"
cicero_g017_p003_FRANCE,17,data/cicero_redacted_games/game_438141_FRANCE_EGR.json,root,3,S1902M,FRANCE,6,5,"ENGLAND,GERMANY",2,4,"[""F ENG C A PIC - WAL"", ""F BRE - MAO"", ""A PIC - WAL VIA"", ""A SPA H""]",True,"[""builds"", ""centers"", ""homes"", ""name"", ""retreats"", ""units""]"
cicero_g017_p003_GERMANY,17,data/cicero_redacted_games/game_438141_FRANCE_EGR.json,root,3,S1902M,GERMANY,4,3,FRANCE,1,5,"[""F DEN - NTH"", ""A HOL S A RUH - BEL"", ""A RUH - BEL"", ""F KIE - HEL"", ""A BER H""]",True,"[""builds"", ""centers"", ""homes"", ""name"", ""retreats"", ""units""]"
cicero_g017_p005_ENGLAND,17,data/cicero_redacted_games/game_438141_FRANCE_EGR.json,root,5,F1902M,ENGLAND,9,3,FRANCE,1,4,"[""A LON H"", ""F NTH S A LON"", ""F IRI - LVP"", ""F BAR - STP/NC""]",True,"[""builds"", ""centers"", ""homes"", ""name"", ""retreats"", ""units""]"
cicero_g017_p005_FRANCE,17,data/cicero_redacted_games/game_438141_FRANCE_EGR.json,root,5,F1902M,FRANCE,12,18,"ENGLAND,GERMANY,RUSSIA",3,4,"[""A WAL S F ENG - LON"", ""F ENG - LON"", ""F MAO - IRI"", ""A SPA - POR""]",True,"[""builds"", ""centers"", ""homes"", ""name"", ""retreats"", ""units""]"
cicero_g017_p005_GERMANY,17,data/cicero_redacted_games/game_438141_FRANCE_EGR.json,root,5,F1902M,GERMANY,2,3,FRANCE,1,5,"[""A BEL S A HOL"", ""F DEN S F HEL - NTH"", ""F HEL - NTH"", ""A HOL S A BEL"", ""A BER - MUN""]",True,"[""builds"", ""centers"", ""homes"", ""name"", ""retreats"", ""units""]"
cicero_g017_p005_RUSSIA,17,data/cicero_redacted_games/game_438141_FRANCE_EGR.json,root,5,F1902M,RUSSIA,7,6,FRANCE,1,7,"[""F NWY S F HEL - NTH"", ""F SWE S F NWY"", ""A BOH S A GAL - VIE"", ""F SEV S A UKR - RUM"", ""A UKR - RUM"", ""A GAL - VIE"", ""A RUM - BUD""]",True,"[""builds"", ""centers"", ""homes"", ""name"", ""retreats"", ""units""]"
cicero_g017_p008_ENGLAND,17,data/cicero_redacted_games/game_438141_FRANCE_EGR.json,root,8,S1903M,ENGLAND,6,5,FRANCE,1,3,"[""F LVP H"", ""F NWG - EDI"", ""F STP/NC H""]",True,"[""builds"", ""centers"", ""homes"", ""name"", ""retreats"", ""units""]"
cicero_g017_p008_FRANCE,17,data/cicero_redacted_games/game_438141_FRANCE_EGR.json,root,8,S1903M,FRANCE,6,7,"ENGLAND,RUSSIA",2,6,"[""F LON - NTH"", ""A WAL - LVP"", ""F IRI S A WAL - LVP"", ""F BRE - ENG"", ""A POR H"", ""F MAR - SPA/SC""]",True,"[""builds"", ""centers"", ""homes"", ""name"", ""retreats"", ""units""]"
cicero_g017_p008_RUSSIA,17,data/cicero_redacted_games/game_438141_FRANCE_EGR.json,root,8,S1903M,RUSSIA,1,1,FRANCE,1,7,"[""F NWY H"", ""F SWE S F NWY"", ""A BOH - VIE"", ""F SEV S A RUM"", ""A UKR - GAL"", ""A VIE - BUD"", ""A RUM S A BUL - SER""]",True,"[""builds"", ""centers"", ""homes"", ""name"", ""retreats"", ""units""]"
cicero_g017_p010_ENGLAND,17,data/cicero_redacted_games/game_438141_FRANCE_EGR.json,root,10,F1903M,ENGLAND,2,3,FRANCE,1,3,"[""F CLY - EDI"", ""F NWG - NWY"", ""F STP/NC S F NWG - NWY""]",True,"[""builds"", ""centers"", ""homes"", ""name"", ""retreats"", ""units""]"
cicero_g017_p010_FRANCE,17,data/cicero_redacted_games/game_438141_FRANCE_EGR.json,root,10,F1903M,FRANCE,3,2,ENGLAND,1,6,"[""F LON - NTH"", ""A LVP S F CLY - EDI"", ""F ENG - BRE"", ""F IRI - ENG"", ""A POR - SPA"", ""F SPA/SC - MAR""]",True,"[""builds"", ""centers"", ""homes"", ""name"", ""retreats"", ""units""]"
cicero_g017_p013_ENGLAND,17,data/cicero_redacted_games/game_438141_FRANCE_EGR.json,root,13,S1904M,ENGLAND,1,2,FRANCE,1,2,"[""F EDI S F LON - NTH"", ""F STP/NC H""]",True,"[""builds"", ""centers"", ""homes"", ""name"", ""retreats"", ""units""]"
cicero_g017_p013_FRANCE,17,data/cicero_redacted_games/game_438141_FRANCE_EGR.json,root,13,S1904M,FRANCE,6,7,"ENGLAND,RUSSIA",2,6,"[""F LON - NTH"", ""A LVP - YOR"", ""F ENG S F LON - NTH"", ""F IRI - MAO"", ""A SPA - GAS"", ""F MAR H""]",True,"[""builds"", ""centers"", ""homes"", ""name"", ""retreats"", ""units""]"
cicero_g017_p013_RUSSIA,17,data/cicero_redacted_games/game_438141_FRANCE_EGR.json,root,13,S1904M,RUSSIA,6,4,FRANCE,1,8,"[""F NWY S A MOS - STP"", ""F SWE S F NWY"", ""A MOS - STP"", ""A BOH S A VIE - TYR"", ""F SEV - BLA"", ""A VIE - TYR"", ""A RUM - BUL"", ""A BUD - SER""]",True,"[""builds"", ""centers"", ""homes"", ""name"", ""retreats"", ""units""]"
cicero_g017_p015_FRANCE,17,data/cicero_redacted_games/game_438141_FRANCE_EGR.json,root,15,F1904M,FRANCE,3,2,RUSSIA,1,6,"[""A YOR S F NTH - EDI"", ""F NTH - EDI"", ""F ENG S F MAO - BRE"", ""F MAO - BRE"", ""A GAS - PAR"", ""F MAR - SPA/SC""]",True,"[""builds"", ""centers"", ""homes"", ""name"", ""retreats"", ""units""]"
cicero_g017_p015_RUSSIA,17,data/cicero_redacted_games/game_438141_FRANCE_EGR.json,root,15,F1904M,RUSSIA,2,3,FRANCE,1,8,"[""F NWY S A STP"", ""F SWE S F NWY"", ""A STP S F NWY"", ""A BOH S A TYR - MUN"", ""A TYR - MUN"", ""F BLA - ANK"", ""A BUD - RUM"", ""A BUL - RUM""]",True,"[""builds"", ""centers"", ""homes"", ""name"", ""retreats"", ""units""]"
cicero_g017_p018_FRANCE,17,data/cicero_redacted_games/game_438141_FRANCE_EGR.json,root,18,S1905M,FRANCE,5,8,"GERMANY,RUSSIA",2,7,"[""A YOR - LON"", ""F EDI S F ENG - NTH"", ""F ENG - NTH"", ""F BRE - PIC"", ""A GAS - PAR"", ""F SPA/SC - MAO"", ""A MAR - BUR""]",True,"[""builds"", ""centers"", ""homes"", ""name"", ""retreats"", ""units""]"
cicero_g017_p018_GERMANY,17,data/cicero_redacted_games/game_438141_FRANCE_EGR.json,root,18,S1905M,GERMANY,5,3,FRANCE,1,6,"[""F NTH S F DEN - SKA"", ""F NWG - NWY"", ""F DEN - SKA"", ""A PIC - BEL"", ""A BUR - RUH"", ""A BER - MUN""]",True,"[""builds"", ""centers"", ""homes"", ""name"", ""retreats"", ""units""]"
cicero_g017_p018_RUSSIA,17,data/cicero_redacted_games/game_438141_FRANCE_EGR.json,root,18,S1905M,RUSSIA,3,2,FRANCE,1,10,"[""F NWY S F ENG - NTH"", ""F SWE S F NWY"", ""A STP - MOS"", ""A MUN - BER"", ""A MOS - UKR"", ""A BOH - VIE"", ""A WAR - GAL"", ""A BUD S A WAR - GAL"", ""F ANK S A BUL - CON"", ""A BUL - CON""]",True,"[""builds"", ""centers"", ""homes"", ""name"", ""retreats"", ""units""]"
cicero_g017_p020_FRANCE,17,data/cicero_redacted_games/game_438141_FRANCE_EGR.json,root,20,F1905M,FRANCE,3,10,"GERMANY,RUSSIA",2,7,"[""F EDI S F NTH"", ""A LON - HOL VIA"", ""F NTH C A LON - HOL"", ""F MAO - SPA/SC"", ""F PIC - BEL"", ""A BUR S F PIC - BEL"", ""A PAR S A BUR""]",True,"[""builds"", ""centers"", ""homes"", ""name"", ""retreats"", ""units""]"
cicero_g017_p020_GERMANY,17,data/cicero_redacted_games/game_438141_FRANCE_EGR.json,root,20,F1905M,GERMANY,8,1,FRANCE,1,6,"[""F NWG - NWY"", ""A BEL H"", ""F DEN - SWE"", ""F SKA S F DEN - SWE"", ""A RUH - MUN"", ""A BER S A RUH - MUN""]",True,"[""builds"", ""centers"", ""homes"", ""name"", ""retreats"", ""units""]"
cicero_g017_p020_RUSSIA,17,data/cicero_redacted_games/game_438141_FRANCE_EGR.json,root,20,F1905M,RUSSIA,2,2,FRANCE,1,10,"[""F NWY - SKA"", ""F SWE S F NWY - SKA"", ""A STP - MOS"", ""A MUN - BER"", ""A MOS - UKR"", ""A GAL - RUM"", ""A VIE - TRI"", ""A BUD S A GAL - RUM"", ""F ANK S A CON"", ""A CON S A RUM - BUL""]",True,"[""builds"", ""centers"", ""homes"", ""name"", ""retreats"", ""units""]"
cicero_g017_p023_FRANCE,17,data/cicero_redacted_games/game_438141_FRANCE_EGR.json,root,23,S1906M,FRANCE,4,9,"GERMANY,RUSSIA",2,9,"[""F EDI - NWG"", ""F NTH - HEL"", ""F BEL - NTH"", ""A HOL S A BUR - RUH"", ""F BRE - ENG"", ""A BUR - RUH"", ""A PAR - PIC"", ""F SPA/SC - MAO"", ""A MAR - BUR""]",True,"[""builds"", ""centers"", ""homes"", ""name"", ""retreats"", ""units""]"
cicero_g017_p023_GERMANY,17,data/cicero_redacted_games/game_438141_FRANCE_EGR.json,root,23,S1906M,GERMANY,2,1,FRANCE,1,3,"[""F SKA - DEN"", ""A RUH - KIE"", ""A MUN S A RUH - KIE""]",True,"[""builds"", ""centers"", ""homes"", ""name"", ""retreats"", ""units""]"
cicero_g017_p023_RUSSIA,17,data/cicero_redacted_games/game_438141_FRANCE_EGR.json,root,23,S1906M,RUSSIA,7,3,FRANCE,1,11,"[""F NWY S F SWE"", ""A KIE - DEN"", ""F SWE S A KIE - DEN"", ""A STP - FIN"", ""A MOS - SEV"", ""A UKR S A MOS - SEV"", ""A VIE S A BUD"", ""A RUM S A CON - BUL"", ""A BUD S A RUM"", ""F ANK - BLA"", ""A CON - BUL""]",True,"[""builds"", ""centers"", ""homes"", ""name"", ""retreats"", ""units""]"
cicero_g017_p025_FRANCE,17,data/cicero_redacted_games/game_438141_FRANCE_EGR.json,root,25,F1906M,FRANCE,1,1,GERMANY,1,9,"[""F NTH - NWG"", ""F NWG - BAR"", ""F ENG - NTH"", ""F HEL S A HOL - KIE"", ""A HOL - KIE"", ""F MAO - ENG"", ""A PIC - BUR"", ""A BUR - MUN"", ""A RUH S A BUR - MUN""]",True,"[""builds"", ""centers"", ""homes"", ""name"", ""retreats"", ""units""]"
cicero_g017_p025_GERMANY,17,data/cicero_redacted_games/game_438141_FRANCE_EGR.json,root,25,F1906M,GERMANY,1,1,FRANCE,1,3,"[""F SKA S A DEN"", ""A KIE S A MUN"", ""A MUN S A KIE""]",True,"[""builds"", ""centers"", ""homes"", ""name"", ""retreats"", ""units""]"
cicero_g017_p028_FRANCE,17,data/cicero_redacted_games/game_438141_FRANCE_EGR.json,root,28,S1907M,FRANCE,1,1,RUSSIA,1,11,"[""F NTH - SKA"", ""F NWG - NWY"", ""F ENG - NTH"", ""F HEL - DEN"", ""A HOL - KIE"", ""F BAR - STP/NC"", ""F BRE - MAO"", ""A BUR - MUN"", ""A RUH S A HOL - KIE"", ""F MAR - SPA/SC"", ""A MUN - BER""]",True,"[""builds"", ""centers"", ""homes"", ""name"", ""retreats"", ""units""]"
cicero_g017_p028_RUSSIA,17,data/cicero_redacted_games/game_438141_FRANCE_EGR.json,root,28,S1907M,RUSSIA,1,1,FRANCE,1,10,"[""A DEN S A KIE"", ""F NWY H"", ""F SWE S A DEN"", ""A FIN S F NWY"", ""A STP S F NWY"", ""A SEV - RUM"", ""A UKR - WAR"", ""A VIE - TYR"", ""A RUM - SER"", ""A BUD S A RUM - SER""]",True,"[""builds"", ""centers"", ""homes"", ""name"", ""retreats"", ""units""]"
cicero_g018_p000_ENGLAND,18,data/cicero_redacted_games/game_439643_ENGLAND_T.json,root,0,S1901M,ENGLAND,2,1,TURKEY,1,3,"[""F EDI - NWG"", ""F LON - NTH"", ""A LVP - EDI""]",True,"[""builds"", ""centers"", ""homes"", ""name"", ""retreats"", ""units""]"
cicero_g018_p000_TURKEY,18,data/cicero_redacted_games/game_439643_ENGLAND_T.json,root,0,S1901M,TURKEY,1,2,ENGLAND,1,3,"[""F ANK - BLA"", ""A SMY - ANK"", ""A CON - BUL""]",True,"[""builds"", ""centers"", ""homes"", ""name"", ""retreats"", ""units""]"
cicero_g018_p001_ENGLAND,18,data/cicero_redacted_games/game_439643_ENGLAND_T.json,root,1,F1901M,ENGLAND,1,1,TURKEY,1,3,"[""A EDI - LON VIA"", ""F NTH C A EDI - LON"", ""F NWG - NWY""]",True,"[""builds"", ""centers"", ""homes"", ""name"", ""retreats"", ""units""]"
cicero_g018_p001_TURKEY,18,data/cicero_redacted_games/game_439643_ENGLAND_T.json,root,1,F1901M,TURKEY,1,1,ENGLAND,1,3,"[""F ANK - CON"", ""A SMY - ANK"", ""A BUL - RUM""]",True,"[""builds"", ""centers"", ""homes"", ""name"", ""retreats"", ""units""]"
cicero_g019_p000_ITALY,19,data/cicero_redacted_games/game_439679_ITALY_R.json,root,0,S1901M,ITALY,3,2,RUSSIA,1,3,"[""F NAP - ION"", ""A ROM - APU"", ""A VEN H""]",True,"[""builds"", ""centers"", ""homes"", ""name"", ""retreats"", ""units""]"
cicero_g019_p000_RUSSIA,19,data/cicero_redacted_games/game_439679_ITALY_R.json,root,0,S1901M,RUSSIA,2,3,ITALY,1,4,"[""F STP/SC - BOT"", ""A MOS - UKR"", ""A WAR - GAL"", ""F SEV - BLA""]",True,"[""builds"", ""centers"", ""homes"", ""name"", ""retreats"", ""units""]"
cicero_g019_p001_ITALY,19,data/cicero_redacted_games/game_439679_ITALY_R.json,root,1,F1901M,ITALY,2,2,RUSSIA,1,3,"[""F ION C A APU - TUN"", ""A VEN H"", ""A APU - TUN VIA""]",True,"[""builds"", ""centers"", ""homes"", ""name"", ""retreats"", ""units""]"
cicero_g019_p001_RUSSIA,19,data/cicero_redacted_games/game_439679_ITALY_R.json,root,1,F1901M,RUSSIA,2,2,ITALY,1,4,"[""F BOT - SWE"", ""A WAR - UKR"", ""F SEV S A UKR - RUM"", ""A UKR - RUM""]",True,"[""builds"", ""centers"", ""homes"", ""name"", ""retreats"", ""units""]"
cicero_g019_p003_ITALY,19,data/cicero_redacted_games/game_439679_ITALY_R.json,root,3,S1902M,ITALY,4,2,RUSSIA,1,4,"[""A TUN H"", ""F ION - EAS"", ""F NAP - ION"", ""A VEN H""]",True,"[""builds"", ""centers"", ""homes"", ""name"", ""retreats"", ""units""]"
cicero_g019_p003_RUSSIA,19,data/cicero_redacted_games/game_439679_ITALY_R.json,root,3,S1902M,RUSSIA,2,4,ITALY,1,5,"[""F BOT - STP/SC"", ""A MOS - SEV"", ""F SEV - BLA"", ""A UKR S A RUM"", ""A RUM S A SER - BUL""]",True,"[""builds"", ""centers"", ""homes"", ""name"", ""retreats"", ""units""]"
cicero_g019_p005_ITALY,19,data/cicero_redacted_games/game_439679_ITALY_R.json,root,5,F1902M,ITALY,3,4,RUSSIA,1,4,"[""A TUN H"", ""F ION - EAS"", ""F NAP - ION"", ""A VEN H""]",True,"[""builds"", ""centers"", ""homes"", ""name"", ""retreats"", ""units""]"
cicero_g019_p005_RUSSIA,19,data/cicero_redacted_games/game_439679_ITALY_R.json,root,5,F1902M,RUSSIA,4,3,ITALY,1,5,"[""F STP/SC H"", ""A SEV - ARM"", ""A UKR S A RUM"", ""F BLA S A SEV - ARM"", ""A RUM H""]",True,"[""builds"", ""centers"", ""homes"", ""name"", ""retreats"", ""units""]"
cicero_g019_p007_ITALY,19,data/cicero_redacted_games/game_439679_ITALY_R.json,root,7,S1903M,ITALY,5,6,RUSSIA,1,4,"[""A TUN - SYR VIA"", ""F ION C A TUN - SYR"", ""A VEN - TRI"", ""F EAS C A TUN - SYR""]",True,"[""builds"", ""centers"", ""homes"", ""name"", ""retreats"", ""units""]"
cicero_g019_p007_RUSSIA,19,data/cicero_redacted_games/game_439679_ITALY_R.json,root,7,S1903M,RUSSIA,6,5,ITALY,1,5,"[""F STP/SC - BOT"", ""A UKR - GAL"", ""A ARM - ANK"", ""F BLA S A ARM - ANK"", ""A RUM S A UKR - GAL""]",True,"[""builds"", ""centers"", ""homes"", ""name"", ""retreats"", ""units""]"
cicero_g019_p009_ITALY,19,data/cicero_redacted_games/game_439679_ITALY_R.json,root,9,F1903M,ITALY,5,3,RUSSIA,1,4,"[""F ION - GRE"", ""A VEN H"", ""F EAS S A SYR - SMY"", ""A SYR - SMY""]",True,"[""builds"", ""centers"", ""homes"", ""name"", ""retreats"", ""units""]"
cicero_g019_p009_RUSSIA,19,data/cicero_redacted_games/game_439679_ITALY_R.json,root,9,F1903M,RUSSIA,3,5,ITALY,1,5,"[""F BOT H"", ""A GAL - RUM"", ""F BLA S A RUM - BUL"", ""A RUM - BUL"", ""A ANK S A SYR - SMY""]",True,"[""builds"", ""centers"", ""homes"", ""name"", ""retreats"", ""units""]"
cicero_g019_p012_ITALY,19,data/cicero_redacted_games/game_439679_ITALY_R.json,root,12,S1904M,ITALY,1,3,RUSSIA,1,6,"[""F NAP - ION"", ""A ROM - VEN"", ""A VEN - TYR"", ""F EAS - AEG"", ""F GRE S F AEG - BUL"", ""A SMY S A CON""]",True,"[""builds"", ""centers"", ""homes"", ""name"", ""retreats"", ""units""]"
cicero_g019_p012_RUSSIA,19,data/cicero_redacted_games/game_439679_ITALY_R.json,root,12,S1904M,RUSSIA,3,1,ITALY,1,7,"[""F BOT - LVN"", ""A WAR - SIL"", ""A SEV - RUM"", ""F BLA - CON"", ""A RUM - SER"", ""A ANK S F BLA - CON"", ""A BUL S A RUM - SER""]",True,"[""builds"", ""centers"", ""homes"", ""name"", ""retreats"", ""units""]"
cicero_g019_p014_ITALY,19,data/cicero_redacted_games/game_439679_ITALY_R.json,root,14,F1904M,ITALY,3,10,RUSSIA,1,6,"[""A TYR - VIE"", ""F ION - TUN"", ""A VEN - TRI"", ""F AEG - CON"", ""F GRE S F BUL"", ""A SMY S F AEG - CON""]",True,"[""builds"", ""centers"", ""homes"", ""name"", ""retreats"", ""units""]"
cicero_g019_p014_RUSSIA,19,data/cicero_redacted_games/game_439679_ITALY_R.json,root,14,F1904M,RUSSIA,10,3,ITALY,1,6,"[""F BOT - LVN"", ""A SIL - WAR"", ""A SEV - UKR"", ""A RUM - GAL"", ""A ANK S F CON"", ""F CON S F AEG - BUL""]",True,"[""builds"", ""centers"", ""homes"", ""name"", ""retreats"", ""units""]"
cicero_g019_p017_ITALY,19,data/cicero_redacted_games/game_439679_ITALY_R.json,root,17,S1905M,ITALY,3,3,RUSSIA,1,9,"[""F TUN - NAF"", ""F NAP - ION"", ""A ROM - VEN"", ""A VEN - TRI"", ""A VIE S A VEN - TRI"", ""A TRI - ALB"", ""F GRE S F CON - BUL"", ""A SMY - CON"", ""F CON - BUL/SC""]",True,"[""builds"", ""centers"", ""homes"", ""name"", ""retreats"", ""units""]"
cicero_g019_p017_RUSSIA,19,data/cicero_redacted_games/game_439679_ITALY_R.json,root,17,S1905M,RUSSIA,3,3,ITALY,1,5,"[""A SIL - GAL"", ""A SEV - ARM"", ""A UKR - SEV"", ""F BLA S A ANK"", ""A ANK S A SEV - ARM""]",True,"[""builds"", ""centers"", ""homes"", ""name"", ""retreats"", ""units""]"
cicero_g019_p026_ITALY,19,data/cicero_redacted_games/game_439679_ITALY_R.json,root,26,S1907M,ITALY,6,7,RUSSIA,1,8,"[""F WES - MAO"", ""F TUN - TYS"", ""A TYR S A VIE"", ""A VIE S A TYR"", ""A TRI S A SER"", ""F AEG - ION"", ""F GRE - BUL/SC"", ""A SER S A GAL - BUD""]",True,"[""builds"", ""centers"", ""homes"", ""name"", ""retreats"", ""units""]"
cicero_g019_p026_RUSSIA,19,data/cicero_redacted_games/game_439679_ITALY_R.json,root,26,S1907M,RUSSIA,7,6,ITALY,1,7,"[""F STP/SC - FIN"", ""A MOS - STP"", ""A GAL S A BUD"", ""F BLA S A BUL"", ""A SMY H"", ""A SYR S A SMY"", ""A CON S A BUL""]",True,"[""builds"", ""centers"", ""homes"", ""name"", ""retreats"", ""units""]"
cicero_g019_p027_ITALY,19,data/cicero_redacted_games/game_439679_ITALY_R.json,root,27,F1907M,ITALY,5,3,RUSSIA,1,8,"[""F WES - MAO"", ""F TYS S F ION - NAP"", ""A TYR S A VIE"", ""F ION - NAP"", ""A VIE S A TRI - BUD"", ""A TRI - BUD"", ""F GRE - BUL/SC"", ""A SER S A TRI - BUD""]",True,"[""builds"", ""centers"", ""homes"", ""name"", ""retreats"", ""units""]"
cicero_g019_p027_RUSSIA,19,data/cicero_redacted_games/game_439679_ITALY_R.json,root,27,F1907M,RUSSIA,3,5,ITALY,1,7,"[""F FIN - BOT"", ""A STP - NWY"", ""A GAL S A BUD"", ""F BLA S A BUL"", ""A SMY H"", ""A SYR - ARM"", ""A CON S A BUL""]",True,"[""builds"", ""centers"", ""homes"", ""name"", ""retreats"", ""units""]"
cicero_g020_p000_ITALY,20,data/cicero_redacted_games/game_439999_TURKEY_I.json,root,0,S1901M,ITALY,2,3,TURKEY,1,3,"[""F NAP - ION"", ""A ROM - VEN"", ""A VEN - TYR""]",True,"[""builds"", ""centers"", ""homes"", ""name"", ""retreats"", ""units""]"
cicero_g020_p000_TURKEY,20,data/cicero_redacted_games/game_439999_TURKEY_I.json,root,0,S1901M,TURKEY,3,2,ITALY,1,3,"[""F ANK - BLA"", ""A SMY - CON"", ""A CON - BUL""]",True,"[""builds"", ""centers"", ""homes"", ""name"", ""retreats"", ""units""]"
cicero_g020_p001_ITALY,20,data/cicero_redacted_games/game_439999_TURKEY_I.json,root,1,F1901M,ITALY,6,3,TURKEY,1,3,"[""A TYR - TRI"", ""F ION - TUN"", ""A VEN S A TYR - TRI""]",True,"[""builds"", ""centers"", ""homes"", ""name"", ""retreats"", ""units""]"
cicero_g020_p001_TURKEY,20,data/cicero_redacted_games/game_439999_TURKEY_I.json,root,1,F1901M,TURKEY,3,6,ITALY,1,3,"[""F ANK - CON"", ""A BUL - SER"", ""A CON - BUL""]",True,"[""builds"", ""centers"", ""homes"", ""name"", ""retreats"", ""units""]"
cicero_g020_p004_ITALY,20,data/cicero_redacted_games/game_439999_TURKEY_I.json,root,4,S1902M,ITALY,2,3,TURKEY,1,5,"[""F TUN - ION"", ""F NAP - TYS"", ""A ROM - VEN"", ""A VEN - TRI"", ""A TRI - ALB""]",True,"[""builds"", ""centers"", ""homes"", ""name"", ""retreats"", ""units""]"
cicero_g020_p004_TURKEY,20,data/cicero_redacted_games/game_439999_TURKEY_I.json,root,4,S1902M,TURKEY,3,2,ITALY,1,4,"[""F ANK - CON"", ""F SMY - AEG"", ""A BUL - SER"", ""A CON - BUL""]",True,"[""builds"", ""centers"", ""homes"", ""name"", ""retreats"", ""units""]"
cicero_g020_p005_ITALY,20,data/cicero_redacted_games/game_439999_TURKEY_I.json,root,5,F1902M,ITALY,3,2,TURKEY,1,5,"[""F TYS - WES"", ""F ION - GRE"", ""A VEN - PIE"", ""A TRI S A ALB"", ""A ALB S F ION - GRE""]",True,"[""builds"", ""centers"", ""homes"", ""name"", ""retreats"", ""units""]"
cicero_g020_p005_TURKEY,20,data/cicero_redacted_games/game_439999_TURKEY_I.json,root,5,F1902M,TURKEY,2,3,ITALY,1,4,"[""F AEG - GRE"", ""A SER S F AEG - GRE"", ""A BUL S F AEG - GRE"", ""F CON - AEG""]",True,"[""builds"", ""centers"", ""homes"", ""name"", ""retreats"", ""units""]"
cicero_g020_p008_ITALY,20,data/cicero_redacted_games/game_439999_TURKEY_I.json,root,8,S1903M,ITALY,3,3,TURKEY,1,5,"[""F WES - TYS"", ""A PIE - VEN"", ""F ION S A ALB"", ""A TRI S A ALB"", ""A ALB S A TRI""]",True,"[""builds"", ""centers"", ""homes"", ""name"", ""retreats"", ""units""]"
cicero_g020_p008_TURKEY,20,data/cicero_redacted_games/game_439999_TURKEY_I.json,root,8,S1903M,TURKEY,3,3,ITALY,1,6,"[""F AEG - CON"", ""F GRE S A BUL"", ""A SER - RUM"", ""F SMY - AEG"", ""A BUL S A SER - RUM"", ""A CON - ANK""]",True,"[""builds"", ""centers"", ""homes"", ""name"", ""retreats"", ""units""]"
cicero_g020_p010_ITALY,20,data/cicero_redacted_games/game_439999_TURKEY_I.json,root,10,F1903M,ITALY,4,4,TURKEY,1,5,"[""F TYS S F ION"", ""F ION H"", ""A VEN - TYR"", ""A TRI - BUD"", ""A ALB - TRI""]",True,"[""builds"", ""centers"", ""homes"", ""name"", ""retreats"", ""units""]"
cicero_g020_p010_TURKEY,20,data/cicero_redacted_games/game_439999_TURKEY_I.json,root,10,F1903M,TURKEY,4,4,ITALY,1,6,"[""A RUM S A TRI - BUD"", ""F AEG - CON"", ""F GRE S A BUL"", ""A ANK - ARM"", ""F SMY - AEG"", ""A BUL S A RUM""]",True,"[""builds"", ""centers"", ""homes"", ""name"", ""retreats"", ""units""]"
cicero_g020_p013_ITALY,20,data/cicero_redacted_games/game_439999_TURKEY_I.json,root,13,S1904M,ITALY,5,5,TURKEY,1,5,"[""F TYS H"", ""A TYR S A BUD - VIE"", ""F ION - TUN"", ""A TRI - BUD"", ""A ALB - TRI""]",True,"[""builds"", ""centers"", ""homes"", ""name"", ""retreats"", ""units""]"
cicero_g020_p013_TURKEY,20,data/cicero_redacted_games/game_439999_TURKEY_I.json,root,13,S1904M,TURKEY,5,5,ITALY,1,6,"[""A RUM S A TRI - BUD"", ""F AEG - CON"", ""F GRE - BUL/SC"", ""A SMY S F CON - ANK"", ""A BUL - SER"", ""F CON - ANK""]",True,"[""builds"", ""centers"", ""homes"", ""name"", ""retreats"", ""units""]"
cicero_g020_p015_ITALY,20,data/cicero_redacted_games/game_439999_TURKEY_I.json,root,15,F1904M,ITALY,4,3,TURKEY,1,5,"[""F TUN - WES"", ""F TYS S F TUN - WES"", ""A TYR S A TRI - VEN"", ""A TRI - VEN"", ""A ALB - TRI""]",True,"[""builds"", ""centers"", ""homes"", ""name"", ""retreats"", ""units""]"
cicero_g020_p015_TURKEY,20,data/cicero_redacted_games/game_439999_TURKEY_I.json,root,15,F1904M,TURKEY,3,4,ITALY,1,6,"[""A RUM S A TRI - BUD"", ""F GRE - BUL/SC"", ""A SER S A RUM"", ""F ANK S F CON - BLA"", ""A SMY - ARM"", ""F CON - BLA""]",True,"[""builds"", ""centers"", ""homes"", ""name"", ""retreats"", ""units""]"
cicero_g021_p000_ENGLAND,21,data/cicero_redacted_games/game_441172_FRANCE_ERT.json,root,0,S1901M,ENGLAND,4,5,FRANCE,1,3,"[""F EDI - NTH"", ""F LON - ENG"", ""A LVP - YOR""]",True,"[""builds"", ""centers"", ""homes"", ""name"", ""retreats"", ""units""]"
cicero_g021_p000_FRANCE,21,data/cicero_redacted_games/game_441172_FRANCE_ERT.json,root,0,S1901M,FRANCE,10,8,"ENGLAND,RUSSIA,TURKEY",3,3,"[""F BRE - MAO"", ""A PAR - PIC"", ""A MAR - SPA""]",True,"[""builds"", ""centers"", ""homes"", ""name"", ""retreats"", ""units""]"
cicero_g021_p000_RUSSIA,21,data/cicero_redacted_games/game_441172_FRANCE_ERT.json,root,0,S1901M,RUSSIA,2,3,FRANCE,1,4,"[""F STP/SC - FIN"", ""A MOS - UKR"", ""A WAR - GAL"", ""F SEV - BLA""]",True,"[""builds"", ""centers"", ""homes"", ""name"", ""retreats"", ""units""]"
cicero_g021_p000_TURKEY,21,data/cicero_redacted_games/game_441172_FRANCE_ERT.json,root,0,S1901M,TURKEY,2,2,FRANCE,1,3,"[""F ANK - BLA"", ""A SMY - CON"", ""A CON - BUL""]",True,"[""builds"", ""centers"", ""homes"", ""name"", ""retreats"", ""units""]"
cicero_g021_p001_FRANCE,21,data/cicero_redacted_games/game_441172_FRANCE_ERT.json,root,1,F1901M,FRANCE,1,1,"ENGLAND,TURKEY",2,3,"[""F MAO - POR"", ""A PIC - PAR"", ""A SPA - MAR""]",True,"[""builds"", ""centers"", ""homes"", ""name"", ""retreats"", ""units""]"
cicero_g021_p003_ENGLAND,21,data/cicero_redacted_games/game_441172_FRANCE_ERT.json,root,3,S1902M,ENGLAND,2,3,FRANCE,1,5,"[""F LON - ENG"", ""F LVP - IRI"", ""F NTH C A NWY - HOL"", ""F BEL H"", ""A NWY - HOL VIA""]",True,"[""builds"", ""centers"", ""homes"", ""name"", ""retreats"", ""units""]"
cicero_g021_p003_FRANCE,21,data/cicero_redacted_games/game_441172_FRANCE_ERT.json,root,3,S1902M,FRANCE,6,4,"ENGLAND,RUSSIA",2,4,"[""A BRE - GAS"", ""A PAR S A MAR - BUR"", ""F POR - SPA/SC"", ""A MAR - BUR""]",True,"[""builds"", ""centers"", ""homes"", ""name"", ""retreats"", ""units""]"
cicero_g021_p003_RUSSIA,21,data/cicero_redacted_games/game_441172_FRANCE_ERT.json,root,3,S1902M,RUSSIA,2,3,FRANCE,1,4,"[""F FIN - SWE"", ""A WAR S A UKR"", ""F SEV S A UKR - RUM"", ""A UKR - RUM""]",True,"[""builds"", ""centers"", ""homes"", ""name"", ""retreats"", ""units""]"
cicero_g021_p005_ENGLAND,21,data/cicero_redacted_games/game_441172_FRANCE_ERT.json,root,5,F1902M,ENGLAND,1,2,FRANCE,1,5,"[""F NTH - DEN"", ""F ENG S F IRI - MAO"", ""F IRI - MAO"", ""F BEL H"", ""A HOL - KIE""]",True,"[""builds"", ""centers"", ""homes"", ""name"", ""retreats"", ""units""]"
cicero_g021_p005_FRANCE,21,data/cicero_redacted_games/game_441172_FRANCE_ERT.json,root,5,F1902M,FRANCE,5,5,"ENGLAND,RUSSIA,TURKEY",3,4,"[""A GAS - BRE"", ""A PAR S A MAR - BUR"", ""F SPA/SC H"", ""A MAR - BUR""]",True,"[""builds"", ""centers"", ""homes"", ""name"", ""retreats"", ""units""]"
cicero_g021_p005_RUSSIA,21,data/cicero_redacted_games/game_441172_FRANCE_ERT.json,root,5,F1902M,RUSSIA,2,3,FRANCE,1,4,"[""F SWE - DEN"", ""A MOS - UKR"", ""A WAR S A MOS - UKR"", ""F SEV H""]",True,"[""builds"", ""centers"", ""homes"", ""name"", ""retreats"", ""units""]"
cicero_g021_p008_FRANCE,21,data/cicero_redacted_games/game_441172_FRANCE_ERT.json,root,8,S1903M,FRANCE,2,1,TURKEY,1,5,"[""A BRE - PIC"", ""A BUR - RUH"", ""A PAR S A BRE - PIC"", ""F SPA/SC - POR"", ""F MAR - SPA/SC""]",True,"[""builds"", ""centers"", ""homes"", ""name"", ""retreats"", ""units""]"
cicero_g021_p008_TURKEY,21,data/cicero_redacted_games/game_441172_FRANCE_ERT.json,root,8,S1903M,TURKEY,1,2,FRANCE,1,6,"[""A RUM S A UKR - GAL"", ""F AEG S A GRE"", ""A GRE H"", ""A ANK - CON"", ""F SMY - EAS"", ""A CON - BUL""]",True,"[""builds"", ""centers"", ""homes"", ""name"", ""retreats"", ""units""]"
cicero_g021_p010_FRANCE,21,data/cicero_redacted_games/game_441172_FRANCE_ERT.json,root,10,F1903M,FRANCE,1,1,TURKEY,1,5,"[""A PIC S A PAR - BRE"", ""A RUH - HOL"", ""A PAR - BRE"", ""F POR - MAO"", ""F SPA/SC S F POR - MAO""]",True,"[""builds"", ""centers"", ""homes"", ""name"", ""retreats"", ""units""]"
cicero_g021_p010_TURKEY,21,data/cicero_redacted_games/game_441172_FRANCE_ERT.json,root,10,F1903M,TURKEY,1,1,FRANCE,1,5,"[""A RUM S A WAR - GAL"", ""F AEG S F EAS - ION"", ""F EAS - ION"", ""A BUL S A RUM"", ""A CON S A BUL""]",True,"[""builds"", ""centers"", ""homes"", ""name"", ""retreats"", ""units""]"
cicero_g021_p019_FRANCE,21,data/cicero_redacted_games/game_441172_FRANCE_ERT.json,root,19,F1905M,FRANCE,2,2,"RUSSIA,TURKEY",2,5,"[""F BRE S F MAO"", ""F MAO H"", ""A PIC - BEL"", ""A BUR S A PIC - BEL"", ""A PAR - GAS""]",True,"[""builds"", ""centers"", ""homes"", ""name"", ""retreats"", ""units""]"
cicero_g021_p019_RUSSIA,21,data/cicero_redacted_games/game_441172_FRANCE_ERT.json,root,19,F1905M,RUSSIA,1,1,FRANCE,1,5,"[""F BER - KIE"", ""A BOH - VIE"", ""A SIL H"", ""F SEV H"", ""A GAL S A BOH - VIE""]",True,"[""builds"", ""centers"", ""homes"", ""name"", ""retreats"", ""units""]"
cicero_g021_p019_TURKEY,21,data/cicero_redacted_games/game_441172_FRANCE_ERT.json,root,19,F1905M,TURKEY,1,1,FRANCE,1,5,"[""A RUM S A BUL"", ""F AEG S A GRE"", ""F EAS - ION"", ""A GRE S A BUL"", ""A BUL S A GRE""]",True,"[""builds"", ""centers"", ""homes"", ""name"", ""retreats"", ""units""]"
cicero_g022_p000_ENGLAND,22,data/cicero_redacted_games/game_441488_ENGLAND_FGIT.json,root,0,S1901M,ENGLAND,11,9,"FRANCE,GERMANY,ITALY,TURKEY",4,3,"[""F EDI - NTH"", ""F LON - ENG"", ""A LVP - WAL""]",True,"[""builds"", ""centers"", ""homes"", ""name"", ""retreats"", ""units""]"
cicero_g022_p000_FRANCE,22,data/cicero_redacted_games/game_441488_ENGLAND_FGIT.json,root,0,S1901M,FRANCE,2,3,ENGLAND,1,3,"[""F BRE - MAO"", ""A PAR S A MAR - BUR"", ""A MAR - BUR""]",True,"[""builds"", ""centers"", ""homes"", ""name"", ""retreats"", ""units""]"
cicero_g022_p000_GERMANY,22,data/cicero_redacted_games/game_441488_ENGLAND_FGIT.json,root,0,S1901M,GERMANY,4,4,ENGLAND,1,3,"[""F KIE - DEN"", ""A MUN - BUR"", ""A BER - KIE""]",True,"[""builds"", ""centers"", ""homes"", ""name"", ""retreats"", ""units""]"
cicero_g022_p000_ITALY,22,data/cicero_redacted_games/game_441488_ENGLAND_FGIT.json,root,0,S1901M,ITALY,1,2,ENGLAND,1,3,"[""F NAP - TYS"", ""A ROM - VEN"", ""A VEN - TYR""]",True,"[""builds"", ""centers"", ""homes"", ""name"", ""retreats"", ""units""]"
cicero_g022_p000_TURKEY,22,data/cicero_redacted_games/game_441488_ENGLAND_FGIT.json,root,0,S1901M,TURKEY,2,2,ENGLAND,1,3,"[""F ANK - BLA"", ""A SMY - CON"", ""A CON - BUL""]",True,"[""builds"", ""centers"", ""homes"", ""name"", ""retreats"", ""units""]"
cicero_g022_p001_ENGLAND,22,data/cicero_redacted_games/game_441488_ENGLAND_FGIT.json,root,1,F1901M,ENGLAND,8,10,"FRANCE,GERMANY,ITALY",3,3,"[""F NTH - NWY"", ""A WAL - BEL VIA"", ""F ENG C A WAL - BEL""]",True,"[""builds"", ""centers"", ""homes"", ""name"", ""retreats"", ""units""]"
cicero_g022_p001_FRANCE,22,data/cicero_redacted_games/game_441488_ENGLAND_FGIT.json,root,1,F1901M,FRANCE,6,5,ENGLAND,1,3,"[""F MAO - SPA/NC"", ""A BUR S A WAL - BEL"", ""A PAR - BRE""]",True,"[""builds"", ""centers"", ""homes"", ""name"", ""retreats"", ""units""]"
cicero_g022_p001_GERMANY,22,data/cicero_redacted_games/game_441488_ENGLAND_FGIT.json,root,1,F1901M,GERMANY,2,1,ENGLAND,1,3,"[""F DEN H"", ""A KIE - HOL"", ""A MUN - BUR""]",True,"[""builds"", ""centers"", ""homes"", ""name"", ""retreats"", ""units""]"
cicero_g022_p001_ITALY,22,data/cicero_redacted_games/game_441488_ENGLAND_FGIT.json,root,1,F1901M,ITALY,2,2,ENGLAND,1,3,"[""F TYS - TUN"", ""A ROM - VEN"", ""A VEN - TRI""]",True,"[""builds"", ""centers"", ""homes"", ""name"", ""retreats"", ""units""]"
cicero_g022_p003_ENGLAND,22,data/cicero_redacted_games/game_441488_ENGLAND_FGIT.json,root,3,S1902M,ENGLAND,14,14,"FRANCE,GERMANY,ITALY",3,5,"[""F EDI - NTH"", ""F LVP - IRI"", ""F ENG - MAO"", ""A BEL S A MUN - BUR"", ""F NWY S F DEN - SWE""]",True,"[""builds"", ""centers"", ""homes"", ""name"", ""retreats"", ""units""]"
cicero_g022_p003_FRANCE,22,data/cicero_redacted_games/game_441488_ENGLAND_FGIT.json,root,3,S1902M,FRANCE,5,5,ENGLAND,1,4,"[""A BRE H"", ""A BUR - RUH"", ""A PAR - BUR"", ""F SPA/NC - POR""]",True,"[""builds"", ""centers"", ""homes"", ""name"", ""retreats"", ""units""]"
cicero_g022_p003_GERMANY,22,data/cicero_redacted_games/game_441488_ENGLAND_FGIT.json,root,3,S1902M,GERMANY,6,5,ENGLAND,1,5,"[""F DEN - SWE"", ""A HOL H"", ""F KIE - BAL"", ""A MUN - BUR"", ""A BER - PRU""]",True,"[""builds"", ""centers"", ""homes"", ""name"", ""retreats"", ""units""]"
cicero_g022_p003_ITALY,22,data/cicero_redacted_games/game_441488_ENGLAND_FGIT.json,root,3,S1902M,ITALY,3,4,ENGLAND,1,4,"[""F TUN - ION"", ""F NAP - APU"", ""A ROM S A VEN"", ""A VEN S F NAP - APU""]",True,"[""builds"", ""centers"", ""homes"", ""name"", ""retreats"", ""units""]"
cicero_g022_p005_ENGLAND,22,data/cicero_redacted_games/game_441488_ENGLAND_FGIT.json,root,5,F1902M,ENGLAND,12,10,"FRANCE,GERMANY,ITALY,TURKEY",4,5,"[""F NTH - ENG"", ""F IRI - MAO"", ""A BEL S A HOL"", ""F NWY - STP/NC"", ""F MAO - SPA/SC""]",True,"[""builds"", ""centers"", ""homes"", ""name"", ""retreats"", ""units""]"
cicero_g022_p005_FRANCE,22,data/cicero_redacted_games/game_441488_ENGLAND_FGIT.json,root,5,F1902M,FRANCE,3,4,ENGLAND,1,4,"[""A BRE H"", ""A RUH - KIE"", ""A PAR - BUR"", ""F POR H""]",True,"[""builds"", ""centers"", ""homes"", ""name"", ""retreats"", ""units""]"
cicero_g022_p005_GERMANY,22,data/cicero_redacted_games/game_441488_ENGLAND_FGIT.json,root,5,F1902M,GERMANY,4,4,ENGLAND,1,5,"[""A HOL - KIE"", ""A BUR - MAR"", ""F BAL - KIE"", ""F SWE H"", ""A PRU - LVN""]",True,"[""builds"", ""centers"", ""homes"", ""name"", ""retreats"", ""units""]"
cicero_g022_p005_ITALY,22,data/cicero_redacted_games/game_441488_ENGLAND_FGIT.json,root,5,F1902M,ITALY,1,2,ENGLAND,1,4,"[""F ION S A ALB - GRE"", ""A ROM - VEN"", ""A VEN - PIE"", ""F APU S A ROM - VEN""]",True,"[""builds"", ""centers"", ""homes"", ""name"", ""retreats"", ""units""]"
cicero_g022_p005_TURKEY,22,data/cicero_redacted_games/game_441488_ENGLAND_FGIT.json,root,5,F1902M,TURKEY,2,2,ENGLAND,1,5,"[""F BLA H"", ""F AEG S F EAS - ION"", ""F EAS - ION"", ""A GRE S A SER"", ""A SER S A GRE""]",True,"[""builds"", ""centers"", ""homes"", ""name"", ""retreats"", ""units""]"
cicero_g022_p008_ENGLAND,22,data/cicero_redacted_games/game_441488_ENGLAND_FGIT.json,root,8,S1903M,ENGLAND,13,15,"FRANCE,GERMANY,ITALY,TURKEY",4,6,"[""A LON - BRE VIA"", ""F ENG C A LON - BRE"", ""A BEL S A HOL"", ""F NWY - STP/NC"", ""F MAO S A LON - BRE"", ""F SPA/SC S A MAR""]",True,"[""builds"", ""centers"", ""homes"", ""name"", ""retreats"", ""units""]"
cicero_g022_p008_FRANCE,22,data/cicero_redacted_games/game_441488_ENGLAND_FGIT.json,root,8,S1903M,FRANCE,1,1,ENGLAND,1,3,"[""A BRE H"", ""A BUR - MAR"", ""A RUH - MUN""]",True,"[""builds"", ""centers"", ""homes"", ""name"", ""retreats"", ""units""]"
cicero_g022_p008_GERMANY,22,data/cicero_redacted_games/game_441488_ENGLAND_FGIT.json,root,8,S1903M,GERMANY,5,5,ENGLAND,1,7,"[""A HOL S A KIE - RUH"", ""F BAL - PRU"", ""A KIE - RUH"", ""F SWE - BOT"", ""A MAR H"", ""A MUN S A KIE - RUH"", ""A LVN S F NWY - STP""]",True,"[""builds"", ""centers"", ""homes"", ""name"", ""retreats"", ""units""]"
cicero_g022_p008_ITALY,22,data/cicero_redacted_games/game_441488_ENGLAND_FGIT.json,root,8,S1903M,ITALY,6,5,ENGLAND,1,4,"[""F TUN H"", ""A PIE S A BUR - MAR"", ""A ROM - VEN"", ""F APU - NAP""]",True,"[""builds"", ""centers"", ""homes"", ""name"", ""retreats"", ""units""]"
cicero_g022_p008_TURKEY,22,data/cicero_redacted_games/game_441488_ENGLAND_FGIT.json,root,8,S1903M,TURKEY,3,2,ENGLAND,1,6,"[""F ION - TYS"", ""F BLA - CON"", ""F AEG - ION"", ""A GRE - ALB"", ""A SER - TRI"", ""A CON - BUL""]",True,"[""builds"", ""centers"", ""homes"", ""name"", ""retreats"", ""units""]"
cicero_g022_p010_ENGLAND,22,data/cicero_redacted_games/game_441488_ENGLAND_FGIT.json,root,10,F1903M,ENGLAND,14,16,"FRANCE,GERMANY,ITALY",3,6,"[""F ENG - MAO"", ""A BEL - BUR"", ""F NWY - STP/NC"", ""A BRE H"", ""F MAO - POR"", ""F SPA/SC S A MAR""]",True,"[""builds"", ""centers"", ""homes"", ""name"", ""retreats"", ""units""]"
cicero_g022_p010_FRANCE,22,data/cicero_redacted_games/game_441488_ENGLAND_FGIT.json,root,10,F1903M,FRANCE,5,6,ENGLAND,1,3,"[""A BUR - MAR"", ""A PAR H"", ""A MUN - BER""]",True,"[""builds"", ""centers"", ""homes"", ""name"", ""retreats"", ""units""]"
cicero_g022_p010_GERMANY,22,data/cicero_redacted_games/game_441488_ENGLAND_FGIT.json,root,10,F1903M,GERMANY,5,3,ENGLAND,1,7,"[""A HOL - KIE"", ""A RUH - BUR"", ""A MAR S A RUH - BUR"", ""F BOT S F NWY - STP"", ""A LVN S A SIL - WAR"", ""F PRU - BER"", ""A SIL - WAR""]",True,"[""builds"", ""centers"", ""homes"", ""name"", ""retreats"", ""units""]"
cicero_g022_p010_ITALY,22,data/cicero_redacted_games/game_441488_ENGLAND_FGIT.json,root,10,F1903M,ITALY,6,5,ENGLAND,1,4,"[""F TUN - TYS"", ""A PIE - VEN"", ""F NAP - ION"", ""A VEN - ROM""]",True,"[""builds"", ""centers"", ""homes"", ""name"", ""retreats"", ""units""]"
cicero_g022_p013_ENGLAND,22,data/cicero_redacted_games/game_441488_ENGLAND_FGIT.json,root,13,S1904M,ENGLAND,5,5,GERMANY,1,8,"[""F EDI - NTH"", ""A LON H"", ""A BEL - PIC"", ""F NWY - STP/NC"", ""A BRE S A BEL - PIC"", ""F MAO - NAF"", ""F POR - SPA/SC"", ""F SPA/SC - WES""]",True,"[""builds"", ""centers"", ""homes"", ""name"", ""retreats"", ""units""]"
cicero_g022_p013_GERMANY,22,data/cicero_redacted_games/game_441488_ENGLAND_FGIT.json,root,13,S1904M,GERMANY,5,5,ENGLAND,1,7,"[""A BUR - RUH"", ""A KIE S A BUR - RUH"", ""A MAR - BUR"", ""F BOT S F NWY - STP"", ""A LVN S A WAR - MOS"", ""F PRU - BER"", ""A WAR - MOS""]",True,"[""builds"", ""centers"", ""homes"", ""name"", ""retreats"", ""units""]"
cicero_g022_p015_ENGLAND,22,data/cicero_redacted_games/game_441488_ENGLAND_FGIT.json,root,15,F1904M,ENGLAND,11,8,"FRANCE,GERMANY,ITALY",3,8,"[""A LON - BEL VIA"", ""F NTH C A LON - BEL"", ""A BRE - PAR"", ""A PIC S A BRE - PAR"", ""F STP/NC H"", ""F NAF S F TUN"", ""F SPA/SC S F WES"", ""F WES S F TUN""]",True,"[""builds"", ""centers"", ""homes"", ""name"", ""retreats"", ""units""]"
cicero_g022_p015_FRANCE,22,data/cicero_redacted_games/game_441488_ENGLAND_FGIT.json,root,15,F1904M,FRANCE,3,4,ENGLAND,1,2,"[""A PAR H"", ""A MUN H""]",True,"[""builds"", ""centers"", ""homes"", ""name"", ""retreats"", ""units""]"
cicero_g022_p015_GERMANY,22,data/cicero_redacted_games/game_441488_ENGLAND_FGIT.json,root,15,F1904M,GERMANY,4,5,ENGLAND,1,7,"[""A BUR - MUN"", ""A RUH S A BUR - MUN"", ""A KIE S A BUR - MUN"", ""F BER S A LVN - PRU"", ""F BOT - SWE"", ""A LVN - PRU"", ""A UKR - RUM""]",True,"[""builds"", ""centers"", ""homes"", ""name"", ""retreats"", ""units""]"
cicero_g022_p015_ITALY,22,data/cicero_redacted_games/game_441488_ENGLAND_FGIT.json,root,15,F1904M,ITALY,1,2,ENGLAND,1,4,"[""F TUN S F TYS - WES"", ""F NAP H"", ""A ROM S F NAP"", ""A VEN H""]",True,"[""builds"", ""centers"", ""homes"", ""name"", ""retreats"", ""units""]"
cicero_g022_p018_ENGLAND,22,data/cicero_redacted_games/game_441488_ENGLAND_FGIT.json,root,18,S1905M,ENGLAND,6,6,"GERMANY,ITALY",2,10,"[""F EDI - NTH"", ""A LON H"", ""F NTH - SKA"", ""A BEL S A PIC - BUR"", ""F MAO - WES"", ""A PIC - BUR"", ""F STP/NC - NWY"", ""A PAR S A PIC - BUR"", ""F NAF S F MAO - WES"", ""F SPA/SC S F MAO - WES""]",True,"[""builds"", ""centers"", ""homes"", ""name"", ""retreats"", ""units""]"
cicero_g022_p018_GERMANY,22,data/cicero_redacted_games/game_441488_ENGLAND_FGIT.json,root,18,S1905M,GERMANY,3,3,ENGLAND,1,7,"[""A BUR - RUH"", ""A RUH - HOL"", ""A KIE - DEN"", ""F SWE - BOT"", ""F BER - KIE"", ""A PRU - LVN"", ""A RUM H""]",True,"[""builds"", ""centers"", ""homes"", ""name"", ""retreats"", ""units""]"
cicero_g022_p018_ITALY,22,data/cicero_redacted_games/game_441488_ENGLAND_FGIT.json,root,18,S1905M,ITALY,3,3,ENGLAND,1,4,"[""F TUN S F NAF - WES"", ""F NAP - TYS"", ""A ROM - VEN"", ""A VEN - TYR""]",True,"[""builds"", ""centers"", ""homes"", ""name"", ""retreats"", ""units""]"
cicero_g022_p020_ENGLAND,22,data/cicero_redacted_games/game_441488_ENGLAND_FGIT.json,root,20,F1905M,ENGLAND,12,9,"FRANCE,GERMANY,ITALY,TURKEY",4,10,"[""A LON - HOL VIA"", ""F NTH C A LON - HOL"", ""A BEL S A LON - HOL"", ""F NWY S F SKA - SWE"", ""F SKA - SWE"", ""A BUR - RUH"", ""A PAR - GAS"", ""F NAF - WES"", ""F SPA/SC S F WES - LYO"", ""F WES - LYO""]",True,"[""builds"", ""centers"", ""homes"", ""name"", ""retreats"", ""units""]"
cicero_g022_p020_FRANCE,22,data/cicero_redacted_games/game_441488_ENGLAND_FGIT.json,root,20,F1905M,FRANCE,1,2,ENGLAND,1,1,"[""A MUN - BER""]",True,"[""builds"", ""centers"", ""homes"", ""name"", ""retreats"", ""units""]"
cicero_g022_p020_GERMANY,22,data/cicero_redacted_games/game_441488_ENGLAND_FGIT.json,root,20,F1905M,GERMANY,3,5,ENGLAND,1,7,"[""A DEN H"", ""A HOL H"", ""A RUH - MUN"", ""F KIE S A DEN"", ""F BOT S A LVN - STP"", ""A LVN - STP"", ""A RUM H""]",True,"[""builds"", ""centers"", ""homes"", ""name"", ""retreats"", ""units""]"
cicero_g022_p020_ITALY,22,data/cicero_redacted_games/game_441488_ENGLAND_FGIT.json,root,20,F1905M,ITALY,4,4,ENGLAND,1,4,"[""F TUN H"", ""F TYS S F TUN"", ""A TYR S A VEN - TRI"", ""A VEN - TRI""]",True,"[""builds"", ""centers"", ""homes"", ""name"", ""retreats"", ""units""]"
cicero_g022_p020_TURKEY,22,data/cicero_redacted_games/game_441488_ENGLAND_FGIT.json,root,20,F1905M,TURKEY,1,1,ENGLAND,1,6,"[""A MAR - GAS"", ""F LYO - MAR"", ""A TRI - SER"", ""F EAS - ION"", ""F GRE - ION"", ""A BUL - SER""]",True,"[""builds"", ""centers"", ""homes"", ""name"", ""retreats"", ""units""]"
cicero_g022_p023_ENGLAND,22,data/cicero_redacted_games/game_441488_ENGLAND_FGIT.json,root,23,S1906M,ENGLAND,6,4,"GERMANY,ITALY",2,11,"[""A LON - DEN VIA"", ""F NTH C A LON - DEN"", ""A BEL - RUH"", ""A HOL - KIE"", ""F NWY - STP/NC"", ""A BUR S A BEL - RUH"", ""F SWE S A LON - DEN"", ""A PAR - GAS"", ""F SPA/SC S F WES"", ""F WES S F TUN"", ""F LYO - PIE""]",True,"[""builds"", ""centers"", ""homes"", ""name"", ""retreats"", ""units""]"
cicero_g022_p023_GERMANY,22,data/cicero_redacted_games/game_441488_ENGLAND_FGIT.json,root,23,S1906M,GERMANY,1,2,ENGLAND,1,3,"[""A DEN - KIE"", ""A RUH S A DEN - KIE"", ""A STP H""]",True,"[""builds"", ""centers"", ""homes"", ""name"", ""retreats"", ""units""]"
cicero_g022_p023_ITALY,22,data/cicero_redacted_games/game_441488_ENGLAND_FGIT.json,root,23,S1906M,ITALY,3,4,ENGLAND,1,5,"[""F TUN S F TYS"", ""F TYS S F TUN"", ""A TYR S A TRI"", ""F ROM - TUS"", ""A TRI S A TYR""]",True,"[""builds"", ""centers"", ""homes"", ""name"", ""retreats"", ""units""]"
cicero_g022_p025_ENGLAND,22,data/cicero_redacted_games/game_441488_ENGLAND_FGIT.json,root,25,F1906M,ENGLAND,11,7,"GERMANY,ITALY",2,11,"[""F NTH H"", ""A DEN S A HOL - KIE"", ""A HOL - KIE"", ""F NWY - STP/NC"", ""A BUR - MUN"", ""A RUH S A HOL - KIE"", ""F SWE - BAL"", ""A GAS - MAR"", ""F SPA/SC S A GAS - MAR"", ""F WES S F TUN"", ""F LYO - PIE""]",True,"[""builds"", ""centers"", ""homes"", ""name"", ""retreats"", ""units""]"
cicero_g022_p025_GERMANY,22,data/cicero_redacted_games/game_441488_ENGLAND_FGIT.json,root,25,F1906M,GERMANY,5,6,ENGLAND,1,1,"[""A STP H""]",True,"[""builds"", ""centers"", ""homes"", ""name"", ""retreats"", ""units""]"
cicero_g022_p025_ITALY,22,data/cicero_redacted_games/game_441488_ENGLAND_FGIT.json,root,25,F1906M,ITALY,2,5,ENGLAND,1,5,"[""F TUN H"", ""F TYS - NAP"", ""A TYR S A TRI - VIE"", ""F TUS S F PIE - LYO"", ""A TRI - VIE""]",True,"[""builds"", ""centers"", ""homes"", ""name"", ""retreats"", ""units""]"
cicero_g022_p028_ENGLAND,22,data/cicero_redacted_games/game_441488_ENGLAND_FGIT.json,root,28,S1907M,ENGLAND,3,2,GERMANY,1,13,"[""A EDI - NWY VIA"", ""A LON H"", ""F LVP - IRI"", ""F NTH C A EDI - NWY"", ""A DEN - PRU VIA"", ""F NWY - BAR"", ""A BUR - MUN"", ""A RUH S A KIE"", ""F BAL C A DEN - PRU"", ""A KIE S A BUR - MUN"", ""F SPA/SC S A MAR"", ""F WES S F TUN"", ""A MAR H""]",True,"[""builds"", ""centers"", ""homes"", ""name"", ""retreats"", ""units""]"
cicero_g022_p028_GERMANY,22,data/cicero_redacted_games/game_441488_ENGLAND_FGIT.json,root,28,S1907M,GERMANY,2,3,ENGLAND,1,1,"[""A STP H""]",True,"[""builds"", ""centers"", ""homes"", ""name"", ""retreats"", ""units""]"
cicero_g022_p030_ENGLAND,22,data/cicero_redacted_games/game_441488_ENGLAND_FGIT.json,root,30,F1907M,ENGLAND,8,4,"FRANCE,GERMANY,ITALY",3,13,"[""A LON - NWY VIA"", ""F NTH C A LON - NWY"", ""F IRI - MAO"", ""A NWY - FIN"", ""F BAR S A LON - NWY"", ""A BUR - MUN"", ""A RUH S A KIE"", ""F BAL S A PRU - BER"", ""A KIE S A PRU - BER"", ""F SPA/SC S A MAR"", ""F WES S F TUN"", ""A MAR H"", ""A PRU - BER""]",True,"[""builds"", ""centers"", ""homes"", ""name"", ""retreats"", ""units""]"
cicero_g022_p030_FRANCE,22,data/cicero_redacted_games/game_441488_ENGLAND_FGIT.json,root,30,F1907M,FRANCE,1,2,ENGLAND,1,1,"[""A BER S A MUN""]",True,"[""builds"", ""centers"", ""homes"", ""name"", ""retreats"", ""units""]"
cicero_g022_p030_GERMANY,22,data/cicero_redacted_games/game_441488_ENGLAND_FGIT.json,root,30,F1907M,GERMANY,2,4,ENGLAND,1,1,"[""A STP H""]",True,"[""builds"", ""centers"", ""homes"", ""name"", ""retreats"", ""units""]"
cicero_g022_p030_ITALY,22,data/cicero_redacted_games/game_441488_ENGLAND_FGIT.json,root,30,F1907M,ITALY,1,2,ENGLAND,1,5,"[""F TUN S F ROM - TYS"", ""A TYR S A MUN"", ""F TUS S F LYO"", ""F NAP S F ROM - TYS"", ""F ROM - TYS""]",True,"[""builds"", ""centers"", ""homes"", ""name"", ""retreats"", ""units""]"
cicero_g022_p033_ENGLAND,22,data/cicero_redacted_games/game_441488_ENGLAND_FGIT.json,root,33,S1908M,ENGLAND,2,6,GERMANY,1,15,"[""A EDI - DEN VIA"", ""F LON - ENG"", ""F NTH C A EDI - DEN"", ""A NWY - STP"", ""F BAR S A NWY - STP"", ""F MAO S F WES"", ""A BUR S A BER - MUN"", ""A RUH S A BER - MUN"", ""F BAL - PRU"", ""A KIE S A BER - MUN"", ""A FIN S A NWY - STP"", ""F SPA/SC S A MAR"", ""F WES H"", ""A MAR H"", ""A BER - MUN""]",True,"[""builds"", ""centers"", ""homes"", ""name"", ""retreats"", ""units""]"
cicero_g022_p033_GERMANY,22,data/cicero_redacted_games/game_441488_ENGLAND_FGIT.json,root,33,S1908M,GERMANY,6,2,ENGLAND,1,1,"[""A STP H""]",True,"[""builds"", ""centers"", ""homes"", ""name"", ""retreats"", ""units""]"
cicero_g023_p000_FRANCE,23,data/cicero_redacted_games/game_443187_ITALY_FG.json,root,0,S1901M,FRANCE,3,5,ITALY,1,3,"[""F BRE - MAO"", ""A PAR - BUR"", ""A MAR S A PAR - BUR""]",True,"[""builds"", ""centers"", ""homes"", ""name"", ""retreats"", ""units""]"
cicero_g023_p000_GERMANY,23,data/cicero_redacted_games/game_443187_ITALY_FG.json,root,0,S1901M,GERMANY,4,4,ITALY,1,3,"[""F KIE - DEN"", ""A MUN - RUH"", ""A BER - KIE""]",True,"[""builds"", ""centers"", ""homes"", ""name"", ""retreats"", ""units""]"
cicero_g023_p000_ITALY,23,data/cicero_redacted_games/game_443187_ITALY_FG.json,root,0,S1901M,ITALY,9,7,"FRANCE,GERMANY",2,3,"[""F NAP - ION"", ""A ROM - APU"", ""A VEN H""]",True,"[""builds"", ""centers"", ""homes"", ""name"", ""retreats"", ""units""]"
cicero_g023_p001_GERMANY,23,data/cicero_redacted_games/game_443187_ITALY_FG.json,root,1,F1901M,GERMANY,2,1,ITALY,1,3,"[""F DEN H"", ""A RUH - MUN"", ""A KIE - HOL""]",True,"[""builds"", ""centers"", ""homes"", ""name"", ""retreats"", ""units""]"
cicero_g023_p001_ITALY,23,data/cicero_redacted_games/game_443187_ITALY_FG.json,root,1,F1901M,ITALY,1,2,GERMANY,1,3,"[""F ION C A APU - TUN"", ""A VEN H"", ""A APU - TUN VIA""]",True,"[""builds"", ""centers"", ""homes"", ""name"", ""retreats"", ""units""]"
cicero_g023_p003_FRANCE,23,data/cicero_redacted_games/game_443187_ITALY_FG.json,root,3,S1902M,FRANCE,1,1,ITALY,1,5,"[""F BRE - ENG"", ""A BUR - BEL"", ""A PAR - PIC"", ""F POR - MAO"", ""A SPA - MAR""]",True,"[""builds"", ""centers"", ""homes"", ""name"", ""retreats"", ""units""]"
cicero_g023_p003_GERMANY,23,data/cicero_redacted_games/game_443187_ITALY_FG.json,root,3,S1902M,GERMANY,1,2,ITALY,1,5,"[""F DEN - NTH"", ""A HOL - RUH"", ""F KIE - HEL"", ""A MUN - RUH"", ""A BER - MUN""]",True,"[""builds"", ""centers"", ""homes"", ""name"", ""retreats"", ""units""]"
cicero_g023_p003_ITALY,23,data/cicero_redacted_games/game_443187_ITALY_FG.json,root,3,S1902M,ITALY,3,2,"FRANCE,GERMANY",2,4,"[""A TUN H"", ""F ION - AEG"", ""F NAP - ION"", ""A VEN H""]",True,"[""builds"", ""centers"", ""homes"", ""name"", ""retreats"", ""units""]"
cicero_g023_p004_FRANCE,23,data/cicero_redacted_games/game_443187_ITALY_FG.json,root,4,F1902M,FRANCE,1,2,ITALY,1,5,"[""F ENG C A PIC - WAL"", ""A BEL - BUR"", ""F MAO - IRI"", ""A PIC - WAL VIA"", ""A MAR - BUR""]",True,"[""builds"", ""centers"", ""homes"", ""name"", ""retreats"", ""units""]"
cicero_g023_p004_GERMANY,23,data/cicero_redacted_games/game_443187_ITALY_FG.json,root,4,F1902M,GERMANY,2,2,ITALY,1,5,"[""F DEN S F HEL - NTH"", ""F HEL - NTH"", ""A HOL H"", ""A MUN - RUH"", ""A BER - MUN""]",True,"[""builds"", ""centers"", ""homes"", ""name"", ""retreats"", ""units""]"
cicero_g023_p004_ITALY,23,data/cicero_redacted_games/game_443187_ITALY_FG.json,root,4,F1902M,ITALY,4,3,"FRANCE,GERMANY",2,4,"[""A TUN - ALB VIA"", ""F ION C A TUN - ALB"", ""A VEN H"", ""F AEG - BUL/SC""]",True,"[""builds"", ""centers"", ""homes"", ""name"", ""retreats"", ""units""]"
cicero_g023_p007_GERMANY,23,data/cicero_redacted_games/game_443187_ITALY_FG.json,root,7,S1903M,GERMANY,3,2,ITALY,1,5,"[""F NTH C A HOL - YOR"", ""F DEN S F NTH"", ""A HOL - YOR VIA"", ""A RUH - MUN"", ""A MUN - BER""]",True,"[""builds"", ""centers"", ""homes"", ""name"", ""retreats"", ""units""]"
cicero_g023_p007_ITALY,23,data/cicero_redacted_games/game_443187_ITALY_FG.json,root,7,S1903M,ITALY,2,3,GERMANY,1,5,"[""F ION - EAS"", ""F NAP - ION"", ""A VEN - APU"", ""A ALB - GRE"", ""F BUL/SC S F GRE - AEG""]",True,"[""builds"", ""centers"", ""homes"", ""name"", ""retreats"", ""units""]"
cicero_g023_p009_FRANCE,23,data/cicero_redacted_games/game_443187_ITALY_FG.json,root,9,F1903M,FRANCE,2,2,ITALY,1,6,"[""A WAL - LON"", ""F ENG S A WAL - LON"", ""F IRI - LVP"", ""A BEL - BUR"", ""A BUR - GAS"", ""A PIE - VEN""]",True,"[""builds"", ""centers"", ""homes"", ""name"", ""retreats"", ""units""]"
cicero_g023_p009_GERMANY,23,data/cicero_redacted_games/game_443187_ITALY_FG.json,root,9,F1903M,GERMANY,2,1,ITALY,1,5,"[""A YOR - EDI"", ""F NTH S A YOR - EDI"", ""F DEN - HEL"", ""A MUN - RUH"", ""A BER - MUN""]",True,"[""builds"", ""centers"", ""homes"", ""name"", ""retreats"", ""units""]"
cicero_g023_p009_ITALY,23,data/cicero_redacted_games/game_443187_ITALY_FG.json,root,9,F1903M,ITALY,3,4,"FRANCE,GERMANY",2,4,"[""F ION - GRE"", ""A APU - VEN"", ""F EAS - SMY"", ""A GRE - BUL""]",True,"[""builds"", ""centers"", ""homes"", ""name"", ""retreats"", ""units""]"
cicero_g023_p018_FRANCE,23,data/cicero_redacted_games/game_443187_ITALY_FG.json,root,18,F1905M,FRANCE,4,4,ITALY,1,7,"[""A LON H"", ""F ENG S F NWG - NTH"", ""F MAO H"", ""A PIC S A PAR - BUR"", ""A PAR - BUR"", ""F SPA/SC S A MAR"", ""A MAR S A PAR - BUR""]",True,"[""builds"", ""centers"", ""homes"", ""name"", ""retreats"", ""units""]"
cicero_g023_p018_ITALY,23,data/cicero_redacted_games/game_443187_ITALY_FG.json,root,18,F1905M,ITALY,4,4,FRANCE,1,4,"[""F TUN - ION"", ""F LYO - TYS"", ""F TYS - NAP"", ""A PIE - TYR""]",True,"[""builds"", ""centers"", ""homes"", ""name"", ""retreats"", ""units""]"
cicero_g023_p023_GERMANY,23,data/cicero_redacted_games/game_443187_ITALY_FG.json,root,23,F1906M,GERMANY,1,1,ITALY,1,7,"[""A EDI H"", ""F NTH - BEL"", ""A HOL S F NTH - BEL"", ""F SKA - DEN"", ""A BUR - MUN"", ""A MUN - SIL"", ""A BER S A MUN - SIL""]",True,"[""builds"", ""centers"", ""homes"", ""name"", ""retreats"", ""units""]"
cicero_g023_p023_ITALY,23,data/cicero_redacted_games/game_443187_ITALY_FG.json,root,23,F1906M,ITALY,1,1,GERMANY,1,4,"[""F TYS S F ION"", ""F ION S A ALB - GRE"", ""F NAP S F ION"", ""A VIE S A BUD""]",True,"[""builds"", ""centers"", ""homes"", ""name"", ""retreats"", ""units""]"
cicero_g024_p000_AUSTRIA,24,data/cicero_redacted_games/game_443556_FRANCE_AI.json,root,0,S1901M,AUSTRIA,1,2,FRANCE,1,3,"[""A VIE - TRI"", ""F TRI - ALB"", ""A BUD - SER""]",True,"[""builds"", ""centers"", ""homes"", ""name"", ""retreats"", ""units""]"
cicero_g024_p000_FRANCE,24,data/cicero_redacted_games/game_443556_FRANCE_AI.json,root,0,S1901M,FRANCE,4,2,"AUSTRIA,ITALY",2,3,"[""F BRE - MAO"", ""A PAR - PIC"", ""A MAR - BUR""]",True,"[""builds"", ""centers"", ""homes"", ""name"", ""retreats"", ""units""]"
cicero_g024_p000_ITALY,24,data/cicero_redacted_games/game_443556_FRANCE_AI.json,root,0,S1901M,ITALY,1,2,FRANCE,1,3,"[""F NAP - ION"", ""A ROM - APU"", ""A VEN H""]",True,"[""builds"", ""centers"", ""homes"", ""name"", ""retreats"", ""units""]"
cicero_g024_p001_AUSTRIA,24,data/cicero_redacted_games/game_443556_FRANCE_AI.json,root,1,F1901M,AUSTRIA,1,2,FRANCE,1,3,"[""A TRI - VIE"", ""F ALB - TRI"", ""A SER - BUD""]",True,"[""builds"", ""centers"", ""homes"", ""name"", ""retreats"", ""units""]"
cicero_g024_p001_FRANCE,24,data/cicero_redacted_games/game_443556_FRANCE_AI.json,root,1,F1901M,FRANCE,4,2,"AUSTRIA,ITALY",2,3,"[""F MAO - POR"", ""A PIC - BEL"", ""A BUR S A PIC - BEL""]",True,"[""builds"", ""centers"", ""homes"", ""name"", ""retreats"", ""units""]"
cicero_g024_p001_ITALY,24,data/cicero_redacted_games/game_443556_FRANCE_AI.json,root,1,F1901M,ITALY,1,2,FRANCE,1,3,"[""F ION C A APU - TUN"", ""A VEN H"", ""A APU - TUN VIA""]",True,"[""builds"", ""centers"", ""homes"", ""name"", ""retreats"", ""units""]"
cicero_g024_p003_FRANCE,24,data/cicero_redacted_games/game_443556_FRANCE_AI.json,root,3,S1902M,FRANCE,2,1,ITALY,1,5,"[""A BEL S A BUR - RUH"", ""F BRE - MAO"", ""A BUR - RUH"", ""A PAR - BUR"", ""F POR - SPA/SC""]",True,"[""builds"", ""centers"", ""homes"", ""name"", ""retreats"", ""units""]"
cicero_g024_p003_ITALY,24,data/cicero_redacted_games/game_443556_FRANCE_AI.json,root,3,S1902M,ITALY,1,2,FRANCE,1,4,"[""A TUN - GRE VIA"", ""F ION C A TUN - GRE"", ""F NAP - TYS"", ""A VEN - TRI""]",True,"[""builds"", ""centers"", ""homes"", ""name"", ""retreats"", ""units""]"
cicero_g024_p005_AUSTRIA,24,data/cicero_redacted_games/game_443556_FRANCE_AI.json,root,5,F1902M,AUSTRIA,2,2,FRANCE,1,3,"[""A VIE S F ALB - TRI"", ""F ALB - TRI"", ""A BUD S A SER""]",True,"[""builds"", ""centers"", ""homes"", ""name"", ""retreats"", ""units""]"
cicero_g024_p005_FRANCE,24,data/cicero_redacted_games/game_443556_FRANCE_AI.json,root,5,F1902M,FRANCE,5,3,"AUSTRIA,ITALY",2,5,"[""A BEL - HOL"", ""F MAO H"", ""A BUR - MUN"", ""A RUH S A BUR - MUN"", ""F SPA/SC H""]",True,"[""builds"", ""centers"", ""homes"", ""name"", ""retreats"", ""units""]"
cicero_g024_p005_ITALY,24,data/cicero_redacted_games/game_443556_FRANCE_AI.json,root,5,F1902M,ITALY,1,3,FRANCE,1,4,"[""F TYS H"", ""F ION S A GRE"", ""A TRI - SER"", ""A GRE S A TRI - SER""]",True,"[""builds"", ""centers"", ""homes"", ""name"", ""retreats"", ""units""]"
cicero_g024_p008_AUSTRIA,24,data/cicero_redacted_games/game_443556_FRANCE_AI.json,root,8,S1903M,AUSTRIA,2,2,FRANCE,1,3,"[""A VIE - GAL"", ""F TRI H"", ""A BUD S A VIE - GAL""]",True,"[""builds"", ""centers"", ""homes"", ""name"", ""retreats"", ""units""]"
cicero_g024_p008_FRANCE,24,data/cicero_redacted_games/game_443556_FRANCE_AI.json,root,8,S1903M,FRANCE,4,4,"AUSTRIA,ITALY",2,8,"[""A HOL S A RUH - KIE"", ""F BRE - ENG"", ""F MAO - NAO"", ""A RUH - KIE"", ""A PAR - PIC"", ""F SPA/SC - MAO"", ""A MAR - BUR"", ""A MUN S A RUH - KIE""]",True,"[""builds"", ""centers"", ""homes"", ""name"", ""retreats"", ""units""]"
cicero_g024_p008_ITALY,24,data/cicero_redacted_games/game_443556_FRANCE_AI.json,root,8,S1903M,ITALY,2,2,FRANCE,1,6,"[""F TYS - LYO"", ""F ION - TUN"", ""F NAP - ION"", ""A VEN - PIE"", ""A GRE S A RUM - BUL"", ""A SER S A RUM - BUL""]",True,"[""builds"", ""centers"", ""homes"", ""name"", ""retreats"", ""units""]"
cicero_g024_p010_FRANCE,24,data/cicero_redacted_games/game_443556_FRANCE_AI.json,root,10,F1903M,FRANCE,5,4,ITALY,1,8,"[""F NAO - NWG"", ""A HOL S A KIE"", ""F BRE - ENG"", ""F MAO - SPA/SC"", ""A PIC - BEL"", ""A BUR - MAR"", ""A KIE S A SIL - BER"", ""A MUN S A KIE""]",True,"[""builds"", ""centers"", ""homes"", ""name"", ""retreats"", ""units""]"
cicero_g024_p010_ITALY,24,data/cicero_redacted_games/game_443556_FRANCE_AI.json,root,10,F1903M,ITALY,4,5,FRANCE,1,6,"[""F TUN - WES"", ""F LYO S A PIE - MAR"", ""A PIE - MAR"", ""F ION - TYS"", ""A GRE - BUL"", ""A SER S A GRE - BUL""]",True,"[""builds"", ""centers"", ""homes"", ""name"", ""retreats"", ""units""]"
cicero_g024_p013_AUSTRIA,24,data/cicero_redacted_games/game_443556_FRANCE_AI.json,root,13,S1904M,AUSTRIA,5,5,FRANCE,1,4,"[""A VIE - TRI"", ""F TRI - ALB"", ""A RUM S F BLA - BUL"", ""A BUD S A RUM""]",True,"[""builds"", ""centers"", ""homes"", ""name"", ""retreats"", ""units""]"
cicero_g024_p013_FRANCE,24,data/cicero_redacted_games/game_443556_FRANCE_AI.json,root,13,S1904M,FRANCE,7,5,"AUSTRIA,ITALY",2,8,"[""F NWG - NAO"", ""A BEL - BUR"", ""A HOL - BEL"", ""F BRE - MAO"", ""A BUR - GAS"", ""A KIE S A BER"", ""F SPA/SC S F BRE - MAO"", ""A MUN - TYR""]",True,"[""builds"", ""centers"", ""homes"", ""name"", ""retreats"", ""units""]"
cicero_g024_p018_AUSTRIA,24,data/cicero_redacted_games/game_443556_FRANCE_AI.json,root,18,S1905M,AUSTRIA,2,4,FRANCE,1,3,"[""A UKR S A MOS - WAR"", ""A TRI - VIE"", ""A BUD - VIE""]",True,"[""builds"", ""centers"", ""homes"", ""name"", ""retreats"", ""units""]"
cicero_g024_p018_FRANCE,24,data/cicero_redacted_games/game_443556_FRANCE_AI.json,root,18,S1905M,FRANCE,6,10,"AUSTRIA,ITALY",2,7,"[""A BEL - HOL"", ""F MAO - SPA/SC"", ""A BUR - MAR"", ""A KIE - HOL"", ""A GAS S F MAO - SPA"", ""F POR S F MAO - SPA"", ""A TYR - MUN""]",True,"[""builds"", ""centers"", ""homes"", ""name"", ""retreats"", ""units""]"
cicero_g024_p018_ITALY,24,data/cicero_redacted_games/game_443556_FRANCE_AI.json,root,18,S1905M,ITALY,8,2,FRANCE,1,8,"[""F SPA/SC - WES"", ""F WES - TUN"", ""A MAR S A GAS - SPA"", ""F LYO - TYS"", ""A PIE - VEN"", ""F EAS - ION"", ""A GRE S A SER"", ""A SER S A GRE""]",True,"[""builds"", ""centers"", ""homes"", ""name"", ""retreats"", ""units""]"
cicero_g024_p019_AUSTRIA,24,data/cicero_redacted_games/game_443556_FRANCE_AI.json,root,19,F1905M,AUSTRIA,1,3,FRANCE,1,3,"[""A UKR - MOS"", ""A TRI S A BUD - SER"", ""A BUD - SER""]",True,"[""builds"", ""centers"", ""homes"", ""name"", ""retreats"", ""units""]"
cicero_g024_p019_FRANCE,24,data/cicero_redacted_games/game_443556_FRANCE_AI.json,root,19,F1905M,FRANCE,6,5,"AUSTRIA,ITALY",2,7,"[""A BEL - HOL"", ""A BUR S A GAS - MAR"", ""A KIE S A BEL - HOL"", ""A GAS - MAR"", ""F POR - MAO"", ""F SPA/SC S F POR - MAO"", ""A MUN S A KIE""]",True,"[""builds"", ""centers"", ""homes"", ""name"", ""retreats"", ""units""]"
cicero_g024_p019_ITALY,24,data/cicero_redacted_games/game_443556_FRANCE_AI.json,root,19,F1905M,ITALY,4,3,FRANCE,1,8,"[""F WES - TYS"", ""A MAR H"", ""F TUN S F TYS - ION"", ""F TYS - ION"", ""F ION - AEG"", ""A VEN H"", ""A GRE - BUL"", ""A SER S A GRE - BUL""]",True,"[""builds"", ""centers"", ""homes"", ""name"", ""retreats"", ""units""]"
cicero_g024_p022_FRANCE,24,data/cicero_redacted_games/game_443556_FRANCE_AI.json,root,22,S1906M,FRANCE,3,7,"AUSTRIA,ITALY",2,9,"[""A HOL S A BUR - BEL"", ""F BRE - ENG"", ""F MAO - IRI"", ""A BUR - BEL"", ""A KIE H"", ""A PAR - PIC"", ""F SPA/SC - MAO"", ""A MAR - BUR"", ""A MUN S A KIE""]",True,"[""builds"", ""centers"", ""homes"", ""name"", ""retreats"", ""units""]"
cicero_g024_p022_ITALY,24,data/cicero_redacted_games/game_443556_FRANCE_AI.json,root,22,S1906M,ITALY,7,2,FRANCE,1,4,"[""F TUN - ION"", ""F TYS S F TUN - ION"", ""F ION - ADR"", ""A VEN - TYR""]",True,"[""builds"", ""centers"", ""homes"", ""name"", ""retreats"", ""units""]"
cicero_g024_p027_FRANCE,24,data/cicero_redacted_games/game_443556_FRANCE_AI.json,root,27,F1907M,FRANCE,3,5,ITALY,1,10,"[""F IRI - MAO"", ""F BEL - ENG"", ""A HOL - RUH"", ""F BRE S F BEL - ENG"", ""F MAO - SPA/SC"", ""A PIC - BEL"", ""A BUR S A MUN"", ""A KIE S A MUN"", ""A MUN H"", ""A BER S A MUN""]",True,"[""builds"", ""centers"", ""homes"", ""name"", ""retreats"", ""units""]"
cicero_g024_p027_ITALY,24,data/cicero_redacted_games/game_443556_FRANCE_AI.json,root,27,F1907M,ITALY,5,3,FRANCE,1,4,"[""F LYO S A PIE - MAR"", ""F TYS - WES"", ""A PIE - MAR"", ""F APU - NAP""]",True,"[""builds"", ""centers"", ""homes"", ""name"", ""retreats"", ""units""]"
cicero_g024_p029_FRANCE,24,data/cicero_redacted_games/game_443556_FRANCE_AI.json,root,29,S1908M,FRANCE,4,2,ITALY,1,9,"[""F BEL S F BRE - ENG"", ""F BRE - ENG"", ""F MAO S F SPA"", ""A BUR - MAR"", ""A RUH - HOL"", ""A KIE S A BER"", ""F SPA/SC S A BUR - MAR"", ""A MUN S A BER"", ""A BER S A MUN""]",True,"[""builds"", ""centers"", ""homes"", ""name"", ""retreats"", ""units""]"
cicero_g024_p029_ITALY,24,data/cicero_redacted_games/game_443556_FRANCE_AI.json,root,29,S1908M,ITALY,2,4,FRANCE,1,4,"[""F WES S F LYO - SPA"", ""A MAR S F LYO - SPA"", ""F LYO - SPA/SC"", ""F NAP H""]",True,"[""builds"", ""centers"", ""homes"", ""name"", ""retreats"", ""units""]"
cicero_g025_p000_AUSTRIA,25,data/cicero_redacted_games/game_443777_ENGLAND_AIT.json,root,0,S1901M,AUSTRIA,1,1,ENGLAND,1,3,"[""A VIE - GAL"", ""F TRI - ALB"", ""A BUD - SER""]",True,"[""builds"", ""centers"", ""homes"", ""name"", ""retreats"", ""units""]"
cicero_g025_p000_ENGLAND,25,data/cicero_redacted_games/game_443777_ENGLAND_AIT.json,root,0,S1901M,ENGLAND,3,4,"AUSTRIA,ITALY,TURKEY",3,3,"[""F EDI - NWG"", ""F LON - NTH"", ""A LVP - YOR""]",True,"[""builds"", ""centers"", ""homes"", ""name"", ""retreats"", ""units""]"
cicero_g025_p000_ITALY,25,data/cicero_redacted_games/game_443777_ENGLAND_AIT.json,root,0,S1901M,ITALY,1,1,ENGLAND,1,3,"[""F NAP - ION"", ""A ROM - APU"", ""A VEN - TYR""]",True,"[""builds"", ""centers"", ""homes"", ""name"", ""retreats"", ""units""]"
cicero_g025_p000_TURKEY,25,data/cicero_redacted_games/game_443777_ENGLAND_AIT.json,root,0,S1901M,TURKEY,2,1,ENGLAND,1,3,"[""F ANK - BLA"", ""A SMY - CON"", ""A CON - BUL""]",True,"[""builds"", ""centers"", ""homes"", ""name"", ""retreats"", ""units""]"
cicero_g025_p001_AUSTRIA,25,data/cicero_redacted_games/game_443777_ENGLAND_AIT.json,root,1,F1901M,AUSTRIA,1,2,ENGLAND,1,3,"[""A VIE - GAL"", ""F ALB - GRE"", ""A SER S F ALB - GRE""]",True,"[""builds"", ""centers"", ""homes"", ""name"", ""retreats"", ""units""]"
cicero_g025_p001_ENGLAND,25,data/cicero_redacted_games/game_443777_ENGLAND_AIT.json,root,1,F1901M,ENGLAND,4,3,"AUSTRIA,ITALY",2,3,"[""A YOR - BEL VIA"", ""F NTH C A YOR - BEL"", ""F NWG - NWY""]",True,"[""builds"", ""centers"", ""homes"", ""name"", ""retreats"", ""units""]"
cicero_g025_p001_ITALY,25,data/cicero_redacted_games/game_443777_ENGLAND_AIT.json,root,1,F1901M,ITALY,2,2,ENGLAND,1,3,"[""A TYR - TRI"", ""F ION C A APU - TUN"", ""A APU - TUN VIA""]",True,"[""builds"", ""centers"", ""homes"", ""name"", ""retreats"", ""units""]"
cicero_g025_p005_ENGLAND,25,data/cicero_redacted_games/game_443777_ENGLAND_AIT.json,root,5,F1902M,ENGLAND,9,11,"AUSTRIA,ITALY,TURKEY",3,5,"[""F NTH S F NWY"", ""F ENG S A BEL"", ""F IRI - MAO"", ""A BEL S A RUH - BUR"", ""F NWY H""]",True,"[""builds"", ""centers"", ""homes"", ""name"", ""retreats"", ""units""]"
cicero_g025_p005_ITALY,25,data/cicero_redacted_games/game_443777_ENGLAND_AIT.json,root,5,F1902M,ITALY,3,3,ENGLAND,1,5,"[""A TUN - SYR VIA"", ""F ION C A TUN - SYR"", ""A VEN - PIE"", ""A TRI H"", ""F EAS C A TUN - SYR""]",True,"[""builds"", ""centers"", ""homes"", ""name"", ""retreats"", ""units""]"
cicero_g025_p005_TURKEY,25,data/cicero_redacted_games/game_443777_ENGLAND_AIT.json,root,5,F1902M,TURKEY,8,5,ENGLAND,1,3,"[""F SMY - EAS"", ""A SYR - SMY"", ""F CON S F BLA - BUL""]",True,"[""builds"", ""centers"", ""homes"", ""name"", ""retreats"", ""units""]"
cicero_g025_p022_ENGLAND,25,data/cicero_redacted_games/game_443777_ENGLAND_AIT.json,root,22,S1906M,ENGLAND,2,11,"ITALY,TURKEY",2,10,"[""F EDI - NTH"", ""A LON - BRE VIA"", ""F ENG C A LON - BRE"", ""A BEL - RUH"", ""F DEN S F HOL - KIE"", ""F HOL - KIE"", ""F MAO S A LON - BRE"", ""A BUR - PAR"", ""A SWE - NWY"", ""F SPA/SC - MAR""]",True,"[""builds"", ""centers"", ""homes"", ""name"", ""retreats"", ""units""]"
cicero_g025_p022_ITALY,25,data/cicero_redacted_games/game_443777_ENGLAND_AIT.json,root,22,S1906M,ITALY,2,1,ENGLAND,1,5,"[""F ION S F AEG - GRE"", ""A VEN - TRI"", ""A VIE S A VEN - TRI"", ""F ADR S A VEN - TRI"", ""F AEG - GRE""]",True,"[""builds"", ""centers"", ""homes"", ""name"", ""retreats"", ""units""]"
cicero_g025_p022_TURKEY,25,data/cicero_redacted_games/game_443777_ENGLAND_AIT.json,root,22,S1906M,TURKEY,9,1,ENGLAND,1,4,"[""A ANK H"", ""F SMY - AEG"", ""F BUL/EC - BLA"", ""A CON - BUL""]",True,"[""builds"", ""centers"", ""homes"", ""name"", ""retreats"", ""units""]"
cicero_g025_p024_ENGLAND,25,data/cicero_redacted_games/game_443777_ENGLAND_AIT.json,root,24,F1906M,ENGLAND,3,5,"ITALY,TURKEY",2,10,"[""F EDI - NTH"", ""F ENG - LON"", ""F DEN S F HOL - KIE"", ""F HOL - KIE"", ""A NWY - SWE"", ""A BRE S A BUR - PAR"", ""F MAO S F SPA"", ""A BUR - PAR"", ""A RUH - MUN"", ""F SPA/SC H""]",True,"[""builds"", ""centers"", ""homes"", ""name"", ""retreats"", ""units""]"
cicero_g025_p024_ITALY,25,data/cicero_redacted_games/game_443777_ENGLAND_AIT.json,root,24,F1906M,ITALY,2,1,ENGLAND,1,5,"[""F ION - TYS"", ""A VEN - TRI"", ""A VIE S A VEN - TRI"", ""F ADR - ION"", ""F GRE S F BUL""]",True,"[""builds"", ""centers"", ""homes"", ""name"", ""retreats"", ""units""]"
cicero_g025_p024_TURKEY,25,data/cicero_redacted_games/game_443777_ENGLAND_AIT.json,root,24,F1906M,TURKEY,3,2,ENGLAND,1,4,"[""F AEG H"", ""A ANK S A CON"", ""F BUL/EC H"", ""A CON S F BUL""]",True,"[""builds"", ""centers"", ""homes"", ""name"", ""retreats"", ""units""]"
cicero_g025_p032_AUSTRIA,25,data/cicero_redacted_games/game_443777_ENGLAND_AIT.json,root,32,S1908M,AUSTRIA,2,2,ENGLAND,1,4,"[""A TYR S A MUN"", ""A VIE - TRI"", ""A TRI - ALB"", ""A BUD - SER""]",True,"[""builds"", ""centers"", ""homes"", ""name"", ""retreats"", ""units""]"
cicero_g025_p032_ENGLAND,25,data/cicero_redacted_games/game_443777_ENGLAND_AIT.json,root,32,S1908M,ENGLAND,4,3,"AUSTRIA,ITALY",2,14,"[""A EDI - HOL VIA"", ""A LON H"", ""F NTH C A EDI - HOL"", ""F NWG - BAR"", ""A NWY S A SWE - FIN"", ""F SKA S A NWY"", ""F MAO - WES"", ""A BUR - MUN"", ""A RUH S A BUR - MUN"", ""F BAL S F KIE - BER"", ""F KIE - BER"", ""A SWE - FIN"", ""F SPA/SC S F MAO - WES"", ""A MAR H""]",True,"[""builds"", ""centers"", ""homes"", ""name"", ""retreats"", ""units""]"
cicero_g025_p032_ITALY,25,data/cicero_redacted_games/game_443777_ENGLAND_AIT.json,root,32,S1908M,ITALY,1,2,ENGLAND,1,5,"[""F WES - SPA/SC"", ""A PIE - VEN"", ""A BOH - SIL"", ""A VEN - APU"", ""F GRE H""]",True,"[""builds"", ""centers"", ""homes"", ""name"", ""retreats"", ""units""]"
cicero_g025_p034_ENGLAND,25,data/cicero_redacted_games/game_443777_ENGLAND_AIT.json,root,34,F1908M,ENGLAND,1,9,"ITALY,TURKEY",2,14,"[""A LON - NWY VIA"", ""F NTH C A LON - NWY"", ""A HOL - KIE"", ""A NWY - STP"", ""F SKA S A LON - NWY"", ""F BAR S A NWY - STP"", ""A BUR - MUN"", ""A RUH S A BUR - MUN"", ""F BAL S F BER"", ""A SWE - FIN"", ""F SPA/SC - LYO"", ""F WES - TUN"", ""A MAR - PIE"", ""F BER S A HOL - KIE""]",True,"[""builds"", ""centers"", ""homes"", ""name"", ""retreats"", ""units""]"
cicero_g025_p034_ITALY,25,data/cicero_redacted_games/game_443777_ENGLAND_AIT.json,root,34,F1908M,ITALY,5,1,ENGLAND,1,5,"[""F TYS S F WES - TUN"", ""A SIL S A BUR - MUN"", ""A VEN H"", ""A APU S A VEN"", ""F GRE - BUL/SC""]",True,"[""builds"", ""centers"", ""homes"", ""name"", ""retreats"", ""units""]"
cicero_g026_p000_ENGLAND,26,data/cicero_redacted_games/game_443831_GERMANY_EI.json,root,0,S1901M,ENGLAND,5,4,GERMANY,1,3,"[""F EDI - NWG"", ""F LON - NTH"", ""A LVP - EDI""]",True,"[""builds"", ""centers"", ""homes"", ""name"", ""retreats"", ""units""]"
cicero_g026_p000_GERMANY,26,data/cicero_redacted_games/game_443831_GERMANY_EI.json,root,0,S1901M,GERMANY,6,10,"ENGLAND,ITALY",2,3,"[""F KIE - DEN"", ""A MUN - RUH"", ""A BER - KIE""]",True,"[""builds"", ""centers"", ""homes"", ""name"", ""retreats"", ""units""]"
cicero_g026_p000_ITALY,26,data/cicero_redacted_games/game_443831_GERMANY_EI.json,root,0,S1901M,ITALY,5,2,GERMANY,1,3,"[""F NAP - ION"", ""A ROM - APU"", ""A VEN H""]",True,"[""builds"", ""centers"", ""homes"", ""name"", ""retreats"", ""units""]"
cicero_g026_p001_ENGLAND,26,data/cicero_redacted_games/game_443831_GERMANY_EI.json,root,1,F1901M,ENGLAND,2,3,GERMANY,1,3,"[""A EDI - BEL VIA"", ""F NTH C A EDI - BEL"", ""F NWG - NWY""]",True,"[""builds"", ""centers"", ""homes"", ""name"", ""retreats"", ""units""]"
cicero_g026_p001_GERMANY,26,data/cicero_redacted_games/game_443831_GERMANY_EI.json,root,1,F1901M,GERMANY,5,3,"ENGLAND,ITALY",2,3,"[""F DEN - SWE"", ""A RUH - MUN"", ""A KIE - HOL""]",True,"[""builds"", ""centers"", ""homes"", ""name"", ""retreats"", ""units""]"
cicero_g026_p001_ITALY,26,data/cicero_redacted_games/game_443831_GERMANY_EI.json,root,1,F1901M,ITALY,1,2,GERMANY,1,3,"[""F ION C A APU - TUN"", ""A VEN H"", ""A APU - TUN VIA""]",True,"[""builds"", ""centers"", ""homes"", ""name"", ""retreats"", ""units""]"
cicero_g026_p003_ENGLAND,26,data/cicero_redacted_games/game_443831_GERMANY_EI.json,root,3,S1902M,ENGLAND,2,3,GERMANY,1,5,"[""A EDI H"", ""F LON - NTH"", ""F NTH - SKA"", ""A BEL S A BUR - RUH"", ""F NWY S F BOT - SWE""]",True,"[""builds"", ""centers"", ""homes"", ""name"", ""retreats"", ""units""]"
cicero_g026_p003_GERMANY,26,data/cicero_redacted_games/game_443831_GERMANY_EI.json,root,3,S1902M,GERMANY,5,4,"ENGLAND,ITALY",2,5,"[""F DEN - SWE"", ""A HOL - RUH"", ""A KIE - MUN"", ""A MUN - SIL"", ""A BER - PRU""]",True,"[""builds"", ""centers"", ""homes"", ""name"", ""retreats"", ""units""]"
cicero_g026_p003_ITALY,26,data/cicero_redacted_games/game_443831_GERMANY_EI.json,root,3,S1902M,ITALY,2,2,GERMANY,1,4,"[""A TUN - ALB VIA"", ""F ION C A TUN - ALB"", ""F NAP - APU"", ""A VEN H""]",True,"[""builds"", ""centers"", ""homes"", ""name"", ""retreats"", ""units""]"
cicero_g027_p000_AUSTRIA,27,data/cicero_redacted_games/game_444322_AUSTRIA_ER.json,root,0,S1901M,AUSTRIA,4,6,"ENGLAND,RUSSIA",2,3,"[""A VIE - GAL"", ""F TRI - ALB"", ""A BUD - SER""]",True,"[""builds"", ""centers"", ""homes"", ""name"", ""retreats"", ""units""]"
cicero_g027_p000_ENGLAND,27,data/cicero_redacted_games/game_444322_AUSTRIA_ER.json,root,0,S1901M,ENGLAND,1,2,AUSTRIA,1,3,"[""F EDI - NWG"", ""F LON - NTH"", ""A LVP - EDI""]",True,"[""builds"", ""centers"", ""homes"", ""name"", ""retreats"", ""units""]"
cicero_g027_p000_RUSSIA,27,data/cicero_redacted_games/game_444322_AUSTRIA_ER.json,root,0,S1901M,RUSSIA,5,2,AUSTRIA,1,4,"[""F STP/SC - BOT"", ""A MOS - UKR"", ""A WAR - GAL"", ""F SEV - BLA""]",True,"[""builds"", ""centers"", ""homes"", ""name"", ""retreats"", ""units""]"
cicero_g027_p001_AUSTRIA,27,data/cicero_redacted_games/game_444322_AUSTRIA_ER.json,root,1,F1901M,AUSTRIA,4,4,RUSSIA,1,3,"[""A VIE - TRI"", ""F ALB - GRE"", ""A SER S F ALB - GRE""]",True,"[""builds"", ""centers"", ""homes"", ""name"", ""retreats"", ""units""]"
cicero_g027_p001_RUSSIA,27,data/cicero_redacted_games/game_444322_AUSTRIA_ER.json,root,1,F1901M,RUSSIA,4,4,AUSTRIA,1,4,"[""F BOT - SWE"", ""A WAR - GAL"", ""F SEV - BLA"", ""A UKR - RUM""]",True,"[""builds"", ""centers"", ""homes"", ""name"", ""retreats"", ""units""]"
cicero_g027_p003_AUSTRIA,27,data/cicero_redacted_games/game_444322_AUSTRIA_ER.json,root,3,S1902M,AUSTRIA,10,8,"ENGLAND,RUSSIA",2,5,"[""A VIE - GAL"", ""A TRI - SER"", ""F GRE S A SER - BUL"", ""A BUD S A GAL - RUM"", ""A SER - BUL""]",True,"[""builds"", ""centers"", ""homes"", ""name"", ""retreats"", ""units""]"
cicero_g027_p003_ENGLAND,27,data/cicero_redacted_games/game_444322_AUSTRIA_ER.json,root,3,S1902M,ENGLAND,1,2,AUSTRIA,1,4,"[""A EDI - NWY VIA"", ""F LON - ENG"", ""F NTH C A EDI - NWY"", ""F NWY - STP/NC""]",True,"[""builds"", ""centers"", ""homes"", ""name"", ""retreats"", ""units""]"
cicero_g027_p003_RUSSIA,27,data/cicero_redacted_games/game_444322_AUSTRIA_ER.json,root,3,S1902M,RUSSIA,7,8,AUSTRIA,1,4,"[""F BOT - SWE"", ""F SEV - BLA"", ""A UKR S A GAL - RUM"", ""A GAL - RUM""]",True,"[""builds"", ""centers"", ""homes"", ""name"", ""retreats"", ""units""]"
cicero_g027_p005_AUSTRIA,27,data/cicero_redacted_games/game_444322_AUSTRIA_ER.json,root,5,F1902M,AUSTRIA,10,7,"ENGLAND,RUSSIA",2,5,"[""A GAL - BUD"", ""F GRE - AEG"", ""A BUD - TRI"", ""A SER S A BUL"", ""A BUL S A RUM""]",True,"[""builds"", ""centers"", ""homes"", ""name"", ""retreats"", ""units""]"
cicero_g027_p005_ENGLAND,27,data/cicero_redacted_games/game_444322_AUSTRIA_ER.json,root,5,F1902M,ENGLAND,1,3,AUSTRIA,1,4,"[""F NTH - ENG"", ""F ENG - MAO"", ""A NWY S F BAL - SWE"", ""F STP/NC H""]",True,"[""builds"", ""centers"", ""homes"", ""name"", ""retreats"", ""units""]"
cicero_g027_p005_RUSSIA,27,data/cicero_redacted_games/game_444322_AUSTRIA_ER.json,root,5,F1902M,RUSSIA,6,7,AUSTRIA,1,4,"[""F BOT - SWE"", ""F SEV S A RUM"", ""A UKR S A RUM"", ""A RUM S F SEV""]",True,"[""builds"", ""centers"", ""homes"", ""name"", ""retreats"", ""units""]"
cicero_g027_p007_AUSTRIA,27,data/cicero_redacted_games/game_444322_AUSTRIA_ER.json,root,7,S1903M,AUSTRIA,4,4,RUSSIA,1,6,"[""A VIE - BOH"", ""A TRI - TYR"", ""F AEG S A BUL - CON"", ""A BUD S A RUM"", ""A SER - BUL"", ""A BUL - CON""]",True,"[""builds"", ""centers"", ""homes"", ""name"", ""retreats"", ""units""]"
cicero_g027_p007_RUSSIA,27,data/cicero_redacted_games/game_444322_AUSTRIA_ER.json,root,7,S1903M,RUSSIA,4,4,AUSTRIA,1,4,"[""F BOT - STP/SC"", ""F SEV S A RUM"", ""A UKR - MOS"", ""A RUM S F SEV""]",True,"[""builds"", ""centers"", ""homes"", ""name"", ""retreats"", ""units""]"
cicero_g027_p009_AUSTRIA,27,data/cicero_redacted_games/game_444322_AUSTRIA_ER.json,root,9,F1903M,AUSTRIA,5,2,RUSSIA,1,6,"[""A BOH S A TYR - MUN"", ""A TYR - MUN"", ""F AEG - CON"", ""A BUD - GAL"", ""A SER S A BUL"", ""A BUL S F AEG - CON""]",True,"[""builds"", ""centers"", ""homes"", ""name"", ""retreats"", ""units""]"
cicero_g027_p009_RUSSIA,27,data/cicero_redacted_games/game_444322_AUSTRIA_ER.json,root,9,F1903M,RUSSIA,2,5,AUSTRIA,1,4,"[""F BOT - STP/SC"", ""A MOS - WAR"", ""F SEV - BLA"", ""A RUM - UKR""]",True,"[""builds"", ""centers"", ""homes"", ""name"", ""retreats"", ""units""]"
cicero_g027_p012_AUSTRIA,27,data/cicero_redacted_games/game_444322_AUSTRIA_ER.json,root,12,S1904M,AUSTRIA,3,4,"ENGLAND,RUSSIA",2,7,"[""A MUN H"", ""A BOH S A MUN"", ""A GAL S A MOS - WAR"", ""A VIE - TYR"", ""F AEG - CON"", ""A SER S A BUL"", ""A BUL S F AEG - CON""]",True,"[""builds"", ""centers"", ""homes"", ""name"", ""retreats"", ""units""]"
cicero_g027_p012_RUSSIA,27,data/cicero_redacted_games/game_444322_AUSTRIA_ER.json,root,12,S1904M,RUSSIA,2,3,AUSTRIA,1,3,"[""A MOS - WAR"", ""F SEV - RUM"", ""A UKR S A MOS - WAR""]",True,"[""builds"", ""centers"", ""homes"", ""name"", ""retreats"", ""units""]"
cicero_g027_p014_AUSTRIA,27,data/cicero_redacted_games/game_444322_AUSTRIA_ER.json,root,14,F1904M,AUSTRIA,5,4,"ENGLAND,RUSSIA",2,7,"[""A MUN S A GAS - BUR"", ""A BOH S A MUN"", ""A TYR S A MUN"", ""A GAL S A WAR"", ""A SER - RUM"", ""A BUL S F CON"", ""F CON H""]",True,"[""builds"", ""centers"", ""homes"", ""name"", ""retreats"", ""units""]"
cicero_g027_p014_RUSSIA,27,data/cicero_redacted_games/game_444322_AUSTRIA_ER.json,root,14,F1904M,RUSSIA,4,4,AUSTRIA,1,3,"[""A WAR H"", ""A UKR - MOS"", ""F RUM - SEV""]",True,"[""builds"", ""centers"", ""homes"", ""name"", ""retreats"", ""units""]"
cicero_g027_p019_AUSTRIA,27,data/cicero_redacted_games/game_444322_AUSTRIA_ER.json,root,19,F1905M,AUSTRIA,2,1,ENGLAND,1,8,"[""A MUN S A GAL - SIL"", ""A BOH S A GAL - SIL"", ""A TYR S A MUN"", ""A GAL - SIL"", ""A RUM - SEV"", ""F AEG S A BUL - CON"", ""A BUD - RUM"", ""A BUL - CON""]",True,"[""builds"", ""centers"", ""homes"", ""name"", ""retreats"", ""units""]"
cicero_g027_p019_ENGLAND,27,data/cicero_redacted_games/game_444322_AUSTRIA_ER.json,root,19,F1905M,ENGLAND,1,2,AUSTRIA,1,7,"[""F ENG - BEL"", ""F NWY S F STP"", ""F BRE H"", ""F MAO S F BRE"", ""F STP/NC S F NWY"", ""F POR S F MAO"", ""A MOS S A LVN - WAR""]",True,"[""builds"", ""centers"", ""homes"", ""name"", ""retreats"", ""units""]"
cicero_g027_p023_AUSTRIA,27,data/cicero_redacted_games/game_444322_AUSTRIA_ER.json,root,23,F1906M,AUSTRIA,3,4,ENGLAND,1,7,"[""A TYR - VEN"", ""A GAL - RUM"", ""A VIE - TRI"", ""F AEG - BUL/SC"", ""A BUD S A VIE - TRI"", ""A SER S A GAL - RUM"", ""A CON - ANK""]",True,"[""builds"", ""centers"", ""homes"", ""name"", ""retreats"", ""units""]"
cicero_g027_p023_ENGLAND,27,data/cicero_redacted_games/game_444322_AUSTRIA_ER.json,root,23,F1906M,ENGLAND,4,3,AUSTRIA,1,9,"[""F NTH S F SKA - DEN"", ""F ENG - MAO"", ""F SKA - DEN"", ""F MAO - WES"", ""F PIC S A BEL"", ""F STP/NC - NWY"", ""F GAS S F POR - SPA"", ""F POR - SPA/SC"", ""A MOS S A WAR""]",True,"[""builds"", ""centers"", ""homes"", ""name"", ""retreats"", ""units""]"
cicero_g027_p026_AUSTRIA,27,data/cicero_redacted_games/game_444322_AUSTRIA_ER.json,root,26,S1907M,AUSTRIA,3,3,ENGLAND,1,8,"[""A TYR S A TRI - VEN"", ""A VIE S A BUD - GAL"", ""A TRI - VEN"", ""A RUM S A BUD - GAL"", ""A BUD - GAL"", ""A SER - BUL"", ""A ANK S F BUL/SC - CON"", ""F BUL/SC - CON""]",True,"[""builds"", ""centers"", ""homes"", ""name"", ""retreats"", ""units""]"
cicero_g027_p026_ENGLAND,27,data/cicero_redacted_games/game_444322_AUSTRIA_ER.json,root,26,S1907M,ENGLAND,3,3,AUSTRIA,1,8,"[""F NTH - DEN"", ""F NWY - SWE"", ""F SKA S F NWY - SWE"", ""F MAO S F POR - SPA"", ""F GAS S F POR - SPA"", ""F POR - SPA/SC"", ""F WES - TUN"", ""A MOS S A SEV - UKR""]",True,"[""builds"", ""centers"", ""homes"", ""name"", ""retreats"", ""units""]"
cicero_g027_p028_AUSTRIA,27,data/cicero_redacted_games/game_444322_AUSTRIA_ER.json,root,28,F1907M,AUSTRIA,4,4,ENGLAND,1,8,"[""A TYR S A TRI - VEN"", ""A GAL - WAR"", ""A VIE - BOH"", ""A TRI - VEN"", ""A RUM - BUL"", ""A SER - GRE"", ""A ANK S F BUL/SC - CON"", ""F BUL/SC - CON""]",True,"[""builds"", ""centers"", ""homes"", ""name"", ""retreats"", ""units""]"
cicero_g027_p028_ENGLAND,27,data/cicero_redacted_games/game_444322_AUSTRIA_ER.json,root,28,F1907M,ENGLAND,4,4,AUSTRIA,1,8,"[""F NTH - DEN"", ""F SKA S F SWE"", ""F MAO - WES"", ""F SWE S F NTH - DEN"", ""F GAS S F SPA"", ""F SPA/SC S F MAO - WES"", ""A MOS - STP"", ""F TUN S F MAO - WES""]",True,"[""builds"", ""centers"", ""homes"", ""name"", ""retreats"", ""units""]"
cicero_g027_p031_AUSTRIA,27,data/cicero_redacted_games/game_444322_AUSTRIA_ER.json,root,31,S1908M,AUSTRIA,2,2,ENGLAND,1,9,"[""A MUN S A BOH - SIL"", ""A BOH - SIL"", ""A GAL - UKR"", ""A VIE - GAL"", ""A TRI H"", ""A RUM S A GAL - UKR"", ""A SER - GRE"", ""A ANK - SMY"", ""F CON S A ANK - SMY""]",True,"[""builds"", ""centers"", ""homes"", ""name"", ""retreats"", ""units""]"
cicero_g027_p031_ENGLAND,27,data/cicero_redacted_games/game_444322_AUSTRIA_ER.json,root,31,S1908M,ENGLAND,2,2,AUSTRIA,1,11,"[""A EDI - DEN VIA"", ""F LON - ENG"", ""A LVP - YOR"", ""F NTH C A EDI - DEN"", ""F SKA S A EDI - DEN"", ""F SWE S A EDI - DEN"", ""A STP - MOS"", ""F GAS - MAO"", ""F SPA/SC - MAR"", ""F WES S F TUN - TYS"", ""F TUN - TYS""]",True,"[""builds"", ""centers"", ""homes"", ""name"", ""retreats"", ""units""]"
cicero_g028_p000_GERMANY,28,data/cicero_redacted_games/game_444400_TURKEY_G.json,root,0,S1901M,GERMANY,1,2,TURKEY,1,3,"[""F KIE - DEN"", ""A MUN - BUR"", ""A BER - KIE""]",True,"[""builds"", ""centers"", ""homes"", ""name"", ""retreats"", ""units""]"
cicero_g028_p000_TURKEY,28,data/cicero_redacted_games/game_444400_TURKEY_G.json,root,0,S1901M,TURKEY,2,1,GERMANY,1,3,"[""F ANK - BLA"", ""A SMY - CON"", ""A CON - BUL""]",True,"[""builds"", ""centers"", ""homes"", ""name"", ""retreats"", ""units""]"
cicero_g028_p001_GERMANY,28,data/cicero_redacted_games/game_444400_TURKEY_G.json,root,1,F1901M,GERMANY,5,4,TURKEY,1,3,"[""F DEN H"", ""A KIE - HOL"", ""A MUN - TYR""]",True,"[""builds"", ""centers"", ""homes"", ""name"", ""retreats"", ""units""]"
cicero_g028_p001_TURKEY,28,data/cicero_redacted_games/game_444400_TURKEY_G.json,root,1,F1901M,TURKEY,4,5,GERMANY,1,3,"[""F ANK - BLA"", ""A BUL - GRE"", ""A CON - BUL""]",True,"[""builds"", ""centers"", ""homes"", ""name"", ""retreats"", ""units""]"
cicero_g028_p003_GERMANY,28,data/cicero_redacted_games/game_444400_TURKEY_G.json,root,3,S1902M,GERMANY,5,6,TURKEY,1,4,"[""F DEN H"", ""A KIE S A MUN - RUH"", ""A MUN - RUH"", ""A BER - MUN""]",True,"[""builds"", ""centers"", ""homes"", ""name"", ""retreats"", ""units""]"
cicero_g028_p003_TURKEY,28,data/cicero_redacted_games/game_444400_TURKEY_G.json,root,3,S1902M,TURKEY,6,5,GERMANY,1,5,"[""A GRE S A BUL - SER"", ""F ANK - BLA"", ""F SMY - EAS"", ""A BUL - SER"", ""F CON - AEG""]",True,"[""builds"", ""centers"", ""homes"", ""name"", ""retreats"", ""units""]"
cicero_g028_p005_GERMANY,28,data/cicero_redacted_games/game_444400_TURKEY_G.json,root,5,F1902M,GERMANY,7,4,TURKEY,1,4,"[""F DEN - NTH"", ""A RUH - HOL"", ""A KIE S A RUH - HOL"", ""A MUN - SIL""]",True,"[""builds"", ""centers"", ""homes"", ""name"", ""retreats"", ""units""]"
cicero_g028_p005_TURKEY,28,data/cicero_redacted_games/game_444400_TURKEY_G.json,root,5,F1902M,TURKEY,4,7,GERMANY,1,5,"[""F BLA - RUM"", ""F AEG S F EAS - ION"", ""F EAS - ION"", ""A GRE S A SER"", ""A SER S A RUM - BUD""]",True,"[""builds"", ""centers"", ""homes"", ""name"", ""retreats"", ""units""]"
cicero_g028_p008_GERMANY,28,data/cicero_redacted_games/game_444400_TURKEY_G.json,root,8,S1903M,GERMANY,1,2,TURKEY,1,4,"[""F HEL - NTH"", ""A HOL H"", ""A KIE - DEN"", ""A SIL - MUN""]",True,"[""builds"", ""centers"", ""homes"", ""name"", ""retreats"", ""units""]"
cicero_g028_p008_TURKEY,28,data/cicero_redacted_games/game_444400_TURKEY_G.json,root,8,S1903M,TURKEY,2,1,GERMANY,1,6,"[""F ION - ALB"", ""F BLA S A SMY - ARM"", ""F AEG - ION"", ""A GRE - BUL"", ""A SER S A GRE - BUL"", ""A SMY - ARM""]",True,"[""builds"", ""centers"", ""homes"", ""name"", ""retreats"", ""units""]"
cicero_g028_p009_GERMANY,28,data/cicero_redacted_games/game_444400_TURKEY_G.json,root,9,F1903M,GERMANY,5,1,TURKEY,1,4,"[""A DEN H"", ""F HEL S A DEN"", ""A HOL S A BEL"", ""A SIL - MUN""]",True,"[""builds"", ""centers"", ""homes"", ""name"", ""retreats"", ""units""]"
cicero_g028_p009_TURKEY,28,data/cicero_redacted_games/game_444400_TURKEY_G.json,root,9,F1903M,TURKEY,1,5,GERMANY,1,6,"[""F ION H"", ""A ARM - SEV"", ""F BLA S A ARM - SEV"", ""F ALB - TRI"", ""A SER S A BUL - RUM"", ""A BUL - RUM""]",True,"[""builds"", ""centers"", ""homes"", ""name"", ""retreats"", ""units""]"
cicero_g028_p012_GERMANY,28,data/cicero_redacted_games/game_444400_TURKEY_G.json,root,12,S1904M,GERMANY,2,1,TURKEY,1,5,"[""A DEN - KIE"", ""F HEL - DEN"", ""A HOL S A MUN - RUH"", ""A MUN - RUH"", ""A BER - MUN""]",True,"[""builds"", ""centers"", ""homes"", ""name"", ""retreats"", ""units""]"
cicero_g028_p012_TURKEY,28,data/cicero_redacted_games/game_444400_TURKEY_G.json,root,12,S1904M,TURKEY,1,2,GERMANY,1,7,"[""A SEV - RUM"", ""F ION - TUN"", ""F BLA S A SEV - RUM"", ""F ALB - ION"", ""A SER S A SEV - RUM"", ""A SMY - ARM"", ""A BUL S A SEV - RUM""]",True,"[""builds"", ""centers"", ""homes"", ""name"", ""retreats"", ""units""]"
cicero_g028_p014_GERMANY,28,data/cicero_redacted_games/game_444400_TURKEY_G.json,root,14,F1904M,GERMANY,3,3,TURKEY,1,5,"[""F DEN H"", ""A HOL S A RUH - BEL"", ""A RUH - BEL"", ""A KIE - RUH"", ""A MUN - BUR""]",True,"[""builds"", ""centers"", ""homes"", ""name"", ""retreats"", ""units""]"
cicero_g028_p014_TURKEY,28,data/cicero_redacted_games/game_444400_TURKEY_G.json,root,14,F1904M,TURKEY,3,3,GERMANY,1,7,"[""F TUN H"", ""F ION - NAP"", ""A ARM - SEV"", ""F BLA S A ARM - SEV"", ""A RUM - BUD"", ""A GRE S A BUL - SER"", ""A BUL - SER""]",True,"[""builds"", ""centers"", ""homes"", ""name"", ""retreats"", ""units""]"
cicero_g028_p017_GERMANY,28,data/cicero_redacted_games/game_444400_TURKEY_G.json,root,17,S1905M,GERMANY,2,3,TURKEY,1,6,"[""A BEL S A RUH"", ""F DEN S F KIE - HEL"", ""A HOL H"", ""A RUH S A BEL"", ""F KIE - HEL"", ""A MUN - TYR""]",True,"[""builds"", ""centers"", ""homes"", ""name"", ""retreats"", ""units""]"
cicero_g028_p017_TURKEY,28,data/cicero_redacted_games/game_444400_TURKEY_G.json,root,17,S1905M,TURKEY,3,2,GERMANY,1,10,"[""F TUN - TYS"", ""A SEV - RUM"", ""F NAP S F TUN - TYS"", ""F BLA S A SEV - RUM"", ""A RUM - BUD"", ""A GRE - ALB"", ""A SER S A RUM - BUD"", ""A ANK - ARM"", ""F SMY - AEG"", ""A CON - BUL""]",True,"[""builds"", ""centers"", ""homes"", ""name"", ""retreats"", ""units""]"
cicero_g028_p019_GERMANY,28,data/cicero_redacted_games/game_444400_TURKEY_G.json,root,19,F1905M,GERMANY,4,4,TURKEY,1,6,"[""A BEL H"", ""F DEN S F HEL - NTH"", ""F HEL - NTH"", ""A HOL S A BEL"", ""A RUH - MUN"", ""A TYR - VIE""]",True,"[""builds"", ""centers"", ""homes"", ""name"", ""retreats"", ""units""]"
cicero_g028_p019_TURKEY,28,data/cicero_redacted_games/game_444400_TURKEY_G.json,root,19,F1905M,TURKEY,4,4,GERMANY,1,9,"[""F TYS - TUN"", ""F NAP - ROM"", ""A ARM - SEV"", ""F BLA S A ARM - SEV"", ""A RUM - UKR"", ""F AEG - ION"", ""A ALB S A SER - TRI"", ""A SER - TRI"", ""A BUL - SER""]",True,"[""builds"", ""centers"", ""homes"", ""name"", ""retreats"", ""units""]"
cicero_g028_p027_GERMANY,28,data/cicero_redacted_games/game_444400_TURKEY_G.json,root,27,S1907M,GERMANY,3,3,TURKEY,1,9,"[""A EDI S A HOL - YOR"", ""F NTH C A HOL - YOR"", ""A BEL H"", ""A HOL - YOR VIA"", ""F KIE - HEL"", ""F SWE - DEN"", ""A BER - MUN"", ""A TYR - TRI"", ""A VIE S A TYR - TRI""]",True,"[""builds"", ""centers"", ""homes"", ""name"", ""retreats"", ""units""]"
cicero_g028_p027_TURKEY,28,data/cicero_redacted_games/game_444400_TURKEY_G.json,root,27,S1907M,TURKEY,3,3,GERMANY,1,11,"[""F WES - TYS"", ""F ION - TUN"", ""F ROM S F WES - TYS"", ""A TRI - VIE"", ""A ARM - RUM VIA"", ""F BLA C A ARM - RUM"", ""A RUM - BUD"", ""F ADR C A ALB - APU"", ""A ALB - APU VIA"", ""A SER S A RUM - BUD"", ""A CON - BUL""]",True,"[""builds"", ""centers"", ""homes"", ""name"", ""retreats"", ""units""]"
cicero_g028_p029_GERMANY,28,data/cicero_redacted_games/game_444400_TURKEY_G.json,root,29,F1907M,GERMANY,2,2,TURKEY,1,9,"[""A EDI H"", ""A BEL H"", ""F DEN S F SKA - NTH"", ""F HEL S F SKA - NTH"", ""A HOL S A BEL"", ""F SKA - NTH"", ""A MUN H"", ""A VIE S A TRI"", ""A TRI S A RUM - BUD""]",True,"[""builds"", ""centers"", ""homes"", ""name"", ""retreats"", ""units""]"
cicero_g028_p029_TURKEY,28,data/cicero_redacted_games/game_444400_TURKEY_G.json,root,29,F1907M,TURKEY,2,2,GERMANY,1,11,"[""F TUN - WES"", ""F TYS S F TUN - WES"", ""F ROM S F TYS"", ""A ARM - SEV"", ""F BLA S A BUL - RUM"", ""F ADR S A APU - VEN"", ""A ALB - TRI"", ""A APU - VEN"", ""A BUD - VIE"", ""A SER S A ALB - TRI"", ""A BUL - RUM""]",True,"[""builds"", ""centers"", ""homes"", ""name"", ""retreats"", ""units""]"
cicero_g029_p000_AUSTRIA,29,data/cicero_redacted_games/game_444641_RUSSIA_AFI.json,root,0,S1901M,AUSTRIA,3,3,RUSSIA,1,3,"[""A VIE - BUD"", ""F TRI - ALB"", ""A BUD - SER""]",True,"[""builds"", ""centers"", ""homes"", ""name"", ""retreats"", ""units""]"
cicero_g029_p000_FRANCE,29,data/cicero_redacted_games/game_444641_RUSSIA_AFI.json,root,0,S1901M,FRANCE,1,1,RUSSIA,1,3,"[""F BRE - MAO"", ""A PAR - BUR"", ""A MAR S A PAR - BUR""]",True,"[""builds"", ""centers"", ""homes"", ""name"", ""retreats"", ""units""]"
cicero_g029_p000_ITALY,29,data/cicero_redacted_games/game_444641_RUSSIA_AFI.json,root,0,S1901M,ITALY,3,2,RUSSIA,1,3,"[""F NAP - TYS"", ""A ROM - VEN"", ""A VEN - PIE""]",True,"[""builds"", ""centers"", ""homes"", ""name"", ""retreats"", ""units""]"
cicero_g029_p000_RUSSIA,29,data/cicero_redacted_games/game_444641_RUSSIA_AFI.json,root,0,S1901M,RUSSIA,6,7,"AUSTRIA,FRANCE,ITALY",3,4,"[""F STP/SC - BOT"", ""A MOS - UKR"", ""A WAR - GAL"", ""F SEV - BLA""]",True,"[""builds"", ""centers"", ""homes"", ""name"", ""retreats"", ""units""]"
cicero_g029_p001_AUSTRIA,29,data/cicero_redacted_games/game_444641_RUSSIA_AFI.json,root,1,F1901M,AUSTRIA,2,3,RUSSIA,1,3,"[""F ALB - GRE"", ""A BUD - VIE"", ""A SER S F ALB - GRE""]",True,"[""builds"", ""centers"", ""homes"", ""name"", ""retreats"", ""units""]"
cicero_g029_p001_FRANCE,29,data/cicero_redacted_games/game_444641_RUSSIA_AFI.json,root,1,F1901M,FRANCE,2,1,RUSSIA,1,3,"[""F MAO - POR"", ""A BUR - MAR"", ""A MAR - SPA""]",True,"[""builds"", ""centers"", ""homes"", ""name"", ""retreats"", ""units""]"
cicero_g029_p001_ITALY,29,data/cicero_redacted_games/game_444641_RUSSIA_AFI.json,root,1,F1901M,ITALY,3,4,RUSSIA,1,3,"[""F TYS - TUN"", ""A PIE - MAR"", ""A VEN H""]",True,"[""builds"", ""centers"", ""homes"", ""name"", ""retreats"", ""units""]"
cicero_g029_p001_RUSSIA,29,data/cicero_redacted_games/game_444641_RUSSIA_AFI.json,root,1,F1901M,RUSSIA,8,7,"AUSTRIA,FRANCE,ITALY",3,4,"[""F BOT - SWE"", ""F SEV S A UKR - RUM"", ""A UKR - RUM"", ""A GAL - VIE""]",True,"[""builds"", ""centers"", ""homes"", ""name"", ""retreats"", ""units""]"
cicero_g029_p003_AUSTRIA,29,data/cicero_redacted_games/game_444641_RUSSIA_AFI.json,root,3,S1902M,AUSTRIA,1,2,RUSSIA,1,5,"[""A VIE - GAL"", ""A TRI S A BUD"", ""F GRE H"", ""A BUD S A VIE - GAL"", ""A SER S A BUL - RUM""]",True,"[""builds"", ""centers"", ""homes"", ""name"", ""retreats"", ""units""]"
cicero_g029_p003_FRANCE,29,data/cicero_redacted_games/game_444641_RUSSIA_AFI.json,root,3,S1902M,FRANCE,1,2,RUSSIA,1,5,"[""A BUR - RUH"", ""A PAR - BUR"", ""F POR - MAO"", ""A SPA - MAR"", ""F MAR - LYO""]",True,"[""builds"", ""centers"", ""homes"", ""name"", ""retreats"", ""units""]"
cicero_g029_p003_ITALY,29,data/cicero_redacted_games/game_444641_RUSSIA_AFI.json,root,3,S1902M,ITALY,1,1,RUSSIA,1,4,"[""F TUN - WES"", ""A PIE - MAR"", ""F NAP - TYS"", ""A VEN H""]",True,"[""builds"", ""centers"", ""homes"", ""name"", ""retreats"", ""units""]"
cicero_g029_p003_RUSSIA,29,data/cicero_redacted_games/game_444641_RUSSIA_AFI.json,root,3,S1902M,RUSSIA,5,3,"AUSTRIA,FRANCE,ITALY",3,6,"[""F SWE S F STP/NC - NWY"", ""F STP/NC - NWY"", ""A MOS - STP"", ""F SEV - BLA"", ""A GAL S A RUM"", ""A RUM S A BUL""]",True,"[""builds"", ""centers"", ""homes"", ""name"", ""retreats"", ""units""]"
cicero_g029_p005_AUSTRIA,29,data/cicero_redacted_games/game_444641_RUSSIA_AFI.json,root,5,F1902M,AUSTRIA,1,2,RUSSIA,1,5,"[""A GAL S A SER - RUM"", ""A TRI - TYR"", ""F GRE - ION"", ""A BUD S A SER - RUM"", ""A SER - RUM""]",True,"[""builds"", ""centers"", ""homes"", ""name"", ""retreats"", ""units""]"
cicero_g029_p005_FRANCE,29,data/cicero_redacted_games/game_444641_RUSSIA_AFI.json,root,5,F1902M,FRANCE,3,3,RUSSIA,1,5,"[""F MAO - WES"", ""A BUR - MAR"", ""A PAR - BUR"", ""A SPA H"", ""F LYO S F MAO - WES""]",True,"[""builds"", ""centers"", ""homes"", ""name"", ""retreats"", ""units""]"
cicero_g029_p005_ITALY,29,data/cicero_redacted_games/game_444641_RUSSIA_AFI.json,root,5,F1902M,ITALY,3,6,RUSSIA,1,4,"[""F WES S F TYS - LYO"", ""F TYS - LYO"", ""A PIE - MAR"", ""A VEN H""]",True,"[""builds"", ""centers"", ""homes"", ""name"", ""retreats"", ""units""]"
cicero_g029_p005_RUSSIA,29,data/cicero_redacted_games/game_444641_RUSSIA_AFI.json,root,5,F1902M,RUSSIA,11,7,"AUSTRIA,FRANCE,ITALY",3,6,"[""F NWY S F SWE"", ""F SWE S F NWY"", ""A STP S F NWY"", ""A WAR - GAL"", ""F SEV S A UKR - RUM"", ""A UKR - RUM""]",True,"[""builds"", ""centers"", ""homes"", ""name"", ""retreats"", ""units""]"
cicero_g029_p010_FRANCE,29,data/cicero_redacted_games/game_444641_RUSSIA_AFI.json,root,10,F1903M,FRANCE,1,1,RUSSIA,1,5,"[""A BUR - RUH"", ""F WES S F ION - TUN"", ""A MAR - BUR"", ""F LYO - TYS"", ""A TUS - ROM""]",True,"[""builds"", ""centers"", ""homes"", ""name"", ""retreats"", ""units""]"
cicero_g029_p010_ITALY,29,data/cicero_redacted_games/game_444641_RUSSIA_AFI.json,root,10,F1903M,ITALY,1,3,RUSSIA,1,4,"[""F TUN H"", ""F TYS - NAP"", ""A TYR - PIE"", ""A VEN - ROM""]",True,"[""builds"", ""centers"", ""homes"", ""name"", ""retreats"", ""units""]"
cicero_g029_p010_RUSSIA,29,data/cicero_redacted_games/game_444641_RUSSIA_AFI.json,root,10,F1903M,RUSSIA,4,2,"FRANCE,ITALY",2,5,"[""F NWY H"", ""F SWE - DEN"", ""A STP S F NWY"", ""A WAR - GAL"", ""A UKR S A SEV - RUM""]",True,"[""builds"", ""centers"", ""homes"", ""name"", ""retreats"", ""units""]"
cicero_g029_p013_AUSTRIA,29,data/cicero_redacted_games/game_444641_RUSSIA_AFI.json,root,13,S1904M,AUSTRIA,8,4,RUSSIA,1,5,"[""F TUN - ION"", ""A VIE - TRI"", ""A TRI - ALB"", ""A RUM S A UKR - SEV"", ""A BUD - SER""]",True,"[""builds"", ""centers"", ""homes"", ""name"", ""retreats"", ""units""]"
cicero_g029_p013_RUSSIA,29,data/cicero_redacted_games/game_444641_RUSSIA_AFI.json,root,13,S1904M,RUSSIA,4,8,AUSTRIA,1,5,"[""F NWY - NWG"", ""F SWE - DEN"", ""A STP - MOS"", ""A UKR - SEV"", ""A GAL - UKR""]",True,"[""builds"", ""centers"", ""homes"", ""name"", ""retreats"", ""units""]"
cicero_g029_p015_AUSTRIA,29,data/cicero_redacted_games/game_444641_RUSSIA_AFI.json,root,15,F1904M,AUSTRIA,5,5,RUSSIA,1,5,"[""F NAF - MAO"", ""A TRI - BUD"", ""A RUM S A MOS - SEV"", ""A ALB - GRE"", ""A SER S A ALB - GRE""]",True,"[""builds"", ""centers"", ""homes"", ""name"", ""retreats"", ""units""]"
cicero_g029_p015_RUSSIA,29,data/cicero_redacted_games/game_444641_RUSSIA_AFI.json,root,15,F1904M,RUSSIA,5,5,AUSTRIA,1,5,"[""F NWG - EDI"", ""F DEN S F KIE"", ""A MOS - SEV"", ""A UKR S A MOS - SEV"", ""A GAL S A RUM""]",True,"[""builds"", ""centers"", ""homes"", ""name"", ""retreats"", ""units""]"
cicero_g029_p018_AUSTRIA,29,data/cicero_redacted_games/game_444641_RUSSIA_AFI.json,root,18,S1905M,AUSTRIA,4,2,RUSSIA,1,4,"[""F NAF - TUN"", ""A ALB S A SER"", ""A BUD S A SEV - RUM"", ""A SER S A SEV - RUM""]",True,"[""builds"", ""centers"", ""homes"", ""name"", ""retreats"", ""units""]"
cicero_g029_p018_FRANCE,29,data/cicero_redacted_games/game_444641_RUSSIA_AFI.json,root,18,S1905M,FRANCE,2,4,RUSSIA,1,5,"[""A BUR S A MAR - GAS"", ""A PAR S A BUR"", ""F WES - MAO"", ""A MAR - GAS"", ""F TUN - WES""]",True,"[""builds"", ""centers"", ""homes"", ""name"", ""retreats"", ""units""]"
cicero_g029_p018_ITALY,29,data/cicero_redacted_games/game_444641_RUSSIA_AFI.json,root,18,S1905M,ITALY,8,5,RUSSIA,1,3,"[""F NAP - APU"", ""A ROM - VEN"", ""A VEN - TYR""]",True,"[""builds"", ""centers"", ""homes"", ""name"", ""retreats"", ""units""]"
cicero_g029_p018_RUSSIA,29,data/cicero_redacted_games/game_444641_RUSSIA_AFI.json,root,18,S1905M,RUSSIA,11,14,"AUSTRIA,FRANCE,ITALY",3,7,"[""F NWG - CLY"", ""F DEN - NTH"", ""F STP/NC - NWY"", ""A MOS - SEV"", ""A SEV - RUM"", ""A UKR S A MOS - SEV"", ""A GAL S A SEV - RUM""]",True,"[""builds"", ""centers"", ""homes"", ""name"", ""retreats"", ""units""]"
cicero_g029_p019_AUSTRIA,29,data/cicero_redacted_games/game_444641_RUSSIA_AFI.json,root,19,F1905M,AUSTRIA,5,4,RUSSIA,1,4,"[""F TUN S F APU - ION"", ""A ALB S A SER"", ""A BUD S A SEV - RUM"", ""A SER S A SEV - RUM""]",True,"[""builds"", ""centers"", ""homes"", ""name"", ""retreats"", ""units""]"
cicero_g029_p019_ITALY,29,data/cicero_redacted_games/game_444641_RUSSIA_AFI.json,root,19,F1905M,ITALY,7,3,RUSSIA,1,3,"[""A TYR - TRI"", ""A VEN S A TYR - TRI"", ""F APU - ADR""]",True,"[""builds"", ""centers"", ""homes"", ""name"", ""retreats"", ""units""]"
cicero_g029_p019_RUSSIA,29,data/cicero_redacted_games/game_444641_RUSSIA_AFI.json,root,19,F1905M,RUSSIA,7,12,"AUSTRIA,ITALY",2,7,"[""F NTH - EDI"", ""F CLY - LVP"", ""F NWY - SWE"", ""A MOS S A SEV"", ""A SEV S A GAL - RUM"", ""A UKR S A SEV"", ""A GAL - RUM""]",True,"[""builds"", ""centers"", ""homes"", ""name"", ""retreats"", ""units""]"
cicero_g029_p022_AUSTRIA,29,data/cicero_redacted_games/game_444641_RUSSIA_AFI.json,root,22,S1906M,AUSTRIA,4,5,RUSSIA,1,4,"[""F TUN S F NAP - ION"", ""A ALB - SER"", ""A BUD - VIE"", ""A SER - BUD""]",True,"[""builds"", ""centers"", ""homes"", ""name"", ""retreats"", ""units""]"
cicero_g029_p022_ITALY,29,data/cicero_redacted_games/game_444641_RUSSIA_AFI.json,root,22,S1906M,ITALY,5,2,RUSSIA,1,4,"[""F NAP - TYS"", ""A VEN - TYR"", ""A TRI S A BUL - SER"", ""F ADR - ION""]",True,"[""builds"", ""centers"", ""homes"", ""name"", ""retreats"", ""units""]"
cicero_g029_p022_RUSSIA,29,data/cicero_redacted_games/game_444641_RUSSIA_AFI.json,root,22,S1906M,RUSSIA,7,9,"AUSTRIA,ITALY",2,9,"[""F LVP - CLY"", ""F HOL - NTH"", ""F NWY - SWE"", ""A STP - NWY"", ""A MOS S A SEV"", ""A WAR - SIL"", ""A SEV S A RUM"", ""A UKR S A RUM"", ""A RUM S A SER - BUL""]",True,"[""builds"", ""centers"", ""homes"", ""name"", ""retreats"", ""units""]"
cicero_g029_p024_AUSTRIA,29,data/cicero_redacted_games/game_444641_RUSSIA_AFI.json,root,24,F1906M,AUSTRIA,2,2,RUSSIA,1,4,"[""F TUN H"", ""A VIE S A SER - TRI"", ""A ALB S A SER - TRI"", ""A BUD - RUM""]",True,"[""builds"", ""centers"", ""homes"", ""name"", ""retreats"", ""units""]"
cicero_g029_p024_ITALY,29,data/cicero_redacted_games/game_444641_RUSSIA_AFI.json,root,24,F1906M,ITALY,4,5,RUSSIA,1,4,"[""F TYS - TUN"", ""A TYR - VIE"", ""F ION S F TYS - TUN"", ""A TRI S A TYR - VIE""]",True,"[""builds"", ""centers"", ""homes"", ""name"", ""retreats"", ""units""]"
cicero_g029_p024_RUSSIA,29,data/cicero_redacted_games/game_444641_RUSSIA_AFI.json,root,24,F1906M,RUSSIA,7,6,"AUSTRIA,ITALY",2,9,"[""F CLY - EDI"", ""F HEL - DEN"", ""A NWY - STP"", ""F SWE S F HEL - DEN"", ""A MOS S A NWY - STP"", ""A WAR - SIL"", ""A SEV S A RUM"", ""A UKR S A RUM"", ""A RUM S A ALB - SER""]",True,"[""builds"", ""centers"", ""homes"", ""name"", ""retreats"", ""units""]"
cicero_g029_p027_AUSTRIA,29,data/cicero_redacted_games/game_444641_RUSSIA_AFI.json,root,27,S1907M,AUSTRIA,3,1,RUSSIA,1,1,"[""A BUD - SER""]",True,"[""builds"", ""centers"", ""homes"", ""name"", ""retreats"", ""units""]"
cicero_g029_p027_RUSSIA,29,data/cicero_redacted_games/game_444641_RUSSIA_AFI.json,root,27,S1907M,RUSSIA,1,3,AUSTRIA,1,6,"[""F SWE - NWY"", ""A STP S F SWE - NWY"", ""A MOS S A STP"", ""A SEV S A RUM"", ""A UKR S A RUM"", ""A RUM S A BUD""]",True,"[""builds"", ""centers"", ""homes"", ""name"", ""retreats"", ""units""]"
cicero_g029_p029_AUSTRIA,29,data/cicero_redacted_games/game_444641_RUSSIA_AFI.json,root,29,F1907M,AUSTRIA,8,4,RUSSIA,1,1,"[""A GAL - WAR""]",True,"[""builds"", ""centers"", ""homes"", ""name"", ""retreats"", ""units""]"
cicero_g029_p029_RUSSIA,29,data/cicero_redacted_games/game_444641_RUSSIA_AFI.json,root,29,F1907M,RUSSIA,4,8,AUSTRIA,1,6,"[""F BAL - BER"", ""A STP H"", ""A MOS - WAR"", ""A SEV S A RUM"", ""A UKR S A RUM"", ""A RUM H""]",True,"[""builds"", ""centers"", ""homes"", ""name"", ""retreats"", ""units""]"
cicero_g029_p032_FRANCE,29,data/cicero_redacted_games/game_444641_RUSSIA_AFI.json,root,32,S1908M,FRANCE,3,3,RUSSIA,1,7,"[""F LON H"", ""F LVP H"", ""F ENG S A RUH - BEL"", ""F MAO - SPA/SC"", ""A PIC - PAR"", ""A RUH - BEL"", ""A PAR - GAS""]",True,"[""builds"", ""centers"", ""homes"", ""name"", ""retreats"", ""units""]"
cicero_g029_p032_RUSSIA,29,data/cicero_redacted_games/game_444641_RUSSIA_AFI.json,root,32,S1908M,RUSSIA,3,3,FRANCE,1,5,"[""A STP - NWY"", ""F BER - KIE"", ""A MOS S A SEV"", ""A SEV H"", ""A UKR - GAL""]",True,"[""builds"", ""centers"", ""homes"", ""name"", ""retreats"", ""units""]"
cicero_g030_p000_AUSTRIA,30,data/cicero_redacted_games/game_445034_RUSSIA_AFGIT.json,root,0,S1901M,AUSTRIA,6,6,RUSSIA,1,3,"[""A VIE - GAL"", ""F TRI - ALB"", ""A BUD - SER""]",True,"[""builds"", ""centers"", ""homes"", ""name"", ""retreats"", ""units""]"
cicero_g030_p000_FRANCE,30,data/cicero_redacted_games/game_445034_RUSSIA_AFGIT.json,root,0,S1901M,FRANCE,3,3,RUSSIA,1,3,"[""F BRE - MAO"", ""A PAR - PIC"", ""A MAR - SPA""]",True,"[""builds"", ""centers"", ""homes"", ""name"", ""retreats"", ""units""]"
cicero_g030_p000_GERMANY,30,data/cicero_redacted_games/game_445034_RUSSIA_AFGIT.json,root,0,S1901M,GERMANY,4,4,RUSSIA,1,3,"[""F KIE - DEN"", ""A MUN - RUH"", ""A BER - KIE""]",True,"[""builds"", ""centers"", ""homes"", ""name"", ""retreats"", ""units""]"
cicero_g030_p000_ITALY,30,data/cicero_redacted_games/game_445034_RUSSIA_AFGIT.json,root,0,S1901M,ITALY,6,5,RUSSIA,1,3,"[""F NAP - ION"", ""A ROM - APU"", ""A VEN H""]",True,"[""builds"", ""centers"", ""homes"", ""name"", ""retreats"", ""units""]"
cicero_g030_p000_RUSSIA,30,data/cicero_redacted_games/game_445034_RUSSIA_AFGIT.json,root,0,S1901M,RUSSIA,21,23,"AUSTRIA,FRANCE,GERMANY,ITALY,TURKEY",5,4,"[""F STP/SC - BOT"", ""A MOS - UKR"", ""A WAR - GAL"", ""F SEV - BLA""]",True,"[""builds"", ""centers"", ""homes"", ""name"", ""retreats"", ""units""]"
cicero_g030_p000_TURKEY,30,data/cicero_redacted_games/game_445034_RUSSIA_AFGIT.json,root,0,S1901M,TURKEY,4,3,RUSSIA,1,3,"[""F ANK - BLA"", ""A SMY - CON"", ""A CON - BUL""]",True,"[""builds"", ""centers"", ""homes"", ""name"", ""retreats"", ""units""]"
cicero_g030_p001_AUSTRIA,30,data/cicero_redacted_games/game_445034_RUSSIA_AFGIT.json,root,1,F1901M,AUSTRIA,4,4,RUSSIA,1,3,"[""A VIE - TRI"", ""F ALB - GRE"", ""A SER S F ALB - GRE""]",True,"[""builds"", ""centers"", ""homes"", ""name"", ""retreats"", ""units""]"
cicero_g030_p001_FRANCE,30,data/cicero_redacted_games/game_445034_RUSSIA_AFGIT.json,root,1,F1901M,FRANCE,5,4,RUSSIA,1,3,"[""F MAO - POR"", ""A PIC - BEL"", ""A SPA H""]",True,"[""builds"", ""centers"", ""homes"", ""name"", ""retreats"", ""units""]"
cicero_g030_p001_GERMANY,30,data/cicero_redacted_games/game_445034_RUSSIA_AFGIT.json,root,1,F1901M,GERMANY,7,9,RUSSIA,1,3,"[""F DEN H"", ""A RUH S A PIC - BEL"", ""A KIE - HOL""]",True,"[""builds"", ""centers"", ""homes"", ""name"", ""retreats"", ""units""]"
cicero_g030_p001_ITALY,30,data/cicero_redacted_games/game_445034_RUSSIA_AFGIT.json,root,1,F1901M,ITALY,5,4,RUSSIA,1,3,"[""F ION C A APU - TUN"", ""A VEN - TYR"", ""A APU - TUN VIA""]",True,"[""builds"", ""centers"", ""homes"", ""name"", ""retreats"", ""units""]"
cicero_g030_p001_RUSSIA,30,data/cicero_redacted_games/game_445034_RUSSIA_AFGIT.json,root,1,F1901M,RUSSIA,25,26,"AUSTRIA,FRANCE,GERMANY,ITALY,TURKEY",5,4,"[""F BOT - SWE"", ""A WAR - LVN"", ""F SEV - RUM"", ""A UKR S F SEV - RUM""]",True,"[""builds"", ""centers"", ""homes"", ""name"", ""retreats"", ""units""]"
cicero_g030_p001_TURKEY,30,data/cicero_redacted_games/game_445034_RUSSIA_AFGIT.json,root,1,F1901M,TURKEY,5,4,RUSSIA,1,3,"[""F ANK - CON"", ""A BUL - GRE"", ""A CON - BUL""]",True,"[""builds"", ""centers"", ""homes"", ""name"", ""retreats"", ""units""]"
cicero_g030_p003_AUSTRIA,30,data/cicero_redacted_games/game_445034_RUSSIA_AFGIT.json,root,3,S1902M,AUSTRIA,6,2,RUSSIA,1,5,"[""A VIE S A TRI"", ""A TRI S A BUD - SER"", ""F GRE S A SER - BUL"", ""A BUD - SER"", ""A SER - BUL""]",True,"[""builds"", ""centers"", ""homes"", ""name"", ""retreats"", ""units""]"
cicero_g030_p003_FRANCE,30,data/cicero_redacted_games/game_445034_RUSSIA_AFGIT.json,root,3,S1902M,FRANCE,1,1,RUSSIA,1,6,"[""A BEL H"", ""F BRE - ENG"", ""A PAR - PIC"", ""F POR - MAO"", ""A SPA - GAS"", ""F MAR - SPA/SC""]",True,"[""builds"", ""centers"", ""homes"", ""name"", ""retreats"", ""units""]"
cicero_g030_p003_GERMANY,30,data/cicero_redacted_games/game_445034_RUSSIA_AFGIT.json,root,3,S1902M,GERMANY,4,5,RUSSIA,1,5,"[""F DEN S F KIE - HEL"", ""A HOL S A BEL"", ""A RUH - MUN"", ""F KIE - HEL"", ""A BER - KIE""]",True,"[""builds"", ""centers"", ""homes"", ""name"", ""retreats"", ""units""]"
cicero_g030_p003_ITALY,30,data/cicero_redacted_games/game_445034_RUSSIA_AFGIT.json,root,3,S1902M,ITALY,5,5,RUSSIA,1,4,"[""A TUN H"", ""A TYR - VEN"", ""F ION S F VEN - ADR"", ""F VEN - ADR""]",True,"[""builds"", ""centers"", ""homes"", ""name"", ""retreats"", ""units""]"
cicero_g030_p003_RUSSIA,30,data/cicero_redacted_games/game_445034_RUSSIA_AFGIT.json,root,3,S1902M,RUSSIA,17,22,"AUSTRIA,FRANCE,GERMANY,ITALY,TURKEY",5,6,"[""F SWE S F STP/NC - NWY"", ""F STP/NC - NWY"", ""A LVN H"", ""A SEV - ARM"", ""A UKR - RUM"", ""F RUM - BLA""]",True,"[""builds"", ""centers"", ""homes"", ""name"", ""retreats"", ""units""]"
cicero_g030_p003_TURKEY,30,data/cicero_redacted_games/game_445034_RUSSIA_AFGIT.json,root,3,S1902M,TURKEY,6,4,RUSSIA,1,4,"[""F ANK - CON"", ""F SMY - AEG"", ""A BUL - GRE"", ""A CON - BUL""]",True,"[""builds"", ""centers"", ""homes"", ""name"", ""retreats"", ""units""]"
cicero_g030_p005_AUSTRIA,30,data/cicero_redacted_games/game_445034_RUSSIA_AFGIT.json,root,5,F1902M,AUSTRIA,6,5,RUSSIA,1,5,"[""A VIE - BUD"", ""A TRI H"", ""F GRE S F ADR - ION"", ""A SER - BUD"", ""A BUL - CON""]",True,"[""builds"", ""centers"", ""homes"", ""name"", ""retreats"", ""units""]"
cicero_g030_p005_FRANCE,30,data/cicero_redacted_games/game_445034_RUSSIA_AFGIT.json,root,5,F1902M,FRANCE,3,4,RUSSIA,1,6,"[""F ENG S F HEL - NTH"", ""A BEL H"", ""F MAO - IRI"", ""A PIC S A BEL"", ""A GAS - BUR"", ""F SPA/SC - MAO""]",True,"[""builds"", ""centers"", ""homes"", ""name"", ""retreats"", ""units""]"
cicero_g030_p005_GERMANY,30,data/cicero_redacted_games/game_445034_RUSSIA_AFGIT.json,root,5,F1902M,GERMANY,7,5,RUSSIA,1,5,"[""F DEN S F HEL - NTH"", ""F HEL - NTH"", ""A HOL H"", ""A KIE S F DEN"", ""A MUN - BUR""]",True,"[""builds"", ""centers"", ""homes"", ""name"", ""retreats"", ""units""]"
cicero_g030_p005_ITALY,30,data/cicero_redacted_games/game_445034_RUSSIA_AFGIT.json,root,5,F1902M,ITALY,9,4,RUSSIA,1,4,"[""A TUN - GRE VIA"", ""F ION C A TUN - GRE"", ""A VEN H"", ""F ADR H""]",True,"[""builds"", ""centers"", ""homes"", ""name"", ""retreats"", ""units""]"
cicero_g030_p005_RUSSIA,30,data/cicero_redacted_games/game_445034_RUSSIA_AFGIT.json,root,5,F1902M,RUSSIA,20,29,"AUSTRIA,FRANCE,GERMANY,ITALY,TURKEY",5,6,"[""F NWY S F HEL - NTH"", ""F SWE S F NWY"", ""A LVN H"", ""A ARM - ANK"", ""F BLA S A ARM - ANK"", ""A RUM S A BUL""]",True,"[""builds"", ""centers"", ""homes"", ""name"", ""retreats"", ""units""]"
cicero_g030_p005_TURKEY,30,data/cicero_redacted_games/game_445034_RUSSIA_AFGIT.json,root,5,F1902M,TURKEY,4,2,RUSSIA,1,3,"[""F AEG S A TUN - GRE"", ""F ANK H"", ""A CON S F ANK""]",True,"[""builds"", ""centers"", ""homes"", ""name"", ""retreats"", ""units""]"
cicero_g030_p008_AUSTRIA,30,data/cicero_redacted_games/game_445034_RUSSIA_AFGIT.json,root,8,S1903M,AUSTRIA,6,3,RUSSIA,1,5,"[""A VIE - TYR"", ""A TRI S A VIE - TYR"", ""F ALB S A TRI"", ""A SER S A BUL - GRE"", ""A BUL - GRE""]",True,"[""builds"", ""centers"", ""homes"", ""name"", ""retreats"", ""units""]"
cicero_g030_p008_FRANCE,30,data/cicero_redacted_games/game_445034_RUSSIA_AFGIT.json,root,8,S1903M,FRANCE,3,6,RUSSIA,1,6,"[""F ENG S A HOL - LON"", ""F IRI - LVP"", ""A BEL H"", ""F MAO H"", ""A PIC S A BEL"", ""A GAS - BUR""]",True,"[""builds"", ""centers"", ""homes"", ""name"", ""retreats"", ""units""]"
cicero_g030_p008_GERMANY,30,data/cicero_redacted_games/game_445034_RUSSIA_AFGIT.json,root,8,S1903M,GERMANY,5,5,RUSSIA,1,5,"[""F NTH C A HOL - LON"", ""F DEN S F NTH"", ""A HOL - LON VIA"", ""A KIE - HOL"", ""A MUN - BUR""]",True,"[""builds"", ""centers"", ""homes"", ""name"", ""retreats"", ""units""]"
cicero_g030_p008_ITALY,30,data/cicero_redacted_games/game_445034_RUSSIA_AFGIT.json,root,8,S1903M,ITALY,2,2,RUSSIA,1,5,"[""F ION S A GRE - ALB"", ""A ROM - VEN"", ""A VEN - PIE"", ""F ADR S A GRE - ALB"", ""A GRE - ALB""]",True,"[""builds"", ""centers"", ""homes"", ""name"", ""retreats"", ""units""]"
cicero_g030_p008_RUSSIA,30,data/cicero_redacted_games/game_445034_RUSSIA_AFGIT.json,root,8,S1903M,RUSSIA,17,17,"AUSTRIA,FRANCE,GERMANY,ITALY,TURKEY",5,8,"[""F NWY - NWG"", ""F SWE - NWY"", ""F STP/NC - BAR"", ""A LVN H"", ""A SEV - RUM"", ""F BLA S A RUM - BUL"", ""A RUM - BUL"", ""A ANK - SMY""]",True,"[""builds"", ""centers"", ""homes"", ""name"", ""retreats"", ""units""]"
cicero_g030_p008_TURKEY,30,data/cicero_redacted_games/game_445034_RUSSIA_AFGIT.json,root,8,S1903M,TURKEY,1,1,RUSSIA,1,2,"[""F AEG S A GRE"", ""A CON - BUL""]",True,"[""builds"", ""centers"", ""homes"", ""name"", ""retreats"", ""units""]"
cicero_g030_p010_AUSTRIA,30,data/cicero_redacted_games/game_445034_RUSSIA_AFGIT.json,root,10,F1903M,AUSTRIA,2,2,RUSSIA,1,4,"[""A TYR - VIE"", ""A TRI - BUD"", ""A GRE H"", ""A SER S A TRI - BUD""]",True,"[""builds"", ""centers"", ""homes"", ""name"", ""retreats"", ""units""]"
cicero_g030_p010_GERMANY,30,data/cicero_redacted_games/game_445034_RUSSIA_AFGIT.json,root,10,F1903M,GERMANY,4,2,RUSSIA,1,5,"[""A LON H"", ""F NTH - EDI"", ""F DEN - SWE"", ""A HOL S A BEL"", ""A MUN - SIL""]",True,"[""builds"", ""centers"", ""homes"", ""name"", ""retreats"", ""units""]"
cicero_g030_p010_ITALY,30,data/cicero_redacted_games/game_445034_RUSSIA_AFGIT.json,root,10,F1903M,ITALY,1,2,RUSSIA,1,5,"[""A PIE - TYR"", ""F ION H"", ""A VEN S A ALB - TRI"", ""F ADR S A ALB - TRI"", ""A ALB - TRI""]",True,"[""builds"", ""centers"", ""homes"", ""name"", ""retreats"", ""units""]"
cicero_g030_p010_RUSSIA,30,data/cicero_redacted_games/game_445034_RUSSIA_AFGIT.json,root,10,F1903M,RUSSIA,9,12,"AUSTRIA,GERMANY,ITALY,TURKEY",4,8,"[""F NWG S F NTH - EDI"", ""F NWY - SWE"", ""F BAR - NWY"", ""A LVN - STP"", ""F BLA - CON"", ""A RUM S A BUL"", ""A SMY S F BLA - CON"", ""A BUL S F BLA - CON""]",True,"[""builds"", ""centers"", ""homes"", ""name"", ""retreats"", ""units""]"
cicero_g030_p010_TURKEY,30,data/cicero_redacted_games/game_445034_RUSSIA_AFGIT.json,root,10,F1903M,TURKEY,5,3,RUSSIA,1,2,"[""F AEG - GRE"", ""A CON S A BUL""]",True,"[""builds"", ""centers"", ""homes"", ""name"", ""retreats"", ""units""]"
cicero_g030_p013_GERMANY,30,data/cicero_redacted_games/game_445034_RUSSIA_AFGIT.json,root,13,S1904M,GERMANY,5,5,RUSSIA,1,6,"[""A LON - DEN VIA"", ""F NTH C A LON - DEN"", ""F DEN - BAL"", ""A HOL - KIE"", ""A BER - PRU"", ""A SIL S A BER - PRU""]",True,"[""builds"", ""centers"", ""homes"", ""name"", ""retreats"", ""units""]"
cicero_g030_p013_ITALY,30,data/cicero_redacted_games/game_445034_RUSSIA_AFGIT.json,root,13,S1904M,ITALY,4,5,RUSSIA,1,5,"[""A TYR - BOH"", ""F ION - EAS"", ""A VEN - PIE"", ""A TRI - ALB"", ""F ADR - ION""]",True,"[""builds"", ""centers"", ""homes"", ""name"", ""retreats"", ""units""]"
cicero_g030_p013_RUSSIA,30,data/cicero_redacted_games/game_445034_RUSSIA_AFGIT.json,root,13,S1904M,RUSSIA,14,12,"GERMANY,ITALY,TURKEY",3,10,"[""F NWG - NTH"", ""F NWY - SWE"", ""F BAR - NWY"", ""A STP - FIN"", ""A MOS - LVN"", ""A WAR - GAL"", ""A RUM S A BUL - SER"", ""A SMY - ANK"", ""A BUL - SER"", ""F CON - BUL/SC""]",True,"[""builds"", ""centers"", ""homes"", ""name"", ""retreats"", ""units""]"
cicero_g030_p013_TURKEY,30,data/cicero_redacted_games/game_445034_RUSSIA_AFGIT.json,root,13,S1904M,TURKEY,3,4,RUSSIA,1,1,"[""F AEG - GRE""]",True,"[""builds"", ""centers"", ""homes"", ""name"", ""retreats"", ""units""]"
cicero_g030_p014_FRANCE,30,data/cicero_redacted_games/game_445034_RUSSIA_AFGIT.json,root,14,F1904M,FRANCE,2,4,RUSSIA,1,7,"[""F LVP - CLY"", ""F ENG - LON"", ""A BEL - PIC"", ""A GAS - SPA"", ""F WES - TUN"", ""A MAR - PIE"", ""F LYO S A MAR - PIE""]",True,"[""builds"", ""centers"", ""homes"", ""name"", ""retreats"", ""units""]"
cicero_g030_p014_GERMANY,30,data/cicero_redacted_games/game_445034_RUSSIA_AFGIT.json,root,14,F1904M,GERMANY,1,3,RUSSIA,1,6,"[""F NTH - EDI"", ""A DEN - SWE"", ""F BAL - LVN"", ""A KIE - HOL"", ""A PRU - WAR"", ""A SIL S A PRU - WAR""]",True,"[""builds"", ""centers"", ""homes"", ""name"", ""retreats"", ""units""]"
cicero_g030_p014_ITALY,30,data/cicero_redacted_games/game_445034_RUSSIA_AFGIT.json,root,14,F1904M,ITALY,6,1,RUSSIA,1,5,"[""A PIE - MAR"", ""A BOH - TYR"", ""F ION - TUN"", ""A ALB - GRE"", ""F EAS - ION""]",True,"[""builds"", ""centers"", ""homes"", ""name"", ""retreats"", ""units""]"
cicero_g030_p014_RUSSIA,30,data/cicero_redacted_games/game_445034_RUSSIA_AFGIT.json,root,14,F1904M,RUSSIA,12,12,"FRANCE,GERMANY,ITALY,TURKEY",4,10,"[""F NWG - EDI"", ""F NWY S A FIN - SWE"", ""F SWE - BAL"", ""A FIN - SWE"", ""A LVN - PRU"", ""A WAR - SIL"", ""A RUM - SER"", ""A ANK - SMY"", ""A BUL S F AEG - GRE"", ""F CON - SMY""]",True,"[""builds"", ""centers"", ""homes"", ""name"", ""retreats"", ""units""]"
cicero_g030_p014_TURKEY,30,data/cicero_redacted_games/game_445034_RUSSIA_AFGIT.json,root,14,F1904M,TURKEY,3,4,RUSSIA,1,1,"[""F AEG - GRE""]",True,"[""builds"", ""centers"", ""homes"", ""name"", ""retreats"", ""units""]"
cicero_g030_p017_ITALY,30,data/cicero_redacted_games/game_445034_RUSSIA_AFGIT.json,root,17,S1905M,ITALY,6,4,RUSSIA,1,5,"[""A TYR - VEN"", ""F ION - TYS"", ""A TUS - VEN"", ""A ALB - GRE"", ""F EAS - SMY""]",True,"[""builds"", ""centers"", ""homes"", ""name"", ""retreats"", ""units""]"
cicero_g030_p017_RUSSIA,30,data/cicero_redacted_games/game_445034_RUSSIA_AFGIT.json,root,17,S1905M,RUSSIA,10,9,"AUSTRIA,ITALY,TURKEY",3,9,"[""F NWY - NTH"", ""F BAL C A PRU - DEN"", ""A SWE S A PRU - DEN"", ""A PRU - DEN VIA"", ""A MOS - WAR"", ""A SEV - UKR"", ""A ANK - ARM"", ""A BUL S A ALB - GRE"", ""F CON - BLA""]",True,"[""builds"", ""centers"", ""homes"", ""name"", ""retreats"", ""units""]"
cicero_g030_p017_TURKEY,30,data/cicero_redacted_games/game_445034_RUSSIA_AFGIT.json,root,17,S1905M,TURKEY,3,5,RUSSIA,1,1,"[""F GRE S A RUM - BUL""]",True,"[""builds"", ""centers"", ""homes"", ""name"", ""retreats"", ""units""]"
cicero_g030_p019_FRANCE,30,data/cicero_redacted_games/game_445034_RUSSIA_AFGIT.json,root,19,F1905M,FRANCE,2,3,RUSSIA,1,8,"[""F EDI H"", ""F WAL - LON"", ""A PIC - BEL"", ""A SPA - TUS VIA"", ""F WES - TUN"", ""F LYO C A SPA - TUS"", ""F TYS S F WES - TUN"", ""A PIE S A SPA - TUS""]",True,"[""builds"", ""centers"", ""homes"", ""name"", ""retreats"", ""units""]"
cicero_g030_p019_ITALY,30,data/cicero_redacted_games/game_445034_RUSSIA_AFGIT.json,root,19,F1905M,ITALY,6,4,RUSSIA,1,5,"[""A TYR - VEN"", ""F ION - NAP"", ""A TUS - ROM"", ""A ALB - TRI"", ""F SMY H""]",True,"[""builds"", ""centers"", ""homes"", ""name"", ""retreats"", ""units""]"
cicero_g030_p019_RUSSIA,30,data/cicero_redacted_games/game_445034_RUSSIA_AFGIT.json,root,19,F1905M,RUSSIA,12,14,"FRANCE,ITALY,TURKEY",3,9,"[""F NTH - HOL"", ""A DEN S F BAL - KIE"", ""F BAL - KIE"", ""A SWE - FIN"", ""A WAR H"", ""A SEV - RUM"", ""A ARM - SEV"", ""F BLA S A CON - BUL"", ""A CON - BUL""]",True,"[""builds"", ""centers"", ""homes"", ""name"", ""retreats"", ""units""]"
cicero_g030_p019_TURKEY,30,data/cicero_redacted_games/game_445034_RUSSIA_AFGIT.json,root,19,F1905M,TURKEY,6,5,RUSSIA,1,1,"[""F GRE - BUL/SC""]",True,"[""builds"", ""centers"", ""homes"", ""name"", ""retreats"", ""units""]"
cicero_g030_p022_FRANCE,30,data/cicero_redacted_games/game_445034_RUSSIA_AFGIT.json,root,22,S1906M,FRANCE,2,3,RUSSIA,1,9,"[""F EDI S F LON - NTH"", ""F LON - NTH"", ""A PIC S A PAR - BUR"", ""A PAR - BUR"", ""F TUN - ION"", ""F LYO S A TUS"", ""F TYS S F TUN - ION"", ""A PIE - VEN"", ""A TUS S A PIE - VEN""]",True,"[""builds"", ""centers"", ""homes"", ""name"", ""retreats"", ""units""]"
cicero_g030_p022_GERMANY,30,data/cicero_redacted_games/game_445034_RUSSIA_AFGIT.json,root,22,S1906M,GERMANY,4,2,RUSSIA,1,7,"[""F BEL - ENG"", ""A HOL - BEL"", ""A KIE - RUH"", ""A MUN - BUR"", ""A BER - KIE"", ""F STP/SC H"", ""A WAR S A MOS - UKR""]",True,"[""builds"", ""centers"", ""homes"", ""name"", ""retreats"", ""units""]"
cicero_g030_p022_ITALY,30,data/cicero_redacted_games/game_445034_RUSSIA_AFGIT.json,root,22,S1906M,ITALY,9,2,RUSSIA,1,5,"[""F NAP - ROM"", ""A ROM - TUS"", ""A VEN S A ROM - TUS"", ""A TRI S A VEN"", ""F SMY - AEG""]",True,"[""builds"", ""centers"", ""homes"", ""name"", ""retreats"", ""units""]"
cicero_g030_p022_RUSSIA,30,data/cicero_redacted_games/game_445034_RUSSIA_AFGIT.json,root,22,S1906M,RUSSIA,10,17,"FRANCE,GERMANY,ITALY,TURKEY",4,8,"[""F NTH - NWY"", ""A DEN H"", ""A FIN - STP"", ""A MOS S A SEV - UKR"", ""A SEV - UKR"", ""A ARM - SEV"", ""F BLA S A BUL"", ""A BUL H""]",True,"[""builds"", ""centers"", ""homes"", ""name"", ""retreats"", ""units""]"
cicero_g030_p022_TURKEY,30,data/cicero_redacted_games/game_445034_RUSSIA_AFGIT.json,root,22,S1906M,TURKEY,2,3,RUSSIA,1,1,"[""F GRE - ALB""]",True,"[""builds"", ""centers"", ""homes"", ""name"", ""retreats"", ""units""]"
cicero_g030_p023_GERMANY,30,data/cicero_redacted_games/game_445034_RUSSIA_AFGIT.json,root,23,F1906M,GERMANY,3,3,RUSSIA,1,7,"[""F ENG - BRE"", ""A BEL S A RUH - BUR"", ""A RUH - BUR"", ""A KIE - HOL"", ""A MUN S A RUH - BUR"", ""F STP/SC - LVN"", ""A WAR - LVN""]",True,"[""builds"", ""centers"", ""homes"", ""name"", ""retreats"", ""units""]"
cicero_g030_p023_ITALY,30,data/cicero_redacted_games/game_445034_RUSSIA_AFGIT.json,root,23,F1906M,ITALY,3,3,RUSSIA,1,5,"[""F NAP - TYS"", ""A ROM S A VEN"", ""A VEN S A ROM"", ""A TRI S A VEN"", ""F AEG - ION""]",True,"[""builds"", ""centers"", ""homes"", ""name"", ""retreats"", ""units""]"
cicero_g030_p023_RUSSIA,30,data/cicero_redacted_games/game_445034_RUSSIA_AFGIT.json,root,23,F1906M,RUSSIA,12,9,"FRANCE,GERMANY,ITALY,TURKEY",4,8,"[""A DEN H"", ""F NWY S A FIN - STP"", ""A FIN - STP"", ""A MOS - WAR"", ""A SEV - RUM"", ""A UKR S A MOS - WAR"", ""F BLA S A BUL"", ""A BUL S A SEV - RUM""]",True,"[""builds"", ""centers"", ""homes"", ""name"", ""retreats"", ""units""]"
cicero_g030_p023_TURKEY,30,data/cicero_redacted_games/game_445034_RUSSIA_AFGIT.json,root,23,F1906M,TURKEY,3,5,RUSSIA,1,1,"[""F ALB S F AEG - ION""]",True,"[""builds"", ""centers"", ""homes"", ""name"", ""retreats"", ""units""]"
cicero_g030_p026_GERMANY,30,data/cicero_redacted_games/game_445034_RUSSIA_AFGIT.json,root,26,S1907M,GERMANY,6,4,RUSSIA,1,5,"[""A HOL - BEL"", ""F BRE - MAO"", ""A BUR - PAR"", ""F KIE - HEL"", ""A MUN - KIE""]",True,"[""builds"", ""centers"", ""homes"", ""name"", ""retreats"", ""units""]"
cicero_g030_p026_ITALY,30,data/cicero_redacted_games/game_445034_RUSSIA_AFGIT.json,root,26,S1907M,ITALY,3,1,RUSSIA,1,5,"[""F ION - TUN"", ""F NAP S A ROM"", ""A ROM S F NAP"", ""A VEN S A ROM"", ""A TRI S A VEN""]",True,"[""builds"", ""centers"", ""homes"", ""name"", ""retreats"", ""units""]"
cicero_g030_p026_RUSSIA,30,data/cicero_redacted_games/game_445034_RUSSIA_AFGIT.json,root,26,S1907M,RUSSIA,8,12,"GERMANY,ITALY,TURKEY",3,9,"[""A DEN H"", ""F NWY - NWG"", ""A STP - NWY"", ""A MOS - UKR"", ""A WAR S A UKR - GAL"", ""A SEV - RUM"", ""A UKR - GAL"", ""F BLA S A BUL"", ""A BUL S A SEV - RUM""]",True,"[""builds"", ""centers"", ""homes"", ""name"", ""retreats"", ""units""]"
cicero_g030_p026_TURKEY,30,data/cicero_redacted_games/game_445034_RUSSIA_AFGIT.json,root,26,S1907M,TURKEY,3,3,RUSSIA,1,1,"[""F ALB - GRE""]",True,"[""builds"", ""centers"", ""homes"", ""name"", ""retreats"", ""units""]"
cicero_g030_p028_GERMANY,30,data/cicero_redacted_games/game_445034_RUSSIA_AFGIT.json,root,28,F1907M,GERMANY,5,3,RUSSIA,1,5,"[""F HEL - DEN"", ""A HOL S A BUR - BEL"", ""F BRE - ENG"", ""A BUR - BEL"", ""A KIE S F HEL - DEN""]",True,"[""builds"", ""centers"", ""homes"", ""name"", ""retreats"", ""units""]"
cicero_g030_p028_RUSSIA,30,data/cicero_redacted_games/game_445034_RUSSIA_AFGIT.json,root,28,F1907M,RUSSIA,3,6,"GERMANY,TURKEY",2,9,"[""F NWG C A NWY - CLY"", ""A DEN H"", ""A NWY - CLY VIA"", ""A WAR - SIL"", ""A SEV - RUM"", ""A UKR S A SEV - RUM"", ""A GAL - BUD"", ""F BLA S A BUL"", ""A BUL S A SEV - RUM""]",True,"[""builds"", ""centers"", ""homes"", ""name"", ""retreats"", ""units""]"
cicero_g030_p031_FRANCE,30,data/cicero_redacted_games/game_445034_RUSSIA_AFGIT.json,root,31,S1908M,FRANCE,2,2,RUSSIA,1,9,"[""F EDI - NTH"", ""F ENG S F EDI - NTH"", ""A BEL S A MAR - BUR"", ""F MAO - IRI"", ""A PIC - BRE"", ""A GAS S A PIC - BRE"", ""A MAR - BUR"", ""F TUN S F APU - ION"", ""F APU - ION""]",True,"[""builds"", ""centers"", ""homes"", ""name"", ""retreats"", ""units""]"
cicero_g030_p031_GERMANY,30,data/cicero_redacted_games/game_445034_RUSSIA_AFGIT.json,root,31,S1908M,GERMANY,4,3,RUSSIA,1,6,"[""F DEN - SWE"", ""A HOL H"", ""F BRE H"", ""A BUR - MUN"", ""A KIE S A BUR - MUN"", ""F BER - BAL""]",True,"[""builds"", ""centers"", ""homes"", ""name"", ""retreats"", ""units""]"
cicero_g030_p031_ITALY,30,data/cicero_redacted_games/game_445034_RUSSIA_AFGIT.json,root,31,S1908M,ITALY,4,2,RUSSIA,1,5,"[""F TYS S F ION - TUN"", ""F ION - TUN"", ""A NAP H"", ""A VEN S A TRI"", ""A TRI H""]",True,"[""builds"", ""centers"", ""homes"", ""name"", ""retreats"", ""units""]"
cicero_g030_p031_RUSSIA,30,data/cicero_redacted_games/game_445034_RUSSIA_AFGIT.json,root,31,S1908M,RUSSIA,10,13,"FRANCE,GERMANY,ITALY,TURKEY",4,10,"[""A CLY S F NWG - EDI"", ""F NWG - EDI"", ""A SWE H"", ""A BOH - VIE"", ""A SIL S A WAR - GAL"", ""A WAR - GAL"", ""A UKR S A RUM"", ""F BLA - CON"", ""A RUM S A BUL - SER"", ""A BUL - SER""]",True,"[""builds"", ""centers"", ""homes"", ""name"", ""retreats"", ""units""]"
cicero_g030_p031_TURKEY,30,data/cicero_redacted_games/game_445034_RUSSIA_AFGIT.json,root,31,S1908M,TURKEY,3,3,RUSSIA,1,1,"[""F GRE - AEG""]",True,"[""builds"", ""centers"", ""homes"", ""name"", ""retreats"", ""units""]"
cicero_g031_p000_FRANCE,31,data/cicero_redacted_games/game_445608_FRANCE_R.json,root,0,S1901M,FRANCE,2,2,RUSSIA,1,3,"[""F BRE - MAO"", ""A PAR - PIC"", ""A MAR - SPA""]",True,"[""builds"", ""centers"", ""homes"", ""name"", ""retreats"", ""units""]"
cicero_g031_p000_RUSSIA,31,data/cicero_redacted_games/game_445608_FRANCE_R.json,root,0,S1901M,RUSSIA,2,2,FRANCE,1,4,"[""F STP/SC - BOT"", ""A MOS - SEV"", ""A WAR - UKR"", ""F SEV - BLA""]",True,"[""builds"", ""centers"", ""homes"", ""name"", ""retreats"", ""units""]"
cicero_g031_p001_FRANCE,31,data/cicero_redacted_games/game_445608_FRANCE_R.json,root,1,F1901M,FRANCE,1,1,RUSSIA,1,3,"[""F MAO - SPA/SC"", ""A PIC - BEL"", ""A SPA - POR""]",True,"[""builds"", ""centers"", ""homes"", ""name"", ""retreats"", ""units""]"
cicero_g031_p001_RUSSIA,31,data/cicero_redacted_games/game_445608_FRANCE_R.json,root,1,F1901M,RUSSIA,1,1,FRANCE,1,4,"[""F BOT - SWE"", ""A MOS - WAR"", ""F SEV - RUM"", ""A UKR S F SEV - RUM""]",True,"[""builds"", ""centers"", ""homes"", ""name"", ""retreats"", ""units""]"
cicero_g031_p012_FRANCE,31,data/cicero_redacted_games/game_445608_FRANCE_R.json,root,12,S1904M,FRANCE,3,2,RUSSIA,1,7,"[""F MAO - IRI"", ""A PAR - PIC"", ""F MAR - SPA/SC"", ""F TUN - ION"", ""F TYS S F TUN - ION"", ""A PIE - VEN"", ""A ROM S A PIE - VEN""]",True,"[""builds"", ""centers"", ""homes"", ""name"", ""retreats"", ""units""]"
cicero_g031_p012_RUSSIA,31,data/cicero_redacted_games/game_445608_FRANCE_R.json,root,12,S1904M,RUSSIA,2,3,FRANCE,1,2,"[""A MOS - WAR"", ""A UKR - SEV""]",True,"[""builds"", ""centers"", ""homes"", ""name"", ""retreats"", ""units""]"
cicero_g031_p013_FRANCE,31,data/cicero_redacted_games/game_445608_FRANCE_R.json,root,13,F1904M,FRANCE,1,2,RUSSIA,1,7,"[""F IRI - LVP"", ""A PIC S A BEL"", ""F SPA/SC - MAO"", ""F TUN - ION"", ""F TYS - NAP"", ""A ROM S F TYS - NAP"", ""A VEN S A TYR - TRI""]",True,"[""builds"", ""centers"", ""homes"", ""name"", ""retreats"", ""units""]"
cicero_g031_p013_RUSSIA,31,data/cicero_redacted_games/game_445608_FRANCE_R.json,root,13,F1904M,RUSSIA,2,1,FRANCE,1,2,"[""A WAR - SIL"", ""A SEV - MOS""]",True,"[""builds"", ""centers"", ""homes"", ""name"", ""retreats"", ""units""]"
cicero_g031_p021_FRANCE,31,data/cicero_redacted_games/game_445608_FRANCE_R.json,root,21,F1906M,FRANCE,2,2,RUSSIA,1,10,"[""F LVP H"", ""F BRE - ENG"", ""F MAO S F BRE - ENG"", ""A PIC - PAR"", ""A GAS - BUR"", ""F TYS - TUN"", ""A PIE - MAR"", ""F NAP - ION"", ""A ROM S A APU - VEN"", ""A APU - VEN""]",True,"[""builds"", ""centers"", ""homes"", ""name"", ""retreats"", ""units""]"
cicero_g031_p021_RUSSIA,31,data/cicero_redacted_games/game_445608_FRANCE_R.json,root,21,F1906M,RUSSIA,2,2,FRANCE,1,2,"[""A MOS - WAR"", ""A UKR S A MOS - WAR""]",True,"[""builds"", ""centers"", ""homes"", ""name"", ""retreats"", ""units""]"
cicero_g031_p023_FRANCE,31,data/cicero_redacted_games/game_445608_FRANCE_R.json,root,23,S1907M,FRANCE,1,1,RUSSIA,1,9,"[""F BRE - ENG"", ""F MAO S F BRE - ENG"", ""A GAS - BUR"", ""A PAR - PIC"", ""F TUN - TYS"", ""A PIE - MAR"", ""F NAP - TYS"", ""A ROM - TUS"", ""A APU - ROM""]",True,"[""builds"", ""centers"", ""homes"", ""name"", ""retreats"", ""units""]"
cicero_g031_p023_RUSSIA,31,data/cicero_redacted_games/game_445608_FRANCE_R.json,root,23,S1907M,RUSSIA,1,1,FRANCE,1,2,"[""A MOS - STP"", ""A UKR - MOS""]",True,"[""builds"", ""centers"", ""homes"", ""name"", ""retreats"", ""units""]"
cicero_g032_p000_AUSTRIA,32,data/cicero_redacted_games/game_445663_RUSSIA_A.json,root,0,S1901M,AUSTRIA,3,4,RUSSIA,1,3,"[""A VIE - GAL"", ""F TRI - ALB"", ""A BUD - SER""]",True,"[""builds"", ""centers"", ""homes"", ""name"", ""retreats"", ""units""]"
cicero_g032_p000_RUSSIA,32,data/cicero_redacted_games/game_445663_RUSSIA_A.json,root,0,S1901M,RUSSIA,4,3,AUSTRIA,1,4,"[""F STP/SC - BOT"", ""A MOS - UKR"", ""A WAR - GAL"", ""F SEV - BLA""]",True,"[""builds"", ""centers"", ""homes"", ""name"", ""retreats"", ""units""]"
cicero_g032_p001_AUSTRIA,32,data/cicero_redacted_games/game_445663_RUSSIA_A.json,root,1,F1901M,AUSTRIA,6,6,RUSSIA,1,3,"[""A VIE - GAL"", ""F ALB - GRE"", ""A SER S F ALB - GRE""]",True,"[""builds"", ""centers"", ""homes"", ""name"", ""retreats"", ""units""]"
cicero_g032_p001_RUSSIA,32,data/cicero_redacted_games/game_445663_RUSSIA_A.json,root,1,F1901M,RUSSIA,6,6,AUSTRIA,1,4,"[""F BOT - SWE"", ""A WAR - UKR"", ""F SEV - BLA"", ""A UKR - RUM""]",True,"[""builds"", ""centers"", ""homes"", ""name"", ""retreats"", ""units""]"
cicero_g032_p003_AUSTRIA,32,data/cicero_redacted_games/game_445663_RUSSIA_A.json,root,3,S1902M,AUSTRIA,8,5,RUSSIA,1,5,"[""A GAL - RUM"", ""A VIE - GAL"", ""F GRE S F ION - AEG"", ""A BUD S A GAL - RUM"", ""A SER S A GAL - RUM""]",True,"[""builds"", ""centers"", ""homes"", ""name"", ""retreats"", ""units""]"
cicero_g032_p003_RUSSIA,32,data/cicero_redacted_games/game_445663_RUSSIA_A.json,root,3,S1902M,RUSSIA,5,8,AUSTRIA,1,5,"[""F SWE H"", ""A MOS S F BLA - SEV"", ""A WAR - GAL"", ""A UKR - RUM"", ""F BLA - SEV""]",True,"[""builds"", ""centers"", ""homes"", ""name"", ""retreats"", ""units""]"
cicero_g032_p004_AUSTRIA,32,data/cicero_redacted_games/game_445663_RUSSIA_A.json,root,4,F1902M,AUSTRIA,7,3,RUSSIA,1,5,"[""A VIE - GAL"", ""A RUM H"", ""F GRE H"", ""A BUD S A RUM"", ""A SER S F GRE""]",True,"[""builds"", ""centers"", ""homes"", ""name"", ""retreats"", ""units""]"
cicero_g032_p004_RUSSIA,32,data/cicero_redacted_games/game_445663_RUSSIA_A.json,root,4,F1902M,RUSSIA,3,7,AUSTRIA,1,5,"[""F SWE H"", ""A MOS - UKR"", ""A WAR - GAL"", ""F SEV S A UKR - RUM"", ""A UKR - RUM""]",True,"[""builds"", ""centers"", ""homes"", ""name"", ""retreats"", ""units""]"
cicero_g032_p007_AUSTRIA,32,data/cicero_redacted_games/game_445663_RUSSIA_A.json,root,7,S1903M,AUSTRIA,2,5,RUSSIA,1,5,"[""A VIE - GAL"", ""A TRI - SER"", ""F GRE S A SER - BUL"", ""A BUD S A TRI - SER"", ""A SER - BUL""]",True,"[""builds"", ""centers"", ""homes"", ""name"", ""retreats"", ""units""]"
cicero_g032_p007_RUSSIA,32,data/cicero_redacted_games/game_445663_RUSSIA_A.json,root,7,S1903M,RUSSIA,5,2,AUSTRIA,1,6,"[""F SWE - BAL"", ""A MOS - UKR"", ""A WAR S A UKR - GAL"", ""F SEV S A RUM"", ""A UKR - GAL"", ""A RUM S A UKR - GAL""]",True,"[""builds"", ""centers"", ""homes"", ""name"", ""retreats"", ""units""]"
cicero_g032_p009_AUSTRIA,32,data/cicero_redacted_games/game_445663_RUSSIA_A.json,root,9,F1903M,AUSTRIA,3,3,RUSSIA,1,5,"[""A VIE S A BUD"", ""A TRI S A SER"", ""F GRE H"", ""A BUD S A SER"", ""A SER S F GRE""]",True,"[""builds"", ""centers"", ""homes"", ""name"", ""retreats"", ""units""]"
cicero_g032_p009_RUSSIA,32,data/cicero_redacted_games/game_445663_RUSSIA_A.json,root,9,F1903M,RUSSIA,3,3,AUSTRIA,1,6,"[""F BAL - BOT"", ""A WAR S A UKR - MOS"", ""F SEV S A RUM"", ""A UKR - MOS"", ""A GAL - BUD"", ""A RUM S A GAL - BUD""]",True,"[""builds"", ""centers"", ""homes"", ""name"", ""retreats"", ""units""]"
cicero_g032_p026_AUSTRIA,32,data/cicero_redacted_games/game_445663_RUSSIA_A.json,root,26,S1907M,AUSTRIA,2,1,RUSSIA,1,7,"[""A BOH S A VIE - GAL"", ""A VIE - GAL"", ""A TRI - SER"", ""A RUM - SEV"", ""A BUD S A SER - RUM"", ""A SER - RUM"", ""F BUL/SC H""]",True,"[""builds"", ""centers"", ""homes"", ""name"", ""retreats"", ""units""]"
cicero_g032_p026_RUSSIA,32,data/cicero_redacted_games/game_445663_RUSSIA_A.json,root,26,S1907M,RUSSIA,1,2,AUSTRIA,1,4,"[""A SIL - BOH"", ""F SEV - BLA"", ""A UKR S A GAL"", ""A GAL S A SIL - BOH""]",True,"[""builds"", ""centers"", ""homes"", ""name"", ""retreats"", ""units""]"
cicero_g033_p000_AUSTRIA,33,data/cicero_redacted_games/game_446643_AUSTRIA_GR.json,root,0,S1901M,AUSTRIA,3,2,"GERMANY,RUSSIA",2,3,"[""A VIE - GAL"", ""F TRI - ALB"", ""A BUD - SER""]",True,"[""builds"", ""centers"", ""homes"", ""name"", ""retreats"", ""units""]"
cicero_g033_p000_GERMANY,33,data/cicero_redacted_games/game_446643_AUSTRIA_GR.json,root,0,S1901M,GERMANY,2,2,AUSTRIA,1,3,"[""F KIE - DEN"", ""A MUN - RUH"", ""A BER - KIE""]",True,"[""builds"", ""centers"", ""homes"", ""name"", ""retreats"", ""units""]"
cicero_g033_p001_AUSTRIA,33,data/cicero_redacted_games/game_446643_AUSTRIA_GR.json,root,1,F1901M,AUSTRIA,4,7,"GERMANY,RUSSIA",2,3,"[""A VIE - TRI"", ""F ALB - GRE"", ""A SER S A UKR - RUM""]",True,"[""builds"", ""centers"", ""homes"", ""name"", ""retreats"", ""units""]"
cicero_g033_p001_GERMANY,33,data/cicero_redacted_games/game_446643_AUSTRIA_GR.json,root,1,F1901M,GERMANY,1,1,AUSTRIA,1,3,"[""F DEN H"", ""A RUH S A KIE - HOL"", ""A KIE - HOL""]",True,"[""builds"", ""centers"", ""homes"", ""name"", ""retreats"", ""units""]"
cicero_g033_p001_RUSSIA,33,data/cicero_redacted_games/game_446643_AUSTRIA_GR.json,root,1,F1901M,RUSSIA,6,3,AUSTRIA,1,4,"[""F BOT - SWE"", ""A WAR - UKR"", ""F SEV - BLA"", ""A UKR - RUM""]",True,"[""builds"", ""centers"", ""homes"", ""name"", ""retreats"", ""units""]"
cicero_g033_p003_AUSTRIA,33,data/cicero_redacted_games/game_446643_AUSTRIA_GR.json,root,3,S1902M,AUSTRIA,4,5,"GERMANY,RUSSIA",2,5,"[""A VIE - BUD"", ""A TRI - ALB"", ""F GRE - AEG"", ""A BUD - SER"", ""A SER - BUL""]",True,"[""builds"", ""centers"", ""homes"", ""name"", ""retreats"", ""units""]"
cicero_g033_p003_GERMANY,33,data/cicero_redacted_games/game_446643_AUSTRIA_GR.json,root,3,S1902M,GERMANY,1,2,AUSTRIA,1,5,"[""F DEN S F KIE - HEL"", ""A HOL S A RUH - BEL"", ""A RUH - BEL"", ""F KIE - HEL"", ""A MUN - RUH""]",True,"[""builds"", ""centers"", ""homes"", ""name"", ""retreats"", ""units""]"
cicero_g033_p003_RUSSIA,33,data/cicero_redacted_games/game_446643_AUSTRIA_GR.json,root,3,S1902M,RUSSIA,4,2,AUSTRIA,1,6,"[""F SWE H"", ""F STP/NC - BAR"", ""A MOS - STP"", ""F SEV - BLA"", ""A UKR - SEV"", ""A RUM S A SER - BUL""]",True,"[""builds"", ""centers"", ""homes"", ""name"", ""retreats"", ""units""]"
cicero_g033_p004_AUSTRIA,33,data/cicero_redacted_games/game_446643_AUSTRIA_GR.json,root,4,F1902M,AUSTRIA,5,3,"GERMANY,RUSSIA",2,5,"[""A VIE - TRI"", ""A ALB - SER"", ""F GRE S A SER - BUL"", ""A BUD - TRI"", ""A SER - BUL""]",True,"[""builds"", ""centers"", ""homes"", ""name"", ""retreats"", ""units""]"
cicero_g033_p004_RUSSIA,33,data/cicero_redacted_games/game_446643_AUSTRIA_GR.json,root,4,F1902M,RUSSIA,3,4,AUSTRIA,1,6,"[""F BAR - NWY"", ""F SWE S F BAR - NWY"", ""A STP S F BAR - NWY"", ""F SEV - ARM"", ""A UKR - SEV"", ""A RUM S A SER - BUL""]",True,"[""builds"", ""centers"", ""homes"", ""name"", ""retreats"", ""units""]"
cicero_g033_p007_AUSTRIA,33,data/cicero_redacted_games/game_446643_AUSTRIA_GR.json,root,7,S1903M,AUSTRIA,3,6,"GERMANY,RUSSIA",2,6,"[""A VIE - TYR"", ""F TRI - ADR"", ""F GRE S A BUL"", ""A BUD - TRI"", ""A SER S A BUL"", ""A BUL S A RUM""]",True,"[""builds"", ""centers"", ""homes"", ""name"", ""retreats"", ""units""]"
cicero_g033_p007_RUSSIA,33,data/cicero_redacted_games/game_446643_AUSTRIA_GR.json,root,7,S1903M,RUSSIA,4,3,AUSTRIA,1,7,"[""F NWY S F HEL - NTH"", ""F SWE S F DEN"", ""A STP H"", ""A WAR - GAL"", ""A SEV S A RUM"", ""F ARM - BLA"", ""A RUM S A WAR - GAL""]",True,"[""builds"", ""centers"", ""homes"", ""name"", ""retreats"", ""units""]"
cicero_g033_p009_AUSTRIA,33,data/cicero_redacted_games/game_446643_AUSTRIA_GR.json,root,9,F1903M,AUSTRIA,5,8,"GERMANY,RUSSIA",2,6,"[""A TYR - VIE"", ""A TRI - BUD"", ""F ADR - ION"", ""F GRE S A BUL"", ""A SER S A TRI - BUD"", ""A BUL S A RUM""]",True,"[""builds"", ""centers"", ""homes"", ""name"", ""retreats"", ""units""]"
cicero_g033_p009_GERMANY,33,data/cicero_redacted_games/game_446643_AUSTRIA_GR.json,root,9,F1903M,GERMANY,2,2,AUSTRIA,1,6,"[""F NTH C A BEL - LON"", ""A BEL - LON VIA"", ""F DEN S F NTH"", ""F HOL S F NTH"", ""A RUH - MUN"", ""A MUN - SIL""]",True,"[""builds"", ""centers"", ""homes"", ""name"", ""retreats"", ""units""]"
cicero_g033_p009_RUSSIA,33,data/cicero_redacted_games/game_446643_AUSTRIA_GR.json,root,9,F1903M,RUSSIA,6,3,AUSTRIA,1,7,"[""F NWY - NWG"", ""F SWE H"", ""A STP - NWY"", ""A SEV - ARM"", ""A GAL - RUM"", ""F ARM - BLA"", ""A RUM - SEV""]",True,"[""builds"", ""centers"", ""homes"", ""name"", ""retreats"", ""units""]"
cicero_g033_p011_AUSTRIA,33,data/cicero_redacted_games/game_446643_AUSTRIA_GR.json,root,11,S1904M,AUSTRIA,6,5,RUSSIA,1,6,"[""F ION S F TUN"", ""A VIE - TYR"", ""F GRE - AEG"", ""A BUD - TRI"", ""A SER - BUL"", ""A BUL - CON""]",True,"[""builds"", ""centers"", ""homes"", ""name"", ""retreats"", ""units""]"
cicero_g033_p011_RUSSIA,33,data/cicero_redacted_games/game_446643_AUSTRIA_GR.json,root,11,S1904M,RUSSIA,5,6,AUSTRIA,1,7,"[""F NWG S A NWY"", ""A NWY H"", ""F SWE S A NWY"", ""A SEV - MOS"", ""A ARM S F BLA - ANK"", ""F BLA - ANK"", ""A RUM - GAL""]",True,"[""builds"", ""centers"", ""homes"", ""name"", ""retreats"", ""units""]"
cicero_g033_p013_AUSTRIA,33,data/cicero_redacted_games/game_446643_AUSTRIA_GR.json,root,13,F1904M,AUSTRIA,6,7,"GERMANY,RUSSIA",2,6,"[""A TYR S A TRI - VEN"", ""F ION - NAP"", ""A TRI - VEN"", ""F AEG - SMY"", ""A SER - RUM"", ""A BUL - CON""]",True,"[""builds"", ""centers"", ""homes"", ""name"", ""retreats"", ""units""]"
cicero_g033_p013_GERMANY,33,data/cicero_redacted_games/game_446643_AUSTRIA_GR.json,root,13,F1904M,GERMANY,2,2,AUSTRIA,1,7,"[""A YOR S F IRI - LVP"", ""F NTH - EDI"", ""F DEN S F KIE - BAL"", ""F KIE - BAL"", ""A MUN H"", ""A PRU S A WAR"", ""A WAR H""]",True,"[""builds"", ""centers"", ""homes"", ""name"", ""retreats"", ""units""]"
cicero_g033_p013_RUSSIA,33,data/cicero_redacted_games/game_446643_AUSTRIA_GR.json,root,13,F1904M,RUSSIA,5,4,AUSTRIA,1,7,"[""F NWG - NWY"", ""A NWY - STP"", ""F SWE S F NWG - NWY"", ""A MOS - LVN"", ""A GAL - RUM"", ""A ARM - SMY"", ""F ANK S A BUL - CON""]",True,"[""builds"", ""centers"", ""homes"", ""name"", ""retreats"", ""units""]"
cicero_g033_p016_AUSTRIA,33,data/cicero_redacted_games/game_446643_AUSTRIA_GR.json,root,16,S1905M,AUSTRIA,5,6,"GERMANY,RUSSIA",2,9,"[""A TYR S A VIE - BOH"", ""F NAP S A VEN - ROM"", ""A VEN - ROM"", ""A VIE - BOH"", ""F TRI - ADR"", ""F AEG - ION"", ""A BUD - RUM"", ""A SER - BUL"", ""A CON - SMY""]",True,"[""builds"", ""centers"", ""homes"", ""name"", ""retreats"", ""units""]"
cicero_g033_p016_GERMANY,33,data/cicero_redacted_games/game_446643_AUSTRIA_GR.json,root,16,S1905M,GERMANY,2,2,AUSTRIA,1,8,"[""A YOR - EDI"", ""F NTH S A YOR - EDI"", ""F DEN - SWE"", ""F BAL S F DEN - SWE"", ""A KIE H"", ""A MUN H"", ""A PRU H"", ""A WAR H""]",True,"[""builds"", ""centers"", ""homes"", ""name"", ""retreats"", ""units""]"
cicero_g033_p016_RUSSIA,33,data/cicero_redacted_games/game_446643_AUSTRIA_GR.json,root,16,S1905M,RUSSIA,4,3,AUSTRIA,1,7,"[""F NWY S F SWE"", ""F SWE S F NWY"", ""A STP S F NWY"", ""A LVN S A STP - MOS"", ""A GAL - RUM"", ""A ARM - SMY"", ""F ANK H""]",True,"[""builds"", ""centers"", ""homes"", ""name"", ""retreats"", ""units""]"
cicero_g033_p018_AUSTRIA,33,data/cicero_redacted_games/game_446643_AUSTRIA_GR.json,root,18,F1905M,AUSTRIA,3,5,"GERMANY,RUSSIA",2,9,"[""A BOH - VIE"", ""A TYR - VEN"", ""F ION - TYS"", ""F NAP S F ION - TYS"", ""A ROM - VEN"", ""F ADR - ION"", ""A BUD - VIE"", ""A SMY - CON"", ""A BUL - CON""]",True,"[""builds"", ""centers"", ""homes"", ""name"", ""retreats"", ""units""]"
cicero_g033_p018_GERMANY,33,data/cicero_redacted_games/game_446643_AUSTRIA_GR.json,root,18,F1905M,GERMANY,3,1,AUSTRIA,1,8,"[""A EDI S F IRI - LVP"", ""F NTH S F DEN"", ""F DEN S F BAL"", ""F BAL S F DEN"", ""A KIE S A MUN"", ""A MUN S A PRU - SIL"", ""A PRU - SIL"", ""A WAR S A PRU - SIL""]",True,"[""builds"", ""centers"", ""homes"", ""name"", ""retreats"", ""units""]"
cicero_g033_p018_RUSSIA,33,data/cicero_redacted_games/game_446643_AUSTRIA_GR.json,root,18,F1905M,RUSSIA,2,2,AUSTRIA,1,7,"[""F NWY S F SWE"", ""F SWE S F NWY"", ""A STP - MOS"", ""A LVN S A STP - MOS"", ""A GAL - RUM"", ""A ARM - SMY"", ""F ANK - CON""]",True,"[""builds"", ""centers"", ""homes"", ""name"", ""retreats"", ""units""]"
cicero_g033_p023_AUSTRIA,33,data/cicero_redacted_games/game_446643_AUSTRIA_GR.json,root,23,F1906M,AUSTRIA,2,3,RUSSIA,1,11,"[""F TYS - LYO"", ""A BOH S A VIE - GAL"", ""F ION S F NAP - TYS"", ""F NAP - TYS"", ""A ROM - TUS"", ""A VEN S A ROM - TUS"", ""A VIE - GAL"", ""A RUM S A VIE - GAL"", ""A SER S A RUM"", ""A SMY S A BUL - CON"", ""A BUL - CON""]",True,"[""builds"", ""centers"", ""homes"", ""name"", ""retreats"", ""units""]"
cicero_g033_p023_RUSSIA,33,data/cicero_redacted_games/game_446643_AUSTRIA_GR.json,root,23,F1906M,RUSSIA,3,2,AUSTRIA,1,7,"[""F NWY S F SWE"", ""F SWE S F NWY"", ""A MOS - WAR"", ""A SEV H"", ""A UKR S A MOS - WAR"", ""A ARM - ANK"", ""F ANK - BLA""]",True,"[""builds"", ""centers"", ""homes"", ""name"", ""retreats"", ""units""]"
cicero_g033_p026_AUSTRIA,33,data/cicero_redacted_games/game_446643_AUSTRIA_GR.json,root,26,S1907M,AUSTRIA,2,4,RUSSIA,1,12,"[""F LYO - WES"", ""F TYS S F ION - TUN"", ""A BOH S A VIE - TYR"", ""F ION - TUN"", ""A TUS S A VEN"", ""A VEN S A VIE - TYR"", ""A GAL S A BOH"", ""A VIE - TYR"", ""A RUM S A GAL"", ""A SER - TRI"", ""A SMY S A CON - ANK"", ""A CON - ANK""]",True,"[""builds"", ""centers"", ""homes"", ""name"", ""retreats"", ""units""]"
cicero_g033_p026_RUSSIA,33,data/cicero_redacted_games/game_446643_AUSTRIA_GR.json,root,26,S1907M,RUSSIA,4,2,AUSTRIA,1,4,"[""A MOS - STP"", ""A SEV - MOS"", ""A UKR - SEV"", ""A ANK - ARM""]",True,"[""builds"", ""centers"", ""homes"", ""name"", ""retreats"", ""units""]"
cicero_g033_p031_AUSTRIA,33,data/cicero_redacted_games/game_446643_AUSTRIA_GR.json,root,31,S1908M,AUSTRIA,3,1,RUSSIA,1,14,"[""F TUN S F TYS - WES"", ""F TYS - WES"", ""A BOH - GAL"", ""A TYR - MUN"", ""A UKR - MOS"", ""A TUS S A VEN"", ""A VEN S A TUS"", ""A VIE S A BOH - GAL"", ""F TRI - ADR"", ""A ARM - SEV"", ""A RUM S A ARM - SEV"", ""A BUD S A BOH - GAL"", ""A SER - TRI"", ""A ANK - CON""]",True,"[""builds"", ""centers"", ""homes"", ""name"", ""retreats"", ""units""]"
cicero_g033_p031_RUSSIA,33,data/cicero_redacted_games/game_446643_AUSTRIA_GR.json,root,31,S1908M,RUSSIA,1,3,AUSTRIA,1,3,"[""A STP H"", ""A MOS S A SEV"", ""A SEV H""]",True,"[""builds"", ""centers"", ""homes"", ""name"", ""retreats"", ""units""]"
cicero_g034_p000_ENGLAND,34,data/cicero_redacted_games/game_447229_ENGLAND_GI.json,root,0,S1901M,ENGLAND,2,3,"GERMANY,ITALY",2,3,"[""F EDI - NWG"", ""F LON - NTH"", ""A LVP - EDI""]",True,"[""builds"", ""centers"", ""homes"", ""name"", ""retreats"", ""units""]"
cicero_g034_p000_GERMANY,34,data/cicero_redacted_games/game_447229_ENGLAND_GI.json,root,0,S1901M,GERMANY,2,1,ENGLAND,1,3,"[""F KIE - DEN"", ""A MUN - RUH"", ""A BER - KIE""]",True,"[""builds"", ""centers"", ""homes"", ""name"", ""retreats"", ""units""]"
cicero_g034_p000_ITALY,34,data/cicero_redacted_games/game_447229_ENGLAND_GI.json,root,0,S1901M,ITALY,1,1,ENGLAND,1,3,"[""F NAP - ION"", ""A ROM - APU"", ""A VEN - TYR""]",True,"[""builds"", ""centers"", ""homes"", ""name"", ""retreats"", ""units""]"
cicero_g034_p001_ENGLAND,34,data/cicero_redacted_games/game_447229_ENGLAND_GI.json,root,1,F1901M,ENGLAND,8,5,"GERMANY,ITALY",2,3,"[""A EDI - NWY VIA"", ""F NTH S A RUH - BEL"", ""F NWG C A EDI - NWY""]",True,"[""builds"", ""centers"", ""homes"", ""name"", ""retreats"", ""units""]"
cicero_g034_p001_GERMANY,34,data/cicero_redacted_games/game_447229_ENGLAND_GI.json,root,1,F1901M,GERMANY,4,5,ENGLAND,1,3,"[""F DEN S F NTH"", ""A RUH - BEL"", ""A KIE - HOL""]",True,"[""builds"", ""centers"", ""homes"", ""name"", ""retreats"", ""units""]"
cicero_g034_p001_ITALY,34,data/cicero_redacted_games/game_447229_ENGLAND_GI.json,root,1,F1901M,ITALY,1,3,ENGLAND,1,3,"[""A TYR - VEN"", ""F ION - TUN"", ""A APU S A TYR - VEN""]",True,"[""builds"", ""centers"", ""homes"", ""name"", ""retreats"", ""units""]"
cicero_g034_p004_ENGLAND,34,data/cicero_redacted_games/game_447229_ENGLAND_GI.json,root,4,S1902M,ENGLAND,7,9,GERMANY,1,4,"[""F LON - NTH"", ""F NTH - SKA"", ""F NWG - NWY"", ""A NWY - FIN""]",True,"[""builds"", ""centers"", ""homes"", ""name"", ""retreats"", ""units""]"
cicero_g034_p004_GERMANY,34,data/cicero_redacted_games/game_447229_ENGLAND_GI.json,root,4,S1902M,GERMANY,9,7,ENGLAND,1,6,"[""A BEL S A MUN - BUR"", ""F DEN S F KIE - BAL"", ""A HOL S A BEL"", ""F KIE - BAL"", ""A MUN - BUR"", ""A BER - MUN""]",True,"[""builds"", ""centers"", ""homes"", ""name"", ""retreats"", ""units""]"
cicero_g034_p005_ENGLAND,34,data/cicero_redacted_games/game_447229_ENGLAND_GI.json,root,5,F1902M,ENGLAND,8,4,"GERMANY,ITALY",2,4,"[""F NTH S F SKA - DEN"", ""F NWY S A FIN - SWE"", ""F SKA - DEN"", ""A FIN - SWE""]",True,"[""builds"", ""centers"", ""homes"", ""name"", ""retreats"", ""units""]"
cicero_g034_p005_GERMANY,34,data/cicero_redacted_games/game_447229_ENGLAND_GI.json,root,5,F1902M,GERMANY,2,4,ENGLAND,1,6,"[""A BEL - PIC"", ""F DEN S F SWE"", ""A HOL - BEL"", ""A BUR - GAS"", ""F BAL S F DEN"", ""A MUN - BUR""]",True,"[""builds"", ""centers"", ""homes"", ""name"", ""retreats"", ""units""]"
cicero_g034_p005_ITALY,34,data/cicero_redacted_games/game_447229_ENGLAND_GI.json,root,5,F1902M,ITALY,2,4,ENGLAND,1,4,"[""A TYR - VIE"", ""F ION - ADR"", ""A VEN H"", ""A APU S A VEN""]",True,"[""builds"", ""centers"", ""homes"", ""name"", ""retreats"", ""units""]"
cicero_g034_p008_ENGLAND,34,data/cicero_redacted_games/game_447229_ENGLAND_GI.json,root,8,S1903M,ENGLAND,5,7,"GERMANY,ITALY",2,5,"[""F LON - NTH"", ""F NTH - HEL"", ""F NWY - SWE"", ""F SKA S A SWE - DEN"", ""A SWE - DEN""]",True,"[""builds"", ""centers"", ""homes"", ""name"", ""retreats"", ""units""]"
cicero_g034_p008_GERMANY,34,data/cicero_redacted_games/game_447229_ENGLAND_GI.json,root,8,S1903M,GERMANY,5,2,ENGLAND,1,6,"[""A BEL S A HOL"", ""F DEN - SWE"", ""A HOL S A BEL"", ""A BUR S A BEL"", ""F BAL S F DEN - SWE"", ""A GAS - SPA""]",True,"[""builds"", ""centers"", ""homes"", ""name"", ""retreats"", ""units""]"
cicero_g034_p008_ITALY,34,data/cicero_redacted_games/game_447229_ENGLAND_GI.json,root,8,S1903M,ITALY,2,3,ENGLAND,1,4,"[""A TYR S A VEN - TRI"", ""F ION - ADR"", ""A VEN - TRI"", ""A APU - VEN""]",True,"[""builds"", ""centers"", ""homes"", ""name"", ""retreats"", ""units""]"
cicero_g034_p010_ENGLAND,34,data/cicero_redacted_games/game_447229_ENGLAND_GI.json,root,10,F1903M,ENGLAND,4,3,GERMANY,1,5,"[""F NTH - DEN"", ""F HEL S F NTH - DEN"", ""F NWY S A FIN - SWE"", ""F SKA S A FIN - SWE"", ""A FIN - SWE""]",True,"[""builds"", ""centers"", ""homes"", ""name"", ""retreats"", ""units""]"
cicero_g034_p010_GERMANY,34,data/cicero_redacted_games/game_447229_ENGLAND_GI.json,root,10,F1903M,GERMANY,3,4,ENGLAND,1,6,"[""A BEL - HOL"", ""A HOL - KIE"", ""A BUR - BEL"", ""F BAL S F SWE - DEN"", ""F SWE - DEN"", ""A SPA H""]",True,"[""builds"", ""centers"", ""homes"", ""name"", ""retreats"", ""units""]"
cicero_g034_p015_ENGLAND,34,data/cicero_redacted_games/game_447229_ENGLAND_GI.json,root,15,F1904M,ENGLAND,3,6,"GERMANY,ITALY",2,5,"[""F NTH S F DEN"", ""F DEN S F SKA - SWE"", ""F NWY S F SKA - SWE"", ""F SKA - SWE"", ""A FIN - STP""]",True,"[""builds"", ""centers"", ""homes"", ""name"", ""retreats"", ""units""]"
cicero_g034_p015_GERMANY,34,data/cicero_redacted_games/game_447229_ENGLAND_GI.json,root,15,F1904M,GERMANY,6,2,ENGLAND,1,7,"[""A BEL S A MUN - BUR"", ""A HOL S A BEL"", ""A RUH S A MUN - BUR"", ""F BAL S F SWE"", ""F KIE S F BAL"", ""A POR H"", ""A MUN - BUR""]",True,"[""builds"", ""centers"", ""homes"", ""name"", ""retreats"", ""units""]"
cicero_g034_p018_ENGLAND,34,data/cicero_redacted_games/game_447229_ENGLAND_GI.json,root,18,S1905M,ENGLAND,5,10,GERMANY,1,5,"[""F NTH S F DEN"", ""F DEN S F SKA - SWE"", ""F NWY S A FIN - STP"", ""F SKA - SWE"", ""A FIN - STP""]",True,"[""builds"", ""centers"", ""homes"", ""name"", ""retreats"", ""units""]"
cicero_g034_p018_GERMANY,34,data/cicero_redacted_games/game_447229_ENGLAND_GI.json,root,18,S1905M,GERMANY,10,5,ENGLAND,1,6,"[""A BEL - PIC"", ""A HOL - BEL"", ""A BUR S A BEL - PIC"", ""F BAL S F SWE"", ""F KIE - DEN"", ""A POR H""]",True,"[""builds"", ""centers"", ""homes"", ""name"", ""retreats"", ""units""]"
cicero_g034_p020_ENGLAND,34,data/cicero_redacted_games/game_447229_ENGLAND_GI.json,root,20,F1905M,ENGLAND,5,5,GERMANY,1,5,"[""F NTH S F DEN"", ""F DEN S F SKA - SWE"", ""F NWY S F SKA - SWE"", ""F SKA - SWE"", ""A STP - MOS""]",True,"[""builds"", ""centers"", ""homes"", ""name"", ""retreats"", ""units""]"
cicero_g034_p020_GERMANY,34,data/cicero_redacted_games/game_447229_ENGLAND_GI.json,root,20,F1905M,GERMANY,5,5,ENGLAND,1,6,"[""A BEL S A HOL"", ""A HOL S A BEL"", ""A BUR - MUN"", ""F BAL - BER"", ""F KIE - BER"", ""A POR H""]",True,"[""builds"", ""centers"", ""homes"", ""name"", ""retreats"", ""units""]"
cicero_g034_p023_ENGLAND,34,data/cicero_redacted_games/game_447229_ENGLAND_GI.json,root,23,S1906M,ENGLAND,3,6,GERMANY,1,6,"[""F EDI - NWG"", ""F LON - NTH"", ""F NTH - HEL"", ""F DEN - BAL"", ""F NWY - STP/NC"", ""F SWE S F DEN - BAL""]",True,"[""builds"", ""centers"", ""homes"", ""name"", ""retreats"", ""units""]"
cicero_g034_p023_GERMANY,34,data/cicero_redacted_games/game_447229_ENGLAND_GI.json,root,23,S1906M,GERMANY,6,3,ENGLAND,1,6,"[""A BEL S A HOL"", ""A HOL S A BEL"", ""F BAL - DEN"", ""F KIE - HEL"", ""A POR H"", ""A MUN - KIE""]",True,"[""builds"", ""centers"", ""homes"", ""name"", ""retreats"", ""units""]"
cicero_g034_p025_ENGLAND,34,data/cicero_redacted_games/game_447229_ENGLAND_GI.json,root,25,F1906M,ENGLAND,4,10,GERMANY,1,6,"[""F LON - NTH"", ""F NTH - HEL"", ""F NWG - BAR"", ""F NWY - STP/NC"", ""F BAL - DEN"", ""F SWE - FIN""]",True,"[""builds"", ""centers"", ""homes"", ""name"", ""retreats"", ""units""]"
cicero_g034_p025_GERMANY,34,data/cicero_redacted_games/game_447229_ENGLAND_GI.json,root,25,F1906M,GERMANY,10,4,ENGLAND,1,5,"[""A BEL S A HOL"", ""A HOL S A BEL"", ""F KIE S F BER - BAL"", ""A MUN S A BOH - TYR"", ""F BER - BAL""]",True,"[""builds"", ""centers"", ""homes"", ""name"", ""retreats"", ""units""]"
cicero_g034_p028_ENGLAND,34,data/cicero_redacted_games/game_447229_ENGLAND_GI.json,root,28,S1907M,ENGLAND,3,10,GERMANY,1,6,"[""F NTH S F HEL - HOL"", ""F DEN H"", ""F HEL - HOL"", ""F NWY S F BAR - STP"", ""F BAR - STP/NC"", ""F SWE S F DEN""]",True,"[""builds"", ""centers"", ""homes"", ""name"", ""retreats"", ""units""]"
cicero_g034_p028_GERMANY,34,data/cicero_redacted_games/game_447229_ENGLAND_GI.json,root,28,S1907M,GERMANY,10,3,ENGLAND,1,6,"[""A BEL S A HOL"", ""A HOL S A BEL"", ""F BAL - DEN"", ""F KIE S F BAL - DEN"", ""A MUN - BUR"", ""A BER S F KIE""]",True,"[""builds"", ""centers"", ""homes"", ""name"", ""retreats"", ""units""]"
cicero_g035_p000_ITALY,35,data/cicero_redacted_games/game_447784_ITALY_RT.json,root,0,S1901M,ITALY,6,6,"RUSSIA,TURKEY",2,3,"[""F NAP - ION"", ""A ROM - APU"", ""A VEN H""]",True,"[""builds"", ""centers"", ""homes"", ""name"", ""retreats"", ""units""]"
cicero_g035_p000_RUSSIA,35,data/cicero_redacted_games/game_447784_ITALY_RT.json,root,0,S1901M,RUSSIA,4,3,ITALY,1,4,"[""F STP/SC - BOT"", ""A MOS - UKR"", ""A WAR - GAL"", ""F SEV - BLA""]",True,"[""builds"", ""centers"", ""homes"", ""name"", ""retreats"", ""units""]"
cicero_g035_p000_TURKEY,35,data/cicero_redacted_games/game_447784_ITALY_RT.json,root,0,S1901M,TURKEY,2,3,ITALY,1,3,"[""F ANK - BLA"", ""A SMY - ANK"", ""A CON - BUL""]",True,"[""builds"", ""centers"", ""homes"", ""name"", ""retreats"", ""units""]"
cicero_g035_p001_ITALY,35,data/cicero_redacted_games/game_447784_ITALY_RT.json,root,1,F1901M,ITALY,4,2,RUSSIA,1,3,"[""F ION C A APU - TUN"", ""A VEN H"", ""A APU - TUN VIA""]",True,"[""builds"", ""centers"", ""homes"", ""name"", ""retreats"", ""units""]"
cicero_g035_p001_RUSSIA,35,data/cicero_redacted_games/game_447784_ITALY_RT.json,root,1,F1901M,RUSSIA,2,4,ITALY,1,4,"[""F BOT - SWE"", ""A WAR - GAL"", ""F SEV - BLA"", ""A UKR - RUM""]",True,"[""builds"", ""centers"", ""homes"", ""name"", ""retreats"", ""units""]"
cicero_g035_p003_ITALY,35,data/cicero_redacted_games/game_447784_ITALY_RT.json,root,3,S1902M,ITALY,10,9,"RUSSIA,TURKEY",2,4,"[""A TUN H"", ""F ION - EAS"", ""F NAP - ION"", ""A VEN - TRI""]",True,"[""builds"", ""centers"", ""homes"", ""name"", ""retreats"", ""units""]"
cicero_g035_p003_RUSSIA,35,data/cicero_redacted_games/game_447784_ITALY_RT.json,root,3,S1902M,RUSSIA,4,6,ITALY,1,5,"[""F SWE - NWY"", ""A MOS - SEV"", ""A WAR - UKR"", ""F BLA S A RUM"", ""A RUM S A SER - BUL""]",True,"[""builds"", ""centers"", ""homes"", ""name"", ""retreats"", ""units""]"
cicero_g035_p003_TURKEY,35,data/cicero_redacted_games/game_447784_ITALY_RT.json,root,3,S1902M,TURKEY,5,4,ITALY,1,4,"[""A ANK - CON"", ""F SMY S F CON - AEG"", ""A BUL S A RUM"", ""F CON - AEG""]",True,"[""builds"", ""centers"", ""homes"", ""name"", ""retreats"", ""units""]"
cicero_g035_p005_ITALY,35,data/cicero_redacted_games/game_447784_ITALY_RT.json,root,5,F1902M,ITALY,6,3,"RUSSIA,TURKEY",2,4,"[""A TUN - SYR VIA"", ""F ION C A TUN - SYR"", ""A TRI H"", ""F EAS C A TUN - SYR""]",True,"[""builds"", ""centers"", ""homes"", ""name"", ""retreats"", ""units""]"
cicero_g035_p005_RUSSIA,35,data/cicero_redacted_games/game_447784_ITALY_RT.json,root,5,F1902M,RUSSIA,2,4,ITALY,1,5,"[""F SWE S F NWY"", ""A SEV - ARM"", ""A UKR - RUM"", ""F BLA C A RUM - ANK"", ""A RUM - ANK VIA""]",True,"[""builds"", ""centers"", ""homes"", ""name"", ""retreats"", ""units""]"
cicero_g035_p005_TURKEY,35,data/cicero_redacted_games/game_447784_ITALY_RT.json,root,5,F1902M,TURKEY,1,2,ITALY,1,3,"[""F AEG - CON"", ""F SMY S F AEG - CON"", ""A CON - ANK""]",True,"[""builds"", ""centers"", ""homes"", ""name"", ""retreats"", ""units""]"
cicero_g035_p008_ITALY,35,data/cicero_redacted_games/game_447784_ITALY_RT.json,root,8,S1903M,ITALY,2,4,RUSSIA,1,5,"[""F ION - AEG"", ""F NAP - ION"", ""A TRI - VIE"", ""F EAS S F ION - AEG"", ""A SYR - SMY""]",True,"[""builds"", ""centers"", ""homes"", ""name"", ""retreats"", ""units""]"
cicero_g035_p008_RUSSIA,35,data/cicero_redacted_games/game_447784_ITALY_RT.json,root,8,S1903M,RUSSIA,4,2,ITALY,1,4,"[""A UKR - WAR"", ""A ARM - ANK"", ""F BLA S A ARM - ANK"", ""A RUM - SEV""]",True,"[""builds"", ""centers"", ""homes"", ""name"", ""retreats"", ""units""]"
cicero_g035_p010_ITALY,35,data/cicero_redacted_games/game_447784_ITALY_RT.json,root,10,F1903M,ITALY,5,8,RUSSIA,1,5,"[""F ION - GRE"", ""A VIE H"", ""F AEG S F ION - GRE"", ""F EAS S A SYR - SMY"", ""A SYR - SMY""]",True,"[""builds"", ""centers"", ""homes"", ""name"", ""retreats"", ""units""]"
cicero_g035_p010_RUSSIA,35,data/cicero_redacted_games/game_447784_ITALY_RT.json,root,10,F1903M,RUSSIA,8,5,ITALY,1,4,"[""A WAR H"", ""A SEV H"", ""F BLA - CON"", ""A ANK S F BLA - CON""]",True,"[""builds"", ""centers"", ""homes"", ""name"", ""retreats"", ""units""]"
cicero_g035_p013_ITALY,35,data/cicero_redacted_games/game_447784_ITALY_RT.json,root,13,S1904M,ITALY,3,4,RUSSIA,1,6,"[""F ION C A SMY - ALB"", ""A VEN - TRI"", ""A VIE S A VEN - TRI"", ""F AEG C A SMY - ALB"", ""F EAS - SMY"", ""A SMY - ALB VIA""]",True,"[""builds"", ""centers"", ""homes"", ""name"", ""retreats"", ""units""]"
cicero_g035_p013_RUSSIA,35,data/cicero_redacted_games/game_447784_ITALY_RT.json,root,13,S1904M,RUSSIA,4,3,ITALY,1,5,"[""A MOS S A WAR"", ""A WAR S A SEV - UKR"", ""A SEV - UKR"", ""A ANK S F CON"", ""F CON S A BUL""]",True,"[""builds"", ""centers"", ""homes"", ""name"", ""retreats"", ""units""]"
cicero_g035_p015_ITALY,35,data/cicero_redacted_games/game_447784_ITALY_RT.json,root,15,F1904M,ITALY,4,4,RUSSIA,1,6,"[""F ION S A ALB - GRE"", ""A GAL - BUD"", ""A TRI - SER"", ""F AEG S A ALB - GRE"", ""A ALB - GRE"", ""F SMY H""]",True,"[""builds"", ""centers"", ""homes"", ""name"", ""retreats"", ""units""]"
cicero_g035_p015_RUSSIA,35,data/cicero_redacted_games/game_447784_ITALY_RT.json,root,15,F1904M,RUSSIA,4,4,ITALY,1,5,"[""A MOS S A WAR - LVN"", ""A WAR - LVN"", ""A UKR - RUM"", ""A ANK - CON"", ""F CON - BUL/SC""]",True,"[""builds"", ""centers"", ""homes"", ""name"", ""retreats"", ""units""]"
cicero_g035_p018_ITALY,35,data/cicero_redacted_games/game_447784_ITALY_RT.json,root,18,S1905M,ITALY,6,5,RUSSIA,1,7,"[""A TYR S A VEN - TRI"", ""F ION - ALB"", ""A VEN - TRI"", ""F AEG S F SMY"", ""A GRE S A BUD - SER"", ""A BUD - SER"", ""F SMY H""]",True,"[""builds"", ""centers"", ""homes"", ""name"", ""retreats"", ""units""]"
cicero_g035_p018_RUSSIA,35,data/cicero_redacted_games/game_447784_ITALY_RT.json,root,18,S1905M,RUSSIA,5,6,ITALY,1,6,"[""A LVN - WAR"", ""A MOS - UKR"", ""A SEV S A RUM"", ""A RUM S F CON - BUL"", ""A ANK - CON"", ""F CON - BUL/EC""]",True,"[""builds"", ""centers"", ""homes"", ""name"", ""retreats"", ""units""]"
cicero_g035_p020_ITALY,35,data/cicero_redacted_games/game_447784_ITALY_RT.json,root,20,F1905M,ITALY,3,7,RUSSIA,1,7,"[""A TYR - VIE"", ""A VEN - TRI"", ""F AEG S F SMY - CON"", ""F ALB S A VEN - TRI"", ""A GRE S A BUD - SER"", ""A BUD - SER"", ""F SMY - CON""]",True,"[""builds"", ""centers"", ""homes"", ""name"", ""retreats"", ""units""]"
cicero_g035_p020_RUSSIA,35,data/cicero_redacted_games/game_447784_ITALY_RT.json,root,20,F1905M,RUSSIA,7,3,ITALY,1,6,"[""A WAR - PRU"", ""A SEV - RUM"", ""A UKR - GAL"", ""A RUM - BUD"", ""F BUL/EC S A CON"", ""A CON S F BUL""]",True,"[""builds"", ""centers"", ""homes"", ""name"", ""retreats"", ""units""]"
cicero_g035_p023_ITALY,35,data/cicero_redacted_games/game_447784_ITALY_RT.json,root,23,S1906M,ITALY,4,8,RUSSIA,1,8,"[""A TYR S A VIE"", ""F NAP - TYS"", ""A TRI - BUD"", ""F AEG S F SMY - CON"", ""F ALB - ION"", ""A GRE - BUL"", ""A SER S A TRI - BUD"", ""F SMY - CON""]",True,"[""builds"", ""centers"", ""homes"", ""name"", ""retreats"", ""units""]"
cicero_g035_p023_RUSSIA,35,data/cicero_redacted_games/game_447784_ITALY_RT.json,root,23,S1906M,RUSSIA,8,4,ITALY,1,8,"[""A PRU - BER"", ""A MOS - SEV"", ""A WAR - SIL"", ""A GAL - RUM"", ""A RUM - BUL"", ""A BUD S A TRI - VIE"", ""F BUL/EC - BLA"", ""A CON S F BUL""]",True,"[""builds"", ""centers"", ""homes"", ""name"", ""retreats"", ""units""]"
cicero_g035_p025_ITALY,35,data/cicero_redacted_games/game_447784_ITALY_RT.json,root,25,F1906M,ITALY,2,5,RUSSIA,1,8,"[""F TYS - TUN"", ""A TYR - TRI"", ""F ION S F TYS - TUN"", ""F AEG S F CON"", ""A GRE - BUL"", ""A BUD - RUM"", ""A SER S A BUD - RUM"", ""F CON S A GRE - BUL""]",True,"[""builds"", ""centers"", ""homes"", ""name"", ""retreats"", ""units""]"
cicero_g035_p025_RUSSIA,35,data/cicero_redacted_games/game_447784_ITALY_RT.json,root,25,F1906M,RUSSIA,5,2,ITALY,1,8,"[""A PRU - LVN"", ""A SIL S A BOH - MUN"", ""A SEV S A RUM"", ""A GAL S A VIE - BUD"", ""A VIE - BUD"", ""F BLA - CON"", ""A RUM S A VIE - BUD"", ""A ANK - SMY""]",True,"[""builds"", ""centers"", ""homes"", ""name"", ""retreats"", ""units""]"
cicero_g035_p028_ITALY,35,data/cicero_redacted_games/game_447784_ITALY_RT.json,root,28,S1907M,ITALY,2,1,RUSSIA,1,9,"[""F TUN S F NAP - TYS"", ""F ION - EAS"", ""F NAP - TYS"", ""A VEN - TRI"", ""A TRI - BUD"", ""F AEG - SMY"", ""A SER S A TRI - BUD"", ""A BUL - RUM"", ""F CON S F AEG - SMY""]",True,"[""builds"", ""centers"", ""homes"", ""name"", ""retreats"", ""units""]"
cicero_g035_p028_RUSSIA,35,data/cicero_redacted_games/game_447784_ITALY_RT.json,root,28,S1907M,RUSSIA,1,2,ITALY,1,7,"[""A WAR - MOS"", ""A SEV - RUM"", ""A GAL S A SEV - RUM"", ""F BLA S A SMY - CON"", ""A RUM - SER"", ""A BUD S A RUM - SER"", ""A SMY - CON""]",True,"[""builds"", ""centers"", ""homes"", ""name"", ""retreats"", ""units""]"
cicero_g036_p000_AUSTRIA,36,data/cicero_redacted_games/game_448105_ENGLAND_AG.json,root,0,S1901M,AUSTRIA,1,1,ENGLAND,1,3,"[""A VIE - TRI"", ""F TRI - ALB"", ""A BUD - SER""]",True,"[""builds"", ""centers"", ""homes"", ""name"", ""retreats"", ""units""]"
cicero_g036_p000_ENGLAND,36,data/cicero_redacted_games/game_448105_ENGLAND_AG.json,root,0,S1901M,ENGLAND,7,7,"AUSTRIA,GERMANY",2,3,"[""F EDI - NWG"", ""F LON - NTH"", ""A LVP - EDI""]",True,"[""builds"", ""centers"", ""homes"", ""name"", ""retreats"", ""units""]"
cicero_g036_p000_GERMANY,36,data/cicero_redacted_games/game_448105_ENGLAND_AG.json,root,0,S1901M,GERMANY,6,6,ENGLAND,1,3,"[""F KIE - DEN"", ""A MUN - RUH"", ""A BER - KIE""]",True,"[""builds"", ""centers"", ""homes"", ""name"", ""retreats"", ""units""]"
cicero_g036_p001_ENGLAND,36,data/cicero_redacted_games/game_448105_ENGLAND_AG.json,root,1,F1901M,ENGLAND,5,4,GERMANY,1,3,"[""A EDI - NWY VIA"", ""F NTH - SKA"", ""F NWG C A EDI - NWY""]",True,"[""builds"", ""centers"", ""homes"", ""name"", ""retreats"", ""units""]"
cicero_g036_p001_GERMANY,36,data/cicero_redacted_games/game_448105_ENGLAND_AG.json,root,1,F1901M,GERMANY,4,5,ENGLAND,1,3,"[""F DEN H"", ""A RUH - BEL"", ""A KIE - HOL""]",True,"[""builds"", ""centers"", ""homes"", ""name"", ""retreats"", ""units""]"
cicero_g036_p025_ENGLAND,36,data/cicero_redacted_games/game_448105_ENGLAND_AG.json,root,25,S1907M,ENGLAND,2,1,GERMANY,1,1,"[""A EDI - LVP""]",True,"[""builds"", ""centers"", ""homes"", ""name"", ""retreats"", ""units""]"
cicero_g036_p025_GERMANY,36,data/cicero_redacted_games/game_448105_ENGLAND_AG.json,root,25,S1907M,GERMANY,1,2,ENGLAND,1,9,"[""F NTH C A HOL - EDI"", ""F DEN - SWE"", ""A HOL - EDI VIA"", ""F NWY S A LVN - STP"", ""A BUR - MUN"", ""A MUN - BOH"", ""A BER - SIL"", ""A LVN - STP"", ""A WAR - MOS""]",True,"[""builds"", ""centers"", ""homes"", ""name"", ""retreats"", ""units""]"
cicero_g037_p000_ENGLAND,37,data/cicero_redacted_games/game_448741_ITALY_ERT.json,root,0,S1901M,ENGLAND,1,1,ITALY,1,3,"[""F EDI - NTH"", ""F LON - ENG"", ""A LVP - YOR""]",True,"[""builds"", ""centers"", ""homes"", ""name"", ""retreats"", ""units""]"
cicero_g037_p000_ITALY,37,data/cicero_redacted_games/game_448741_ITALY_ERT.json,root,0,S1901M,ITALY,5,7,"ENGLAND,RUSSIA,TURKEY",3,3,"[""F NAP - ION"", ""A ROM - APU"", ""A VEN H""]",True,"[""builds"", ""centers"", ""homes"", ""name"", ""retreats"", ""units""]"
cicero_g037_p000_RUSSIA,37,data/cicero_redacted_games/game_448741_ITALY_ERT.json,root,0,S1901M,RUSSIA,4,2,ITALY,1,4,"[""F STP/SC - BOT"", ""A MOS - UKR"", ""A WAR - GAL"", ""F SEV - BLA""]",True,"[""builds"", ""centers"", ""homes"", ""name"", ""retreats"", ""units""]"
cicero_g037_p000_TURKEY,37,data/cicero_redacted_games/game_448741_ITALY_ERT.json,root,0,S1901M,TURKEY,2,2,ITALY,1,3,"[""F ANK - BLA"", ""A SMY - ARM"", ""A CON - BUL""]",True,"[""builds"", ""centers"", ""homes"", ""name"", ""retreats"", ""units""]"
cicero_g037_p001_ENGLAND,37,data/cicero_redacted_games/game_448741_ITALY_ERT.json,root,1,F1901M,ENGLAND,2,2,ITALY,1,3,"[""A YOR - BEL VIA"", ""F NTH C A YOR - BEL"", ""F ENG S A YOR - BEL""]",True,"[""builds"", ""centers"", ""homes"", ""name"", ""retreats"", ""units""]"
cicero_g037_p001_ITALY,37,data/cicero_redacted_games/game_448741_ITALY_ERT.json,root,1,F1901M,ITALY,12,10,"ENGLAND,RUSSIA,TURKEY",3,3,"[""F ION C A APU - TUN"", ""A VEN H"", ""A APU - TUN VIA""]",True,"[""builds"", ""centers"", ""homes"", ""name"", ""retreats"", ""units""]"
cicero_g037_p001_RUSSIA,37,data/cicero_redacted_games/game_448741_ITALY_ERT.json,root,1,F1901M,RUSSIA,4,4,ITALY,1,4,"[""F BOT - SWE"", ""A WAR - GAL"", ""F SEV S A UKR - RUM"", ""A UKR - RUM""]",True,"[""builds"", ""centers"", ""homes"", ""name"", ""retreats"", ""units""]"
cicero_g037_p001_TURKEY,37,data/cicero_redacted_games/game_448741_ITALY_ERT.json,root,1,F1901M,TURKEY,4,6,ITALY,1,3,"[""A ARM - SMY"", ""F ANK - BLA"", ""A BUL H""]",True,"[""builds"", ""centers"", ""homes"", ""name"", ""retreats"", ""units""]"
cicero_g037_p003_ENGLAND,37,data/cicero_redacted_games/game_448741_ITALY_ERT.json,root,3,S1902M,ENGLAND,2,4,ITALY,1,4,"[""F LVP - IRI"", ""F NTH - NWY"", ""F ENG - MAO"", ""A BEL S A MUN - BUR""]",True,"[""builds"", ""centers"", ""homes"", ""name"", ""retreats"", ""units""]"
cicero_g037_p003_ITALY,37,data/cicero_redacted_games/game_448741_ITALY_ERT.json,root,3,S1902M,ITALY,9,5,"ENGLAND,RUSSIA,TURKEY",3,4,"[""A TUN H"", ""F ION - EAS"", ""F NAP - ION"", ""A VEN - TRI""]",True,"[""builds"", ""centers"", ""homes"", ""name"", ""retreats"", ""units""]"
cicero_g037_p003_RUSSIA,37,data/cicero_redacted_games/game_448741_ITALY_ERT.json,root,3,S1902M,RUSSIA,1,2,ITALY,1,5,"[""F BOT - SWE"", ""A MOS - STP"", ""A WAR - GAL"", ""F SEV S A RUM"", ""A RUM S A WAR - GAL""]",True,"[""builds"", ""centers"", ""homes"", ""name"", ""retreats"", ""units""]"
cicero_g037_p003_TURKEY,37,data/cicero_redacted_games/game_448741_ITALY_ERT.json,root,3,S1902M,TURKEY,2,3,ITALY,1,4,"[""F BLA S A BUL"", ""A SMY - CON"", ""A BUL H"", ""F CON - AEG""]",True,"[""builds"", ""centers"", ""homes"", ""name"", ""retreats"", ""units""]"
cicero_g037_p004_ENGLAND,37,data/cicero_redacted_games/game_448741_ITALY_ERT.json,root,4,F1902M,ENGLAND,1,2,ITALY,1,4,"[""F ENG - MAO"", ""F IRI S F ENG - MAO"", ""A BEL S A RUH - BUR"", ""F NWY - SWE""]",True,"[""builds"", ""centers"", ""homes"", ""name"", ""retreats"", ""units""]"
cicero_g037_p004_ITALY,37,data/cicero_redacted_games/game_448741_ITALY_ERT.json,root,4,F1902M,ITALY,12,8,"ENGLAND,RUSSIA,TURKEY",3,4,"[""A TUN - GRE VIA"", ""F ION C A TUN - GRE"", ""A VEN - TRI"", ""F EAS S F GRE - AEG""]",True,"[""builds"", ""centers"", ""homes"", ""name"", ""retreats"", ""units""]"
cicero_g037_p004_RUSSIA,37,data/cicero_redacted_games/game_448741_ITALY_ERT.json,root,4,F1902M,RUSSIA,5,5,ITALY,1,5,"[""F SWE - NWY"", ""A STP S F SWE - NWY"", ""A WAR - SIL"", ""F SEV S A RUM"", ""A RUM H""]",True,"[""builds"", ""centers"", ""homes"", ""name"", ""retreats"", ""units""]"
cicero_g037_p004_TURKEY,37,data/cicero_redacted_games/game_448741_ITALY_ERT.json,root,4,F1902M,TURKEY,2,5,ITALY,1,4,"[""F BLA S A BUL"", ""A SMY H"", ""A BUL H"", ""F CON - AEG""]",True,"[""builds"", ""centers"", ""homes"", ""name"", ""retreats"", ""units""]"
cicero_g037_p007_ENGLAND,37,data/cicero_redacted_games/game_448741_ITALY_ERT.json,root,7,S1903M,ENGLAND,4,3,ITALY,1,5,"[""F EDI - NTH"", ""F ENG S A BEL - PIC"", ""F IRI S F ENG"", ""A BEL - PIC"", ""F SWE S F DEN - SKA""]",True,"[""builds"", ""centers"", ""homes"", ""name"", ""retreats"", ""units""]"
cicero_g037_p007_ITALY,37,data/cicero_redacted_games/game_448741_ITALY_ERT.json,root,7,S1903M,ITALY,6,8,"ENGLAND,TURKEY",2,4,"[""A TUN - SYR VIA"", ""F ION C A TUN - SYR"", ""A VEN - TRI"", ""F EAS C A TUN - SYR""]",True,"[""builds"", ""centers"", ""homes"", ""name"", ""retreats"", ""units""]"
cicero_g037_p007_TURKEY,37,data/cicero_redacted_games/game_448741_ITALY_ERT.json,root,7,S1903M,TURKEY,4,3,ITALY,1,4,"[""F BLA - CON"", ""F AEG - ION"", ""A SMY H"", ""A BUL - SER""]",True,"[""builds"", ""centers"", ""homes"", ""name"", ""retreats"", ""units""]"
cicero_g037_p009_ENGLAND,37,data/cicero_redacted_games/game_448741_ITALY_ERT.json,root,9,F1903M,ENGLAND,4,5,ITALY,1,5,"[""F NTH S F SWE - NWY"", ""F ENG S A BUR - PIC"", ""F IRI S F ENG"", ""A BEL S A BUR - PIC"", ""F SWE - NWY""]",True,"[""builds"", ""centers"", ""homes"", ""name"", ""retreats"", ""units""]"
cicero_g037_p009_ITALY,37,data/cicero_redacted_games/game_448741_ITALY_ERT.json,root,9,F1903M,ITALY,11,13,"ENGLAND,RUSSIA,TURKEY",3,4,"[""F ION - GRE"", ""A VEN H"", ""F EAS S A SYR - SMY"", ""A SYR - SMY""]",True,"[""builds"", ""centers"", ""homes"", ""name"", ""retreats"", ""units""]"
cicero_g037_p009_RUSSIA,37,data/cicero_redacted_games/game_448741_ITALY_ERT.json,root,9,F1903M,RUSSIA,5,3,ITALY,1,5,"[""F NWY S F DEN - SWE"", ""A STP S F NWY"", ""A WAR - GAL"", ""F SEV S A RUM"", ""A RUM S A WAR - GAL""]",True,"[""builds"", ""centers"", ""homes"", ""name"", ""retreats"", ""units""]"
cicero_g037_p009_TURKEY,37,data/cicero_redacted_games/game_448741_ITALY_ERT.json,root,9,F1903M,TURKEY,4,3,ITALY,1,4,"[""F AEG - GRE"", ""A SER S F AEG - GRE"", ""A SMY H"", ""F CON S A SMY""]",True,"[""builds"", ""centers"", ""homes"", ""name"", ""retreats"", ""units""]"
cicero_g037_p012_ENGLAND,37,data/cicero_redacted_games/game_448741_ITALY_ERT.json,root,12,S1904M,ENGLAND,1,1,ITALY,1,5,"[""F NTH - EDI"", ""F ENG - MAO"", ""F IRI S F ENG - MAO"", ""A BEL S A RUH - BUR"", ""F NWY H""]",True,"[""builds"", ""centers"", ""homes"", ""name"", ""retreats"", ""units""]"
cicero_g037_p012_ITALY,37,data/cicero_redacted_games/game_448741_ITALY_ERT.json,root,12,S1904M,ITALY,10,9,"ENGLAND,RUSSIA,TURKEY",3,4,"[""F ION - AEG"", ""A VEN H"", ""F EAS S F ION - AEG"", ""A SYR - ARM""]",True,"[""builds"", ""centers"", ""homes"", ""name"", ""retreats"", ""units""]"
cicero_g037_p012_RUSSIA,37,data/cicero_redacted_games/game_448741_ITALY_ERT.json,root,12,S1904M,RUSSIA,5,5,ITALY,1,5,"[""F NWG - CLY"", ""A STP - NWY"", ""F SEV - BLA"", ""A GAL S A RUM"", ""A RUM H""]",True,"[""builds"", ""centers"", ""homes"", ""name"", ""retreats"", ""units""]"
cicero_g037_p012_TURKEY,37,data/cicero_redacted_games/game_448741_ITALY_ERT.json,root,12,S1904M,TURKEY,3,4,ITALY,1,4,"[""F AEG S A BUL"", ""A SMY S F CON"", ""A BUL H"", ""F CON - ANK""]",True,"[""builds"", ""centers"", ""homes"", ""name"", ""retreats"", ""units""]"
cicero_g037_p014_ITALY,37,data/cicero_redacted_games/game_448741_ITALY_ERT.json,root,14,F1904M,ITALY,4,3,RUSSIA,1,4,"[""A VEN H"", ""A ARM S F EAS - SMY"", ""F AEG S F EAS - SMY"", ""F EAS - SMY""]",True,"[""builds"", ""centers"", ""homes"", ""name"", ""retreats"", ""units""]"
cicero_g037_p014_RUSSIA,37,data/cicero_redacted_games/game_448741_ITALY_ERT.json,root,14,F1904M,RUSSIA,3,4,ITALY,1,5,"[""F CLY S F NAO - LVP"", ""A STP S F NWY"", ""A GAL S A RUM - BUD"", ""F BLA - RUM"", ""A RUM - BUD""]",True,"[""builds"", ""centers"", ""homes"", ""name"", ""retreats"", ""units""]"
cicero_g037_p017_ITALY,37,data/cicero_redacted_games/game_448741_ITALY_ERT.json,root,17,S1905M,ITALY,6,4,"RUSSIA,TURKEY",2,3,"[""A ROM - VEN"", ""F AEG S F EAS - ION"", ""F EAS - ION""]",True,"[""builds"", ""centers"", ""homes"", ""name"", ""retreats"", ""units""]"
cicero_g037_p017_RUSSIA,37,data/cicero_redacted_games/game_448741_ITALY_ERT.json,root,17,S1905M,RUSSIA,1,3,ITALY,1,6,"[""F CLY - NWG"", ""A STP H"", ""A MOS - UKR"", ""A GAL - VIE"", ""F RUM H"", ""A BUD S A GAL - VIE""]",True,"[""builds"", ""centers"", ""homes"", ""name"", ""retreats"", ""units""]"
cicero_g037_p017_TURKEY,37,data/cicero_redacted_games/game_448741_ITALY_ERT.json,root,17,S1905M,TURKEY,3,3,ITALY,1,4,"[""F ANK - CON"", ""A SMY H"", ""A BUL H"", ""F CON - AEG""]",True,"[""builds"", ""centers"", ""homes"", ""name"", ""retreats"", ""units""]"
cicero_g037_p019_ITALY,37,data/cicero_redacted_games/game_448741_ITALY_ERT.json,root,19,F1905M,ITALY,3,1,RUSSIA,1,3,"[""F ION S F EAS - AEG"", ""A ROM - VEN"", ""F EAS - AEG""]",True,"[""builds"", ""centers"", ""homes"", ""name"", ""retreats"", ""units""]"
cicero_g037_p019_RUSSIA,37,data/cicero_redacted_games/game_448741_ITALY_ERT.json,root,19,F1905M,RUSSIA,1,3,ITALY,1,6,"[""F NWG - NWY"", ""A STP S F NWG - NWY"", ""A UKR S F RUM"", ""A GAL - BUD"", ""F RUM S A BUL"", ""A BUD - SER""]",True,"[""builds"", ""centers"", ""homes"", ""name"", ""retreats"", ""units""]"
cicero_g037_p023_ITALY,37,data/cicero_redacted_games/game_448741_ITALY_ERT.json,root,23,F1906M,ITALY,5,7,"RUSSIA,TURKEY",2,3,"[""F ION S F AEG - GRE"", ""A ROM - VEN"", ""F AEG - GRE""]",True,"[""builds"", ""centers"", ""homes"", ""name"", ""retreats"", ""units""]"
cicero_g037_p023_RUSSIA,37,data/cicero_redacted_games/game_448741_ITALY_ERT.json,root,23,F1906M,RUSSIA,2,2,ITALY,1,7,"[""F NWY - SKA"", ""A STP - FIN"", ""A WAR S A GAL - SIL"", ""A UKR - GAL"", ""A GAL - SIL"", ""F RUM S A SER - BUL"", ""A SER - BUL""]",True,"[""builds"", ""centers"", ""homes"", ""name"", ""retreats"", ""units""]"
cicero_g037_p023_TURKEY,37,data/cicero_redacted_games/game_448741_ITALY_ERT.json,root,23,F1906M,TURKEY,5,3,ITALY,1,4,"[""A ANK - SMY"", ""A SYR S A ANK - SMY"", ""A BUL H"", ""F CON - AEG""]",True,"[""builds"", ""centers"", ""homes"", ""name"", ""retreats"", ""units""]"
cicero_g037_p026_ITALY,37,data/cicero_redacted_games/game_448741_ITALY_ERT.json,root,26,S1907M,ITALY,7,10,"RUSSIA,TURKEY",2,4,"[""F ION S F GRE"", ""A NAP - APU"", ""A ROM S A NAP - APU"", ""F GRE S A BUL""]",True,"[""builds"", ""centers"", ""homes"", ""name"", ""retreats"", ""units""]"
cicero_g037_p026_RUSSIA,37,data/cicero_redacted_games/game_448741_ITALY_ERT.json,root,26,S1907M,RUSSIA,5,4,ITALY,1,6,"[""A FIN S F STP/NC - NWY"", ""F STP/NC - NWY"", ""A SIL - BOH"", ""A GAL S A SIL - BOH"", ""F RUM S A BUL"", ""A BUL S F GRE""]",True,"[""builds"", ""centers"", ""homes"", ""name"", ""retreats"", ""units""]"
cicero_g037_p026_TURKEY,37,data/cicero_redacted_games/game_448741_ITALY_ERT.json,root,26,S1907M,TURKEY,5,3,ITALY,1,3,"[""F AEG - CON"", ""A SMY S F AEG - CON"", ""A CON - ANK""]",True,"[""builds"", ""centers"", ""homes"", ""name"", ""retreats"", ""units""]"
cicero_g037_p027_ITALY,37,data/cicero_redacted_games/game_448741_ITALY_ERT.json,root,27,F1907M,ITALY,6,8,"RUSSIA,TURKEY",2,4,"[""F ION - ADR"", ""A ROM - VEN"", ""A APU S A ROM - VEN"", ""F GRE H""]",True,"[""builds"", ""centers"", ""homes"", ""name"", ""retreats"", ""units""]"
cicero_g037_p027_RUSSIA,37,data/cicero_redacted_games/game_448741_ITALY_ERT.json,root,27,F1907M,RUSSIA,2,4,ITALY,1,6,"[""A FIN - STP"", ""F STP/NC - BAR"", ""A BOH - VIE"", ""A GAL S A BOH - VIE"", ""F RUM H"", ""A BUL - SER""]",True,"[""builds"", ""centers"", ""homes"", ""name"", ""retreats"", ""units""]"
cicero_g037_p027_TURKEY,37,data/cicero_redacted_games/game_448741_ITALY_ERT.json,root,27,F1907M,TURKEY,6,2,ITALY,1,3,"[""A ANK S F CON"", ""A SMY S F CON"", ""F CON H""]",True,"[""builds"", ""centers"", ""homes"", ""name"", ""retreats"", ""units""]"
cicero_g037_p030_ITALY,37,data/cicero_redacted_games/game_448741_ITALY_ERT.json,root,30,S1908M,ITALY,2,4,RUSSIA,1,4,"[""A ROM - VEN"", ""F ADR C A APU - ALB"", ""A APU - ALB VIA"", ""F GRE S A APU - ALB""]",True,"[""builds"", ""centers"", ""homes"", ""name"", ""retreats"", ""units""]"
cicero_g037_p030_RUSSIA,37,data/cicero_redacted_games/game_448741_ITALY_ERT.json,root,30,S1908M,RUSSIA,4,2,ITALY,1,7,"[""F BAR - STP/NC"", ""A STP - MOS"", ""A SEV - RUM"", ""A GAL S A VIE - BUD"", ""A VIE - BUD"", ""F RUM - BLA"", ""A BUL - SER""]",True,"[""builds"", ""centers"", ""homes"", ""name"", ""retreats"", ""units""]"
cicero_g038_p000_AUSTRIA,38,data/cicero_redacted_games/game_449062_TURKEY_AFI.json,root,0,S1901M,AUSTRIA,6,7,TURKEY,1,3,"[""A VIE - GAL"", ""F TRI - ALB"", ""A BUD - SER""]",True,"[""builds"", ""centers"", ""homes"", ""name"", ""retreats"", ""units""]"
cicero_g038_p000_FRANCE,38,data/cicero_redacted_games/game_449062_TURKEY_AFI.json,root,0,S1901M,FRANCE,2,2,TURKEY,1,3,"[""F BRE - MAO"", ""A PAR - PIC"", ""A MAR H""]",True,"[""builds"", ""centers"", ""homes"", ""name"", ""retreats"", ""units""]"
cicero_g038_p000_ITALY,38,data/cicero_redacted_games/game_449062_TURKEY_AFI.json,root,0,S1901M,ITALY,1,1,TURKEY,1,3,"[""F NAP - ION"", ""A ROM - APU"", ""A VEN H""]",True,"[""builds"", ""centers"", ""homes"", ""name"", ""retreats"", ""units""]"
cicero_g038_p000_TURKEY,38,data/cicero_redacted_games/game_449062_TURKEY_AFI.json,root,0,S1901M,TURKEY,10,9,"AUSTRIA,FRANCE,ITALY",3,3,"[""F ANK - BLA"", ""A SMY - CON"", ""A CON - BUL""]",True,"[""builds"", ""centers"", ""homes"", ""name"", ""retreats"", ""units""]"
cicero_g038_p001_AUSTRIA,38,data/cicero_redacted_games/game_449062_TURKEY_AFI.json,root,1,F1901M,AUSTRIA,3,4,TURKEY,1,3,"[""A GAL - RUM"", ""F ALB - GRE"", ""A SER S A GAL - RUM""]",True,"[""builds"", ""centers"", ""homes"", ""name"", ""retreats"", ""units""]"
cicero_g038_p001_FRANCE,38,data/cicero_redacted_games/game_449062_TURKEY_AFI.json,root,1,F1901M,FRANCE,3,3,TURKEY,1,3,"[""F MAO - POR"", ""A PIC - BEL"", ""A MAR - SPA""]",True,"[""builds"", ""centers"", ""homes"", ""name"", ""retreats"", ""units""]"
cicero_g038_p001_TURKEY,38,data/cicero_redacted_games/game_449062_TURKEY_AFI.json,root,1,F1901M,TURKEY,8,6,"AUSTRIA,FRANCE,ITALY",3,3,"[""F ANK - BLA"", ""A BUL - RUM"", ""A CON - BUL""]",True,"[""builds"", ""centers"", ""homes"", ""name"", ""retreats"", ""units""]"
cicero_g038_p003_AUSTRIA,38,data/cicero_redacted_games/game_449062_TURKEY_AFI.json,root,3,S1902M,AUSTRIA,4,6,TURKEY,1,5,"[""A GAL - UKR"", ""A TRI S A VEN"", ""F GRE S A SER - BUL"", ""A BUD - RUM"", ""A SER - BUL""]",True,"[""builds"", ""centers"", ""homes"", ""name"", ""retreats"", ""units""]"
cicero_g038_p003_TURKEY,38,data/cicero_redacted_games/game_449062_TURKEY_AFI.json,root,3,S1902M,TURKEY,9,4,"AUSTRIA,FRANCE,ITALY",3,4,"[""F BLA S A BUL - RUM"", ""A SMY - ARM"", ""A BUL - RUM"", ""A CON - BUL""]",True,"[""builds"", ""centers"", ""homes"", ""name"", ""retreats"", ""units""]"
cicero_g038_p005_AUSTRIA,38,data/cicero_redacted_games/game_449062_TURKEY_AFI.json,root,5,F1902M,AUSTRIA,3,2,TURKEY,1,5,"[""A UKR - MOS"", ""A TRI S A VEN"", ""F GRE S A BUL"", ""A BUD - RUM"", ""A BUL S A BUD - RUM""]",True,"[""builds"", ""centers"", ""homes"", ""name"", ""retreats"", ""units""]"
cicero_g038_p005_ITALY,38,data/cicero_redacted_games/game_449062_TURKEY_AFI.json,root,5,F1902M,ITALY,3,1,TURKEY,1,4,"[""A TUN - SMY VIA"", ""F ION C A TUN - SMY"", ""A VEN - PIE"", ""F EAS C A TUN - SMY""]",True,"[""builds"", ""centers"", ""homes"", ""name"", ""retreats"", ""units""]"
cicero_g038_p005_TURKEY,38,data/cicero_redacted_games/game_449062_TURKEY_AFI.json,root,5,F1902M,TURKEY,3,6,"AUSTRIA,ITALY",2,3,"[""A ARM - SYR"", ""F BLA S F SEV - RUM"", ""A CON - SMY""]",True,"[""builds"", ""centers"", ""homes"", ""name"", ""retreats"", ""units""]"
cicero_g038_p007_AUSTRIA,38,data/cicero_redacted_games/game_449062_TURKEY_AFI.json,root,7,S1903M,AUSTRIA,8,4,TURKEY,1,6,"[""A MOS S F BLA - SEV"", ""A VIE - TYR"", ""A TRI S A VIE - TYR"", ""F GRE S A BUL"", ""A BUD - RUM"", ""A BUL S A BUD - RUM""]",True,"[""builds"", ""centers"", ""homes"", ""name"", ""retreats"", ""units""]"
cicero_g038_p007_ITALY,38,data/cicero_redacted_games/game_449062_TURKEY_AFI.json,root,7,S1903M,ITALY,5,2,TURKEY,1,4,"[""A TUN - SYR VIA"", ""F ION C A TUN - SYR"", ""A VEN - PIE"", ""F EAS C A TUN - SYR""]",True,"[""builds"", ""centers"", ""homes"", ""name"", ""retreats"", ""units""]"
cicero_g038_p007_TURKEY,38,data/cicero_redacted_games/game_449062_TURKEY_AFI.json,root,7,S1903M,TURKEY,6,13,"AUSTRIA,ITALY",2,3,"[""F BLA - SEV"", ""A SYR - ARM"", ""A CON - BUL""]",True,"[""builds"", ""centers"", ""homes"", ""name"", ""retreats"", ""units""]"
cicero_g038_p009_AUSTRIA,38,data/cicero_redacted_games/game_449062_TURKEY_AFI.json,root,9,F1903M,AUSTRIA,6,3,TURKEY,1,6,"[""A MOS - STP"", ""A TYR - VEN"", ""A TRI S A TYR - VEN"", ""A RUM S A BUL"", ""F GRE - ION"", ""A BUL S A RUM""]",True,"[""builds"", ""centers"", ""homes"", ""name"", ""retreats"", ""units""]"
cicero_g038_p009_TURKEY,38,data/cicero_redacted_games/game_449062_TURKEY_AFI.json,root,9,F1903M,TURKEY,3,6,AUSTRIA,1,3,"[""F SEV S A RUM"", ""A ARM S A CON - SMY"", ""A CON - SMY""]",True,"[""builds"", ""centers"", ""homes"", ""name"", ""retreats"", ""units""]"
cicero_g038_p012_AUSTRIA,38,data/cicero_redacted_games/game_449062_TURKEY_AFI.json,root,12,S1904M,AUSTRIA,6,2,TURKEY,1,8,"[""A MOS - STP"", ""F ION S A VEN - APU"", ""A VEN - APU"", ""A VIE - TYR"", ""A TRI - VEN"", ""A RUM - UKR"", ""A BUD - RUM"", ""A BUL S A BUD - RUM""]",True,"[""builds"", ""centers"", ""homes"", ""name"", ""retreats"", ""units""]"
cicero_g038_p012_TURKEY,38,data/cicero_redacted_games/game_449062_TURKEY_AFI.json,root,12,S1904M,TURKEY,2,6,AUSTRIA,1,4,"[""F SEV - BLA"", ""A ARM - SEV"", ""F SMY H"", ""A CON S F SMY""]",True,"[""builds"", ""centers"", ""homes"", ""name"", ""retreats"", ""units""]"
cicero_g038_p013_AUSTRIA,38,data/cicero_redacted_games/game_449062_TURKEY_AFI.json,root,13,F1904M,AUSTRIA,4,6,TURKEY,1,8,"[""A STP - MOS"", ""A UKR - SEV"", ""F ION - TUN"", ""A VEN S A APU - ROM"", ""A VIE - BOH"", ""A RUM S A UKR - SEV"", ""A APU - ROM"", ""A BUL S A RUM""]",True,"[""builds"", ""centers"", ""homes"", ""name"", ""retreats"", ""units""]"
cicero_g038_p013_TURKEY,38,data/cicero_redacted_games/game_449062_TURKEY_AFI.json,root,13,F1904M,TURKEY,6,4,AUSTRIA,1,4,"[""A SEV - MOS"", ""F BLA - ANK"", ""F SMY H"", ""A CON S F SMY""]",True,"[""builds"", ""centers"", ""homes"", ""name"", ""retreats"", ""units""]"
cicero_g038_p016_FRANCE,38,data/cicero_redacted_games/game_449062_TURKEY_AFI.json,root,16,S1905M,FRANCE,3,2,TURKEY,1,8,"[""A BEL - BUR"", ""A HOL - RUH"", ""F BRE - MAO"", ""A PIC - BRE"", ""F POR - SPA/SC"", ""F MAR - PIE"", ""A MUN - BOH"", ""A TYR S A MUN - BOH""]",True,"[""builds"", ""centers"", ""homes"", ""name"", ""retreats"", ""units""]"
cicero_g038_p016_TURKEY,38,data/cicero_redacted_games/game_449062_TURKEY_AFI.json,root,16,S1905M,TURKEY,2,3,FRANCE,1,3,"[""F ANK - ARM"", ""F SMY - AEG"", ""A CON - SMY""]",True,"[""builds"", ""centers"", ""homes"", ""name"", ""retreats"", ""units""]"
cicero_g038_p018_FRANCE,38,data/cicero_redacted_games/game_449062_TURKEY_AFI.json,root,18,F1905M,FRANCE,2,3,TURKEY,1,8,"[""F BRE - MAO"", ""A PIC - PAR"", ""A BUR S A RUH"", ""A RUH S A MUN"", ""F SPA/SC S F MAO - WES"", ""F PIE H"", ""A SIL - WAR"", ""A TRI - BUD""]",True,"[""builds"", ""centers"", ""homes"", ""name"", ""retreats"", ""units""]"
cicero_g038_p018_TURKEY,38,data/cicero_redacted_games/game_449062_TURKEY_AFI.json,root,18,F1905M,TURKEY,3,2,FRANCE,1,3,"[""F AEG - BUL/SC"", ""F ANK - CON"", ""A SMY S F ANK - CON""]",True,"[""builds"", ""centers"", ""homes"", ""name"", ""retreats"", ""units""]"
cicero_g038_p028_FRANCE,38,data/cicero_redacted_games/game_449062_TURKEY_AFI.json,root,28,F1907M,FRANCE,2,3,TURKEY,1,5,"[""A BEL H"", ""A BRE H"", ""A BUR - MAR"", ""F TUN - WES"", ""F LYO S F TUN - WES""]",True,"[""builds"", ""centers"", ""homes"", ""name"", ""retreats"", ""units""]"
cicero_g038_p028_TURKEY,38,data/cicero_redacted_games/game_449062_TURKEY_AFI.json,root,28,F1907M,TURKEY,3,2,FRANCE,1,3,"[""F AEG - CON"", ""F ANK S A SMY - ARM"", ""A SMY - ARM""]",True,"[""builds"", ""centers"", ""homes"", ""name"", ""retreats"", ""units""]"
cicero_g039_p000_ENGLAND,39,data/cicero_redacted_games/game_449418_ENGLAND_GRT.json,root,0,S1901M,ENGLAND,10,12,"GERMANY,RUSSIA,TURKEY",3,3,"[""F EDI - NWG"", ""F LON - NTH"", ""A LVP - EDI""]",True,"[""builds"", ""centers"", ""homes"", ""name"", ""retreats"", ""units""]"
cicero_g039_p000_GERMANY,39,data/cicero_redacted_games/game_449418_ENGLAND_GRT.json,root,0,S1901M,GERMANY,8,6,ENGLAND,1,3,"[""F KIE - DEN"", ""A MUN - TYR"", ""A BER - KIE""]",True,"[""builds"", ""centers"", ""homes"", ""name"", ""retreats"", ""units""]"
cicero_g039_p000_RUSSIA,39,data/cicero_redacted_games/game_449418_ENGLAND_GRT.json,root,0,S1901M,RUSSIA,1,2,ENGLAND,1,4,"[""F STP/SC - BOT"", ""A MOS - UKR"", ""A WAR - GAL"", ""F SEV - BLA""]",True,"[""builds"", ""centers"", ""homes"", ""name"", ""retreats"", ""units""]"
cicero_g039_p000_TURKEY,39,data/cicero_redacted_games/game_449418_ENGLAND_GRT.json,root,0,S1901M,TURKEY,3,2,ENGLAND,1,3,"[""F ANK - BLA"", ""A SMY - CON"", ""A CON - BUL""]",True,"[""builds"", ""centers"", ""homes"", ""name"", ""retreats"", ""units""]"
cicero_g039_p001_ENGLAND,39,data/cicero_redacted_games/game_449418_ENGLAND_GRT.json,root,1,F1901M,ENGLAND,10,13,"GERMANY,RUSSIA,TURKEY",3,3,"[""A EDI - BEL VIA"", ""F NTH C A EDI - BEL"", ""F NWG - NWY""]",True,"[""builds"", ""centers"", ""homes"", ""name"", ""retreats"", ""units""]"
cicero_g039_p001_GERMANY,39,data/cicero_redacted_games/game_449418_ENGLAND_GRT.json,root,1,F1901M,GERMANY,3,3,ENGLAND,1,3,"[""F DEN H"", ""A KIE - HOL"", ""A TYR - PIE""]",True,"[""builds"", ""centers"", ""homes"", ""name"", ""retreats"", ""units""]"
cicero_g039_p001_RUSSIA,39,data/cicero_redacted_games/game_449418_ENGLAND_GRT.json,root,1,F1901M,RUSSIA,7,6,ENGLAND,1,4,"[""F BOT - SWE"", ""A WAR - GAL"", ""F SEV S A UKR - RUM"", ""A UKR - RUM""]",True,"[""builds"", ""centers"", ""homes"", ""name"", ""retreats"", ""units""]"
cicero_g039_p001_TURKEY,39,data/cicero_redacted_games/game_449418_ENGLAND_GRT.json,root,1,F1901M,TURKEY,3,1,ENGLAND,1,3,"[""F ANK - BLA"", ""A BUL - SER"", ""A CON - BUL""]",True,"[""builds"", ""centers"", ""homes"", ""name"", ""retreats"", ""units""]"
cicero_g039_p004_ENGLAND,39,data/cicero_redacted_games/game_449418_ENGLAND_GRT.json,root,4,S1902M,ENGLAND,11,24,"GERMANY,RUSSIA,TURKEY",3,5,"[""F LON - NTH"", ""F LVP - WAL"", ""F NTH - HOL"", ""A BEL S F NTH - HOL"", ""F NWY - SKA""]",True,"[""builds"", ""centers"", ""homes"", ""name"", ""retreats"", ""units""]"
cicero_g039_p004_GERMANY,39,data/cicero_redacted_games/game_449418_ENGLAND_GRT.json,root,4,S1902M,GERMANY,11,5,ENGLAND,1,5,"[""F DEN S F KIE - BAL"", ""A HOL H"", ""F KIE - BAL"", ""A MUN - BER"", ""A TYR - MUN""]",True,"[""builds"", ""centers"", ""homes"", ""name"", ""retreats"", ""units""]"
cicero_g039_p004_RUSSIA,39,data/cicero_redacted_games/game_449418_ENGLAND_GRT.json,root,4,S1902M,RUSSIA,12,4,ENGLAND,1,6,"[""F SWE - BAL"", ""F STP/SC - BOT"", ""A WAR - PRU"", ""F SEV H"", ""A GAL S A RUM - BUD"", ""A RUM - BUD""]",True,"[""builds"", ""centers"", ""homes"", ""name"", ""retreats"", ""units""]"
cicero_g039_p004_TURKEY,39,data/cicero_redacted_games/game_449418_ENGLAND_GRT.json,root,4,S1902M,TURKEY,1,2,ENGLAND,1,5,"[""F BLA S A BUL - RUM"", ""A SER S A BUL - RUM"", ""F SMY - AEG"", ""A BUL - RUM"", ""A CON - BUL""]",True,"[""builds"", ""centers"", ""homes"", ""name"", ""retreats"", ""units""]"
cicero_g039_p006_ENGLAND,39,data/cicero_redacted_games/game_449418_ENGLAND_GRT.json,root,6,F1902M,ENGLAND,9,13,"GERMANY,RUSSIA",2,5,"[""F NTH S F SKA - DEN"", ""F WAL - ENG"", ""A BEL H"", ""F HOL - KIE"", ""F SKA - DEN""]",True,"[""builds"", ""centers"", ""homes"", ""name"", ""retreats"", ""units""]"
cicero_g039_p006_GERMANY,39,data/cicero_redacted_games/game_449418_ENGLAND_GRT.json,root,6,F1902M,GERMANY,3,3,ENGLAND,1,5,"[""F DEN - HEL"", ""F BAL S A MUN - KIE"", ""A KIE - RUH"", ""A MUN - KIE"", ""A BER S A MUN - KIE""]",True,"[""builds"", ""centers"", ""homes"", ""name"", ""retreats"", ""units""]"
cicero_g039_p006_RUSSIA,39,data/cicero_redacted_games/game_449418_ENGLAND_GRT.json,root,6,F1902M,RUSSIA,10,6,ENGLAND,1,5,"[""F SWE - NWY"", ""F BOT - SWE"", ""A PRU - WAR"", ""F SEV S A GAL - RUM"", ""A GAL - RUM""]",True,"[""builds"", ""centers"", ""homes"", ""name"", ""retreats"", ""units""]"
cicero_g039_p009_ENGLAND,39,data/cicero_redacted_games/game_449418_ENGLAND_GRT.json,root,9,S1903M,ENGLAND,8,3,"GERMANY,RUSSIA",2,6,"[""A LVP H"", ""F NTH - HEL"", ""F ENG - NTH"", ""A BEL S F HOL"", ""F DEN - KIE"", ""F HOL S F NTH - HEL""]",True,"[""builds"", ""centers"", ""homes"", ""name"", ""retreats"", ""units""]"
cicero_g039_p009_GERMANY,39,data/cicero_redacted_games/game_449418_ENGLAND_GRT.json,root,9,S1903M,GERMANY,1,2,ENGLAND,1,3,"[""F HEL - DEN"", ""A RUH S A KIE - HOL"", ""A KIE - HOL""]",True,"[""builds"", ""centers"", ""homes"", ""name"", ""retreats"", ""units""]"
cicero_g039_p009_RUSSIA,39,data/cicero_redacted_games/game_449418_ENGLAND_GRT.json,root,9,S1903M,RUSSIA,2,6,ENGLAND,1,6,"[""F NWY - NTH"", ""F SWE S F HEL - DEN"", ""A MOS S F SEV"", ""A WAR S A UKR"", ""F SEV S F BLA"", ""A UKR S F SEV""]",True,"[""builds"", ""centers"", ""homes"", ""name"", ""retreats"", ""units""]"
cicero_g039_p016_ENGLAND,39,data/cicero_redacted_games/game_449418_ENGLAND_GRT.json,root,16,F1904M,ENGLAND,11,11,"GERMANY,RUSSIA,TURKEY",3,6,"[""A LON - YOR"", ""F NTH - NWY"", ""F ENG - NTH"", ""A BEL S F HOL"", ""F HOL S F ENG - NTH"", ""F BAL - SWE""]",True,"[""builds"", ""centers"", ""homes"", ""name"", ""retreats"", ""units""]"
cicero_g039_p016_GERMANY,39,data/cicero_redacted_games/game_449418_ENGLAND_GRT.json,root,16,F1904M,GERMANY,7,5,ENGLAND,1,3,"[""A RUH S F KIE"", ""F KIE S F DEN"", ""A BER S A MUN - SIL""]",True,"[""builds"", ""centers"", ""homes"", ""name"", ""retreats"", ""units""]"
cicero_g039_p016_RUSSIA,39,data/cicero_redacted_games/game_449418_ENGLAND_GRT.json,root,16,F1904M,RUSSIA,3,4,ENGLAND,1,5,"[""F YOR - EDI"", ""F DEN - SWE"", ""A MOS S A UKR"", ""A SIL - GAL"", ""A UKR H""]",True,"[""builds"", ""centers"", ""homes"", ""name"", ""retreats"", ""units""]"
cicero_g039_p016_TURKEY,39,data/cicero_redacted_games/game_449418_ENGLAND_GRT.json,root,16,F1904M,TURKEY,1,2,ENGLAND,1,8,"[""A SEV - RUM"", ""F ION H"", ""A ARM - SEV"", ""F BLA S A ARM - SEV"", ""A RUM - BUD"", ""F AEG S F ION"", ""A SER S A RUM - BUD"", ""A BUL S A SER""]",True,"[""builds"", ""centers"", ""homes"", ""name"", ""retreats"", ""units""]"
cicero_g039_p018_ENGLAND,39,data/cicero_redacted_games/game_449418_ENGLAND_GRT.json,root,18,S1905M,ENGLAND,8,8,GERMANY,1,5,"[""A YOR - EDI"", ""F NTH - NWY"", ""A BEL - HOL"", ""F NWY - SWE"", ""F BAL S F NWY - SWE""]",True,"[""builds"", ""centers"", ""homes"", ""name"", ""retreats"", ""units""]"
cicero_g039_p018_GERMANY,39,data/cicero_redacted_games/game_449418_ENGLAND_GRT.json,root,18,S1905M,GERMANY,8,8,ENGLAND,1,3,"[""A RUH - HOL"", ""F KIE S A RUH - HOL"", ""A BER S F KIE""]",True,"[""builds"", ""centers"", ""homes"", ""name"", ""retreats"", ""units""]"
cicero_g039_p019_ENGLAND,39,data/cicero_redacted_games/game_449418_ENGLAND_GRT.json,root,19,F1905M,ENGLAND,2,1,TURKEY,1,5,"[""A EDI H"", ""F NTH S A BEL - HOL"", ""A BEL - HOL"", ""F BAL - DEN"", ""F SWE S F BAL - DEN""]",True,"[""builds"", ""centers"", ""homes"", ""name"", ""retreats"", ""units""]"
cicero_g039_p019_TURKEY,39,data/cicero_redacted_games/game_449418_ENGLAND_GRT.json,root,19,F1905M,TURKEY,1,2,ENGLAND,1,8,"[""A SEV - UKR"", ""F ION S F TYS - TUN"", ""A ARM - SEV"", ""F BLA S A ARM - SEV"", ""A RUM - BUD"", ""F AEG S F ION"", ""A GRE - ALB"", ""A SER - BUD""]",True,"[""builds"", ""centers"", ""homes"", ""name"", ""retreats"", ""units""]"
cicero_g039_p022_ENGLAND,39,data/cicero_redacted_games/game_449418_ENGLAND_GRT.json,root,22,S1906M,ENGLAND,5,6,"RUSSIA,TURKEY",2,6,"[""A EDI - HOL VIA"", ""A LVP H"", ""F NTH C A EDI - HOL"", ""A BEL S A EDI - HOL"", ""F DEN - KIE"", ""F SWE - NWY""]",True,"[""builds"", ""centers"", ""homes"", ""name"", ""retreats"", ""units""]"
cicero_g039_p022_RUSSIA,39,data/cicero_redacted_games/game_449418_ENGLAND_GRT.json,root,22,S1906M,RUSSIA,2,1,ENGLAND,1,4,"[""F NWG - EDI"", ""A MOS S A UKR"", ""A UKR S A GAL - RUM"", ""A GAL - RUM""]",True,"[""builds"", ""centers"", ""homes"", ""name"", ""retreats"", ""units""]"
cicero_g039_p022_TURKEY,39,data/cicero_redacted_games/game_449418_ENGLAND_GRT.json,root,22,S1906M,TURKEY,4,4,ENGLAND,1,8,"[""A SEV - UKR"", ""F ION S F TYS - TUN"", ""A ARM - SEV"", ""F BLA S A ARM - SEV"", ""A RUM - BUD"", ""F AEG S F ION"", ""A ALB - TRI"", ""A SER - BUD""]",True,"[""builds"", ""centers"", ""homes"", ""name"", ""retreats"", ""units""]"
cicero_g039_p024_ENGLAND,39,data/cicero_redacted_games/game_449418_ENGLAND_GRT.json,root,24,F1906M,ENGLAND,9,5,"RUSSIA,TURKEY",2,6,"[""A LVP - EDI"", ""F NTH S A LVP - EDI"", ""A BEL - RUH"", ""F DEN - KIE"", ""A HOL S A BEL - RUH"", ""F NWY H""]",True,"[""builds"", ""centers"", ""homes"", ""name"", ""retreats"", ""units""]"
cicero_g039_p024_RUSSIA,39,data/cicero_redacted_games/game_449418_ENGLAND_GRT.json,root,24,F1906M,RUSSIA,1,3,ENGLAND,1,4,"[""F EDI H"", ""A MOS - STP"", ""A UKR - WAR"", ""A GAL - SIL""]",True,"[""builds"", ""centers"", ""homes"", ""name"", ""retreats"", ""units""]"
cicero_g039_p024_TURKEY,39,data/cicero_redacted_games/game_449418_ENGLAND_GRT.json,root,24,F1906M,TURKEY,4,6,ENGLAND,1,8,"[""A SEV - UKR"", ""F ION - NAP"", ""A ARM - SEV"", ""F BLA S A ARM - SEV"", ""A RUM - BUD"", ""F AEG - ION"", ""A ALB - TRI"", ""A SER - BUD""]",True,"[""builds"", ""centers"", ""homes"", ""name"", ""retreats"", ""units""]"
cicero_g039_p027_ENGLAND,39,data/cicero_redacted_games/game_449418_ENGLAND_GRT.json,root,27,S1907M,ENGLAND,6,2,"RUSSIA,TURKEY",2,7,"[""A EDI - YOR"", ""A LVP - WAL"", ""F NTH S F NWY"", ""A BEL - RUH"", ""F DEN - KIE"", ""A HOL S A BEL - RUH"", ""F NWY H""]",True,"[""builds"", ""centers"", ""homes"", ""name"", ""retreats"", ""units""]"
cicero_g039_p027_RUSSIA,39,data/cicero_redacted_games/game_449418_ENGLAND_GRT.json,root,27,S1907M,RUSSIA,1,3,ENGLAND,1,3,"[""F NWG S A STP - NWY"", ""A STP - NWY"", ""A WAR - LVN""]",True,"[""builds"", ""centers"", ""homes"", ""name"", ""retreats"", ""units""]"
cicero_g039_p027_TURKEY,39,data/cicero_redacted_games/game_449418_ENGLAND_GRT.json,root,27,S1907M,TURKEY,1,3,ENGLAND,1,8,"[""A SEV - UKR"", ""A UKR - GAL"", ""F ION - ADR"", ""F BLA - CON"", ""A RUM S A UKR - GAL"", ""F AEG - ION"", ""A ALB S A SER"", ""A SER H""]",True,"[""builds"", ""centers"", ""homes"", ""name"", ""retreats"", ""units""]"
cicero_g039_p029_ENGLAND,39,data/cicero_redacted_games/game_449418_ENGLAND_GRT.json,root,29,F1907M,ENGLAND,7,2,"RUSSIA,TURKEY",2,7,"[""A YOR - EDI"", ""F NTH - NWY"", ""A WAL - LON"", ""F DEN S A HOL - KIE"", ""A HOL - KIE"", ""A RUH - MUN"", ""F SWE S F NTH - NWY""]",True,"[""builds"", ""centers"", ""homes"", ""name"", ""retreats"", ""units""]"
cicero_g039_p029_RUSSIA,39,data/cicero_redacted_games/game_449418_ENGLAND_GRT.json,root,29,F1907M,RUSSIA,1,3,ENGLAND,1,3,"[""F NWG - EDI"", ""A NWY S A LVN - STP"", ""A LVN - STP""]",True,"[""builds"", ""centers"", ""homes"", ""name"", ""retreats"", ""units""]"
cicero_g039_p029_TURKEY,39,data/cicero_redacted_games/game_449418_ENGLAND_GRT.json,root,29,F1907M,TURKEY,1,4,ENGLAND,1,8,"[""A UKR - MOS"", ""F ION - NAP"", ""A GAL - WAR"", ""A RUM - BUD"", ""F ADR S A ALB - TRI"", ""A ALB - TRI"", ""A SER S A ALB - TRI"", ""F CON - AEG""]",True,"[""builds"", ""centers"", ""homes"", ""name"", ""retreats"", ""units""]"
cicero_g039_p032_ENGLAND,39,data/cicero_redacted_games/game_449418_ENGLAND_GRT.json,root,32,S1908M,ENGLAND,3,3,TURKEY,1,7,"[""A YOR S A WAL - LON"", ""A WAL - LON"", ""F DEN - NTH"", ""A HOL S A KIE"", ""F NWY S F DEN - NTH"", ""A KIE H"", ""F SWE - BAL""]",True,"[""builds"", ""centers"", ""homes"", ""name"", ""retreats"", ""units""]"
cicero_g039_p032_TURKEY,39,data/cicero_redacted_games/game_449418_ENGLAND_GRT.json,root,32,S1908M,TURKEY,3,3,ENGLAND,1,11,"[""A MOS - STP"", ""A WAR - LVN"", ""F ION C A CON - APU"", ""A TRI - VIE"", ""F ADR S A SER - TRI"", ""F AEG C A CON - APU"", ""A BUD S A TRI - VIE"", ""A SER - TRI"", ""A ANK - ARM"", ""F SMY - EAS"", ""A CON - APU VIA""]",True,"[""builds"", ""centers"", ""homes"", ""name"", ""retreats"", ""units""]"
