game_index,source_path,local_id,phase_index,phase_name,movement_phase,message_count,orders_power_count,order_count,state_present,phase_keys
0,data/cicero_redacted_games/game_433761_ENGLAND_AG.json,root,0,S1901M,True,16,7,22,True,"[""logs"", ""messages"", ""name"", ""orders"", ""results"", ""state""]"
0,data/cicero_redacted_games/game_433761_ENGLAND_AG.json,root,1,F1901M,True,13,7,22,True,"[""logs"", ""messages"", ""name"", ""orders"", ""results"", ""state""]"
0,data/cicero_redacted_games/game_433761_ENGLAND_AG.json,root,2,W1901A,False,0,7,11,True,"[""logs"", ""messages"", ""name"", ""orders"", ""results"", ""state""]"
0,data/cicero_redacted_games/game_433761_ENGLAND_AG.json,root,3,S1902M,True,22,7,33,True,"[""logs"", ""messages"", ""name"", ""orders"", ""results"", ""state""]"
0,data/cicero_redacted_games/game_433761_ENGLAND_AG.json,root,4,F1902M,True,20,7,33,True,"[""logs"", ""messages"", ""name"", ""orders"", ""results"", ""state""]"
0,data/cicero_redacted_games/game_433761_ENGLAND_AG.json,root,5,F1902R,False,0,1,1,True,"[""logs"", ""messages"", ""name"", ""orders"", ""results"", ""state""]"
0,data/cicero_redacted_games/game_433761_ENGLAND_AG.json,root,6,W1902A,False,0,3,3,True,"[""logs"", ""messages"", ""name"", ""orders"", ""results"", ""state""]"
0,data/cicero_redacted_games/game_433761_ENGLAND_AG.json,root,7,S1903M,True,6,7,34,True,"[""logs"", ""messages"", ""name"", ""orders"", ""results"", ""state""]"
0,data/cicero_redacted_games/game_433761_ENGLAND_AG.json,root,8,S1903R,False,0,1,3,True,"[""logs"", ""messages"", ""name"", ""orders"", ""results"", ""state""]"
0,data/cicero_redacted_games/game_433761_ENGLAND_AG.json,root,9,F1903M,True,2,7,33,True,"[""logs"", ""messages"", ""name"", ""orders"", ""results"", ""state""]"
0,data/cicero_redacted_games/game_433761_ENGLAND_AG.json,root,10,F1903R,False,0,1,1,True,"[""logs"", ""messages"", ""name"", ""orders"", ""results"", ""state""]"
0,data/cicero_redacted_games/game_433761_ENGLAND_AG.json,root,11,W1903A,False,0,6,9,True,"[""logs"", ""messages"", ""name"", ""orders"", ""results"", ""state""]"
0,data/cicero_redacted_games/game_433761_ENGLAND_AG.json,root,12,S1904M,True,12,7,34,True,"[""logs"", ""messages"", ""name"", ""orders"", ""results"", ""state""]"
0,data/cicero_redacted_games/game_433761_ENGLAND_AG.json,root,13,S1904R,False,0,1,2,True,"[""logs"", ""messages"", ""name"", ""orders"", ""results"", ""state""]"
0,data/cicero_redacted_games/game_433761_ENGLAND_AG.json,root,14,F1904M,True,25,6,32,True,"[""logs"", ""messages"", ""name"", ""orders"", ""results"", ""state""]"
0,data/cicero_redacted_games/game_433761_ENGLAND_AG.json,root,15,F1904R,False,0,2,3,True,"[""logs"", ""messages"", ""name"", ""orders"", ""results"", ""state""]"
0,data/cicero_redacted_games/game_433761_ENGLAND_AG.json,root,16,W1904A,False,0,1,2,True,"[""logs"", ""messages"", ""name"", ""orders"", ""results"", ""state""]"
0,data/cicero_redacted_games/game_433761_ENGLAND_AG.json,root,17,S1905M,True,5,6,34,True,"[""logs"", ""messages"", ""name"", ""orders"", ""results"", ""state""]"
0,data/cicero_redacted_games/game_433761_ENGLAND_AG.json,root,18,S1905R,False,0,1,1,True,"[""logs"", ""messages"", ""name"", ""orders"", ""results"", ""state""]"
0,data/cicero_redacted_games/game_433761_ENGLAND_AG.json,root,19,F1905M,True,3,6,34,True,"[""logs"", ""messages"", ""name"", ""orders"", ""results"", ""state""]"
0,data/cicero_redacted_games/game_433761_ENGLAND_AG.json,root,20,F1905R,False,0,3,4,True,"[""logs"", ""messages"", ""name"", ""orders"", ""results"", ""state""]"
0,data/cicero_redacted_games/game_433761_ENGLAND_AG.json,root,21,W1905A,False,0,4,5,True,"[""logs"", ""messages"", ""name"", ""orders"", ""results"", ""state""]"
0,data/cicero_redacted_games/game_433761_ENGLAND_AG.json,root,22,S1906M,True,3,6,34,True,"[""logs"", ""messages"", ""name"", ""orders"", ""results"", ""state""]"
0,data/cicero_redacted_games/game_433761_ENGLAND_AG.json,root,23,F1906M,True,2,6,34,True,"[""logs"", ""messages"", ""name"", ""orders"", ""results"", ""state""]"
0,data/cicero_redacted_games/game_433761_ENGLAND_AG.json,root,24,W1906A,False,0,4,4,True,"[""logs"", ""messages"", ""name"", ""orders"", ""results"", ""state""]"
0,data/cicero_redacted_games/game_433761_ENGLAND_AG.json,root,25,S1907M,True,15,6,34,True,"[""logs"", ""messages"", ""name"", ""orders"", ""results"", ""state""]"
0,data/cicero_redacted_games/game_433761_ENGLAND_AG.json,root,26,S1907R,False,0,2,2,True,"[""logs"", ""messages"", ""name"", ""orders"", ""results"", ""state""]"
0,data/cicero_redacted_games/game_433761_ENGLAND_AG.json,root,27,F1907M,True,4,6,33,True,"[""logs"", ""messages"", ""name"", ""orders"", ""results"", ""state""]"
0,data/cicero_redacted_games/game_433761_ENGLAND_AG.json,root,28,F1907R,False,0,1,1,True,"[""logs"", ""messages"", ""name"", ""orders"", ""results"", ""state""]"
0,data/cicero_redacted_games/game_433761_ENGLAND_AG.json,root,29,W1907A,False,0,4,6,True,"[""logs"", ""messages"", ""name"", ""orders"", ""results"", ""state""]"
0,data/cicero_redacted_games/game_433761_ENGLAND_AG.json,root,30,S1908M,True,11,6,33,True,"[""logs"", ""messages"", ""name"", ""orders"", ""results"", ""state""]"
0,data/cicero_redacted_games/game_433761_ENGLAND_AG.json,root,31,S1908R,False,0,1,1,True,"[""logs"", ""messages"", ""name"", ""orders"", ""results"", ""state""]"
0,data/cicero_redacted_games/game_433761_ENGLAND_AG.json,root,32,F1908M,True,11,6,33,True,"[""logs"", ""messages"", ""name"", ""orders"", ""results"", ""state""]"
0,data/cicero_redacted_games/game_433761_ENGLAND_AG.json,root,33,F1908R,False,0,3,5,True,"[""logs"", ""messages"", ""name"", ""orders"", ""results"", ""state""]"
0,data/cicero_redacted_games/game_433761_ENGLAND_AG.json,root,34,W1908A,False,0,0,0,True,"[""logs"", ""messages"", ""name"", ""orders"", ""results"", ""state""]"
0,data/cicero_redacted_games/game_433761_ENGLAND_AG.json,root,35,S1909M,True,0,0,0,True,"[""logs"", ""messages"", ""name"", ""orders"", ""results"", ""state""]"
1,data/cicero_redacted_games/game_433762_ITALY_AEFT.json,root,0,S1901M,True,22,7,22,True,"[""logs"", ""messages"", ""name"", ""orders"", ""results"", ""state""]"
1,data/cicero_redacted_games/game_433762_ITALY_AEFT.json,root,1,F1901M,True,15,7,22,True,"[""logs"", ""messages"", ""name"", ""orders"", ""results"", ""state""]"
1,data/cicero_redacted_games/game_433762_ITALY_AEFT.json,root,2,W1901A,False,0,7,11,True,"[""logs"", ""messages"", ""name"", ""orders"", ""results"", ""state""]"
1,data/cicero_redacted_games/game_433762_ITALY_AEFT.json,root,3,S1902M,True,20,7,33,True,"[""logs"", ""messages"", ""name"", ""orders"", ""results"", ""state""]"
1,data/cicero_redacted_games/game_433762_ITALY_AEFT.json,root,4,S1902R,False,0,2,2,True,"[""logs"", ""messages"", ""name"", ""orders"", ""results"", ""state""]"
1,data/cicero_redacted_games/game_433762_ITALY_AEFT.json,root,5,F1902M,True,15,7,32,True,"[""logs"", ""messages"", ""name"", ""orders"", ""results"", ""state""]"
1,data/cicero_redacted_games/game_433762_ITALY_AEFT.json,root,6,F1902R,False,0,1,1,True,"[""logs"", ""messages"", ""name"", ""orders"", ""results"", ""state""]"
1,data/cicero_redacted_games/game_433762_ITALY_AEFT.json,root,7,W1902A,False,0,5,5,True,"[""logs"", ""messages"", ""name"", ""orders"", ""results"", ""state""]"
1,data/cicero_redacted_games/game_433762_ITALY_AEFT.json,root,8,S1903M,True,12,7,34,True,"[""logs"", ""messages"", ""name"", ""orders"", ""results"", ""state""]"
1,data/cicero_redacted_games/game_433762_ITALY_AEFT.json,root,9,S1903R,False,0,1,1,True,"[""logs"", ""messages"", ""name"", ""orders"", ""results"", ""state""]"
1,data/cicero_redacted_games/game_433762_ITALY_AEFT.json,root,10,F1903M,True,13,7,34,True,"[""logs"", ""messages"", ""name"", ""orders"", ""results"", ""state""]"
1,data/cicero_redacted_games/game_433762_ITALY_AEFT.json,root,11,F1903R,False,0,2,2,True,"[""logs"", ""messages"", ""name"", ""orders"", ""results"", ""state""]"
1,data/cicero_redacted_games/game_433762_ITALY_AEFT.json,root,12,W1903A,False,0,3,3,True,"[""logs"", ""messages"", ""name"", ""orders"", ""results"", ""state""]"
1,data/cicero_redacted_games/game_433762_ITALY_AEFT.json,root,13,S1904M,True,4,7,33,True,"[""logs"", ""messages"", ""name"", ""orders"", ""results"", ""state""]"
1,data/cicero_redacted_games/game_433762_ITALY_AEFT.json,root,14,S1904R,False,0,1,1,True,"[""logs"", ""messages"", ""name"", ""orders"", ""results"", ""state""]"
1,data/cicero_redacted_games/game_433762_ITALY_AEFT.json,root,15,F1904M,True,5,7,33,True,"[""logs"", ""messages"", ""name"", ""orders"", ""results"", ""state""]"
1,data/cicero_redacted_games/game_433762_ITALY_AEFT.json,root,16,F1904R,False,0,2,2,True,"[""logs"", ""messages"", ""name"", ""orders"", ""results"", ""state""]"
1,data/cicero_redacted_games/game_433762_ITALY_AEFT.json,root,17,W1904A,False,0,5,8,True,"[""logs"", ""messages"", ""name"", ""orders"", ""results"", ""state""]"
1,data/cicero_redacted_games/game_433762_ITALY_AEFT.json,root,18,S1905M,True,0,7,34,True,"[""logs"", ""messages"", ""name"", ""orders"", ""results"", ""state""]"
1,data/cicero_redacted_games/game_433762_ITALY_AEFT.json,root,19,S1905R,False,0,1,1,True,"[""logs"", ""messages"", ""name"", ""orders"", ""results"", ""state""]"
1,data/cicero_redacted_games/game_433762_ITALY_AEFT.json,root,20,F1905M,True,5,7,34,True,"[""logs"", ""messages"", ""name"", ""orders"", ""results"", ""state""]"
1,data/cicero_redacted_games/game_433762_ITALY_AEFT.json,root,21,F1905R,False,0,2,3,True,"[""logs"", ""messages"", ""name"", ""orders"", ""results"", ""state""]"
1,data/cicero_redacted_games/game_433762_ITALY_AEFT.json,root,22,W1905A,False,0,3,4,True,"[""logs"", ""messages"", ""name"", ""orders"", ""results"", ""state""]"
1,data/cicero_redacted_games/game_433762_ITALY_AEFT.json,root,23,S1906M,True,11,6,33,True,"[""logs"", ""messages"", ""name"", ""orders"", ""results"", ""state""]"
1,data/cicero_redacted_games/game_433762_ITALY_AEFT.json,root,24,S1906R,False,0,2,2,True,"[""logs"", ""messages"", ""name"", ""orders"", ""results"", ""state""]"
1,data/cicero_redacted_games/game_433762_ITALY_AEFT.json,root,25,F1906M,True,10,6,33,True,"[""logs"", ""messages"", ""name"", ""orders"", ""results"", ""state""]"
1,data/cicero_redacted_games/game_433762_ITALY_AEFT.json,root,26,F1906R,False,0,2,2,True,"[""logs"", ""messages"", ""name"", ""orders"", ""results"", ""state""]"
1,data/cicero_redacted_games/game_433762_ITALY_AEFT.json,root,27,W1906A,False,0,3,5,True,"[""logs"", ""messages"", ""name"", ""orders"", ""results"", ""state""]"
1,data/cicero_redacted_games/game_433762_ITALY_AEFT.json,root,28,S1907M,True,12,6,34,True,"[""logs"", ""messages"", ""name"", ""orders"", ""results"", ""state""]"
1,data/cicero_redacted_games/game_433762_ITALY_AEFT.json,root,29,S1907R,False,0,1,1,True,"[""logs"", ""messages"", ""name"", ""orders"", ""results"", ""state""]"
1,data/cicero_redacted_games/game_433762_ITALY_AEFT.json,root,30,F1907M,True,12,6,34,True,"[""logs"", ""messages"", ""name"", ""orders"", ""results"", ""state""]"
1,data/cicero_redacted_games/game_433762_ITALY_AEFT.json,root,31,F1907R,False,0,1,1,True,"[""logs"", ""messages"", ""name"", ""orders"", ""results"", ""state""]"
1,data/cicero_redacted_games/game_433762_ITALY_AEFT.json,root,32,W1907A,False,0,2,4,True,"[""logs"", ""messages"", ""name"", ""orders"", ""results"", ""state""]"
1,data/cicero_redacted_games/game_433762_ITALY_AEFT.json,root,33,S1908M,True,12,0,0,True,"[""logs"", ""messages"", ""name"", ""orders"", ""results"", ""state""]"
1,data/cicero_redacted_games/game_433762_ITALY_AEFT.json,root,34,F1908M,True,0,0,0,True,"[""logs"", ""messages"", ""name"", ""orders"", ""results"", ""state""]"
2,data/cicero_redacted_games/game_433920_RUSSIA_EI.json,root,0,S1901M,True,6,7,22,True,"[""logs"", ""messages"", ""name"", ""orders"", ""results"", ""state""]"
2,data/cicero_redacted_games/game_433920_RUSSIA_EI.json,root,1,F1901M,True,8,7,22,True,"[""logs"", ""messages"", ""name"", ""orders"", ""results"", ""state""]"
2,data/cicero_redacted_games/game_433920_RUSSIA_EI.json,root,2,W1901A,False,0,7,11,True,"[""logs"", ""messages"", ""name"", ""orders"", ""results"", ""state""]"
2,data/cicero_redacted_games/game_433920_RUSSIA_EI.json,root,3,S1902M,True,21,7,33,True,"[""logs"", ""messages"", ""name"", ""orders"", ""results"", ""state""]"
2,data/cicero_redacted_games/game_433920_RUSSIA_EI.json,root,4,S1902R,False,0,1,2,True,"[""logs"", ""messages"", ""name"", ""orders"", ""results"", ""state""]"
2,data/cicero_redacted_games/game_433920_RUSSIA_EI.json,root,5,F1902M,True,21,7,31,True,"[""logs"", ""messages"", ""name"", ""orders"", ""results"", ""state""]"
2,data/cicero_redacted_games/game_433920_RUSSIA_EI.json,root,6,F1902R,False,0,2,2,True,"[""logs"", ""messages"", ""name"", ""orders"", ""results"", ""state""]"
2,data/cicero_redacted_games/game_433920_RUSSIA_EI.json,root,7,W1902A,False,0,4,6,True,"[""logs"", ""messages"", ""name"", ""orders"", ""results"", ""state""]"
2,data/cicero_redacted_games/game_433920_RUSSIA_EI.json,root,8,S1903M,True,20,7,34,True,"[""logs"", ""messages"", ""name"", ""orders"", ""results"", ""state""]"
2,data/cicero_redacted_games/game_433920_RUSSIA_EI.json,root,9,S1903R,False,0,1,1,True,"[""logs"", ""messages"", ""name"", ""orders"", ""results"", ""state""]"
2,data/cicero_redacted_games/game_433920_RUSSIA_EI.json,root,10,F1903M,True,10,7,33,True,"[""logs"", ""messages"", ""name"", ""orders"", ""results"", ""state""]"
2,data/cicero_redacted_games/game_433920_RUSSIA_EI.json,root,11,F1903R,False,0,3,3,True,"[""logs"", ""messages"", ""name"", ""orders"", ""results"", ""state""]"
2,data/cicero_redacted_games/game_433920_RUSSIA_EI.json,root,12,W1903A,False,0,5,6,True,"[""logs"", ""messages"", ""name"", ""orders"", ""results"", ""state""]"
2,data/cicero_redacted_games/game_433920_RUSSIA_EI.json,root,13,S1904M,True,11,6,34,True,"[""logs"", ""messages"", ""name"", ""orders"", ""results"", ""state""]"
2,data/cicero_redacted_games/game_433920_RUSSIA_EI.json,root,14,S1904R,False,0,2,2,True,"[""logs"", ""messages"", ""name"", ""orders"", ""results"", ""state""]"
2,data/cicero_redacted_games/game_433920_RUSSIA_EI.json,root,15,F1904M,True,11,6,33,True,"[""logs"", ""messages"", ""name"", ""orders"", ""results"", ""state""]"
2,data/cicero_redacted_games/game_433920_RUSSIA_EI.json,root,16,F1904R,False,0,2,3,True,"[""logs"", ""messages"", ""name"", ""orders"", ""results"", ""state""]"
2,data/cicero_redacted_games/game_433920_RUSSIA_EI.json,root,17,W1904A,False,0,3,4,True,"[""logs"", ""messages"", ""name"", ""orders"", ""results"", ""state""]"
2,data/cicero_redacted_games/game_433920_RUSSIA_EI.json,root,18,S1905M,True,8,6,34,True,"[""logs"", ""messages"", ""name"", ""orders"", ""results"", ""state""]"
2,data/cicero_redacted_games/game_433920_RUSSIA_EI.json,root,19,S1905R,False,0,1,1,True,"[""logs"", ""messages"", ""name"", ""orders"", ""results"", ""state""]"
2,data/cicero_redacted_games/game_433920_RUSSIA_EI.json,root,20,F1905M,True,3,6,34,True,"[""logs"", ""messages"", ""name"", ""orders"", ""results"", ""state""]"
2,data/cicero_redacted_games/game_433920_RUSSIA_EI.json,root,21,F1905R,False,0,1,1,True,"[""logs"", ""messages"", ""name"", ""orders"", ""results"", ""state""]"
2,data/cicero_redacted_games/game_433920_RUSSIA_EI.json,root,22,W1905A,False,0,5,6,True,"[""logs"", ""messages"", ""name"", ""orders"", ""results"", ""state""]"
2,data/cicero_redacted_games/game_433920_RUSSIA_EI.json,root,23,S1906M,True,4,6,34,True,"[""logs"", ""messages"", ""name"", ""orders"", ""results"", ""state""]"
2,data/cicero_redacted_games/game_433920_RUSSIA_EI.json,root,24,F1906M,True,7,6,34,True,"[""logs"", ""messages"", ""name"", ""orders"", ""results"", ""state""]"
2,data/cicero_redacted_games/game_433920_RUSSIA_EI.json,root,25,F1906R,False,0,1,1,True,"[""logs"", ""messages"", ""name"", ""orders"", ""results"", ""state""]"
2,data/cicero_redacted_games/game_433920_RUSSIA_EI.json,root,26,W1906A,False,0,1,1,True,"[""logs"", ""messages"", ""name"", ""orders"", ""results"", ""state""]"
2,data/cicero_redacted_games/game_433920_RUSSIA_EI.json,root,27,S1907M,True,7,6,34,True,"[""logs"", ""messages"", ""name"", ""orders"", ""results"", ""state""]"
2,data/cicero_redacted_games/game_433920_RUSSIA_EI.json,root,28,S1907R,False,0,1,1,True,"[""logs"", ""messages"", ""name"", ""orders"", ""results"", ""state""]"
2,data/cicero_redacted_games/game_433920_RUSSIA_EI.json,root,29,F1907M,True,4,6,34,True,"[""logs"", ""messages"", ""name"", ""orders"", ""results"", ""state""]"
2,data/cicero_redacted_games/game_433920_RUSSIA_EI.json,root,30,F1907R,False,0,2,2,True,"[""logs"", ""messages"", ""name"", ""orders"", ""results"", ""state""]"
2,data/cicero_redacted_games/game_433920_RUSSIA_EI.json,root,31,W1907A,False,0,4,4,True,"[""logs"", ""messages"", ""name"", ""orders"", ""results"", ""state""]"
2,data/cicero_redacted_games/game_433920_RUSSIA_EI.json,root,32,S1908M,True,4,6,34,True,"[""logs"", ""messages"", ""name"", ""orders"", ""results"", ""state""]"
2,data/cicero_redacted_games/game_433920_RUSSIA_EI.json,root,33,S1908R,False,0,1,1,True,"[""logs"", ""messages"", ""name"", ""orders"", ""results"", ""state""]"
2,data/cicero_redacted_games/game_433920_RUSSIA_EI.json,root,34,F1908M,True,1,6,34,True,"[""logs"", ""messages"", ""name"", ""orders"", ""results"", ""state""]"
2,data/cicero_redacted_games/game_433920_RUSSIA_EI.json,root,35,F1908R,False,0,1,1,True,"[""logs"", ""messages"", ""name"", ""orders"", ""results"", ""state""]"
2,data/cicero_redacted_games/game_433920_RUSSIA_EI.json,root,36,W1908A,False,0,0,0,True,"[""logs"", ""messages"", ""name"", ""orders"", ""results"", ""state""]"
2,data/cicero_redacted_games/game_433920_RUSSIA_EI.json,root,37,S1909M,True,0,0,0,True,"[""logs"", ""messages"", ""name"", ""orders"", ""results"", ""state""]"
3,data/cicero_redacted_games/game_433967_ENGLAND_IT.json,root,0,S1901M,True,4,7,22,True,"[""logs"", ""messages"", ""name"", ""orders"", ""results"", ""state""]"
3,data/cicero_redacted_games/game_433967_ENGLAND_IT.json,root,1,F1901M,True,5,7,22,True,"[""logs"", ""messages"", ""name"", ""orders"", ""results"", ""state""]"
3,data/cicero_redacted_games/game_433967_ENGLAND_IT.json,root,2,F1901R,False,0,1,1,True,"[""logs"", ""messages"", ""name"", ""orders"", ""results"", ""state""]"
3,data/cicero_redacted_games/game_433967_ENGLAND_IT.json,root,3,W1901A,False,0,7,12,True,"[""logs"", ""messages"", ""name"", ""orders"", ""results"", ""state""]"
3,data/cicero_redacted_games/game_433967_ENGLAND_IT.json,root,4,S1902M,True,1,7,33,True,"[""logs"", ""messages"", ""name"", ""orders"", ""results"", ""state""]"
3,data/cicero_redacted_games/game_433967_ENGLAND_IT.json,root,5,S1902R,False,0,1,1,True,"[""logs"", ""messages"", ""name"", ""orders"", ""results"", ""state""]"
3,data/cicero_redacted_games/game_433967_ENGLAND_IT.json,root,6,F1902M,True,1,7,32,True,"[""logs"", ""messages"", ""name"", ""orders"", ""results"", ""state""]"
3,data/cicero_redacted_games/game_433967_ENGLAND_IT.json,root,7,F1902R,False,0,2,2,True,"[""logs"", ""messages"", ""name"", ""orders"", ""results"", ""state""]"
3,data/cicero_redacted_games/game_433967_ENGLAND_IT.json,root,8,W1902A,False,0,2,3,True,"[""logs"", ""messages"", ""name"", ""orders"", ""results"", ""state""]"
3,data/cicero_redacted_games/game_433967_ENGLAND_IT.json,root,9,S1903M,True,0,7,34,True,"[""logs"", ""messages"", ""name"", ""orders"", ""results"", ""state""]"
3,data/cicero_redacted_games/game_433967_ENGLAND_IT.json,root,10,S1903R,False,0,1,1,True,"[""logs"", ""messages"", ""name"", ""orders"", ""results"", ""state""]"
3,data/cicero_redacted_games/game_433967_ENGLAND_IT.json,root,11,F1903M,True,1,7,34,True,"[""logs"", ""messages"", ""name"", ""orders"", ""results"", ""state""]"
3,data/cicero_redacted_games/game_433967_ENGLAND_IT.json,root,12,F1903R,False,0,2,2,True,"[""logs"", ""messages"", ""name"", ""orders"", ""results"", ""state""]"
3,data/cicero_redacted_games/game_433967_ENGLAND_IT.json,root,13,W1903A,False,0,5,5,True,"[""logs"", ""messages"", ""name"", ""orders"", ""results"", ""state""]"
3,data/cicero_redacted_games/game_433967_ENGLAND_IT.json,root,14,S1904M,True,0,7,34,True,"[""logs"", ""messages"", ""name"", ""orders"", ""results"", ""state""]"
3,data/cicero_redacted_games/game_433967_ENGLAND_IT.json,root,15,S1904R,False,0,2,2,True,"[""logs"", ""messages"", ""name"", ""orders"", ""results"", ""state""]"
3,data/cicero_redacted_games/game_433967_ENGLAND_IT.json,root,16,F1904M,True,0,7,32,True,"[""logs"", ""messages"", ""name"", ""orders"", ""results"", ""state""]"
3,data/cicero_redacted_games/game_433967_ENGLAND_IT.json,root,17,F1904R,False,0,2,2,True,"[""logs"", ""messages"", ""name"", ""orders"", ""results"", ""state""]"
3,data/cicero_redacted_games/game_433967_ENGLAND_IT.json,root,18,W1904A,False,0,4,4,True,"[""logs"", ""messages"", ""name"", ""orders"", ""results"", ""state""]"
3,data/cicero_redacted_games/game_433967_ENGLAND_IT.json,root,19,S1905M,True,0,7,34,True,"[""logs"", ""messages"", ""name"", ""orders"", ""results"", ""state""]"
3,data/cicero_redacted_games/game_433967_ENGLAND_IT.json,root,20,F1905M,True,0,7,34,True,"[""logs"", ""messages"", ""name"", ""orders"", ""results"", ""state""]"
3,data/cicero_redacted_games/game_433967_ENGLAND_IT.json,root,21,F1905R,False,0,3,3,True,"[""logs"", ""messages"", ""name"", ""orders"", ""results"", ""state""]"
3,data/cicero_redacted_games/game_433967_ENGLAND_IT.json,root,22,W1905A,False,0,3,3,True,"[""logs"", ""messages"", ""name"", ""orders"", ""results"", ""state""]"
3,data/cicero_redacted_games/game_433967_ENGLAND_IT.json,root,23,S1906M,True,0,7,34,True,"[""logs"", ""messages"", ""name"", ""orders"", ""results"", ""state""]"
3,data/cicero_redacted_games/game_433967_ENGLAND_IT.json,root,24,S1906R,False,0,1,1,True,"[""logs"", ""messages"", ""name"", ""orders"", ""results"", ""state""]"
3,data/cicero_redacted_games/game_433967_ENGLAND_IT.json,root,25,F1906M,True,3,7,34,True,"[""logs"", ""messages"", ""name"", ""orders"", ""results"", ""state""]"
3,data/cicero_redacted_games/game_433967_ENGLAND_IT.json,root,26,F1906R,False,0,4,4,True,"[""logs"", ""messages"", ""name"", ""orders"", ""results"", ""state""]"
3,data/cicero_redacted_games/game_433967_ENGLAND_IT.json,root,27,W1906A,False,0,3,4,True,"[""logs"", ""messages"", ""name"", ""orders"", ""results"", ""state""]"
3,data/cicero_redacted_games/game_433967_ENGLAND_IT.json,root,28,S1907M,True,0,7,34,True,"[""logs"", ""messages"", ""name"", ""orders"", ""results"", ""state""]"
3,data/cicero_redacted_games/game_433967_ENGLAND_IT.json,root,29,S1907R,False,0,3,3,True,"[""logs"", ""messages"", ""name"", ""orders"", ""results"", ""state""]"
3,data/cicero_redacted_games/game_433967_ENGLAND_IT.json,root,30,F1907M,True,4,7,32,True,"[""logs"", ""messages"", ""name"", ""orders"", ""results"", ""state""]"
3,data/cicero_redacted_games/game_433967_ENGLAND_IT.json,root,31,F1907R,False,0,2,2,True,"[""logs"", ""messages"", ""name"", ""orders"", ""results"", ""state""]"
3,data/cicero_redacted_games/game_433967_ENGLAND_IT.json,root,32,W1907A,False,0,6,9,True,"[""logs"", ""messages"", ""name"", ""orders"", ""results"", ""state""]"
3,data/cicero_redacted_games/game_433967_ENGLAND_IT.json,root,33,S1908M,True,1,7,34,True,"[""logs"", ""messages"", ""name"", ""orders"", ""results"", ""state""]"
3,data/cicero_redacted_games/game_433967_ENGLAND_IT.json,root,34,S1908R,False,0,1,1,True,"[""logs"", ""messages"", ""name"", ""orders"", ""results"", ""state""]"
3,data/cicero_redacted_games/game_433967_ENGLAND_IT.json,root,35,F1908M,True,4,7,34,True,"[""logs"", ""messages"", ""name"", ""orders"", ""results"", ""state""]"
3,data/cicero_redacted_games/game_433967_ENGLAND_IT.json,root,36,F1908R,False,0,2,2,True,"[""logs"", ""messages"", ""name"", ""orders"", ""results"", ""state""]"
3,data/cicero_redacted_games/game_433967_ENGLAND_IT.json,root,37,W1908A,False,0,0,0,True,"[""logs"", ""messages"", ""name"", ""orders"", ""results"", ""state""]"
3,data/cicero_redacted_games/game_433967_ENGLAND_IT.json,root,38,S1909M,True,0,0,0,True,"[""logs"", ""messages"", ""name"", ""orders"", ""results"", ""state""]"
4,data/cicero_redacted_games/game_434015_GERMANY_AF.json,root,0,S1901M,True,18,7,22,True,"[""logs"", ""messages"", ""name"", ""orders"", ""results"", ""state""]"
4,data/cicero_redacted_games/game_434015_GERMANY_AF.json,root,1,F1901M,True,13,7,22,True,"[""logs"", ""messages"", ""name"", ""orders"", ""results"", ""state""]"
4,data/cicero_redacted_games/game_434015_GERMANY_AF.json,root,2,W1901A,False,0,7,11,True,"[""logs"", ""messages"", ""name"", ""orders"", ""results"", ""state""]"
4,data/cicero_redacted_games/game_434015_GERMANY_AF.json,root,3,S1902M,True,18,7,33,True,"[""logs"", ""messages"", ""name"", ""orders"", ""results"", ""state""]"
4,data/cicero_redacted_games/game_434015_GERMANY_AF.json,root,4,S1902R,False,0,1,1,True,"[""logs"", ""messages"", ""name"", ""orders"", ""results"", ""state""]"
4,data/cicero_redacted_games/game_434015_GERMANY_AF.json,root,5,F1902M,True,14,7,33,True,"[""logs"", ""messages"", ""name"", ""orders"", ""results"", ""state""]"
4,data/cicero_redacted_games/game_434015_GERMANY_AF.json,root,6,F1902R,False,0,1,3,True,"[""logs"", ""messages"", ""name"", ""orders"", ""results"", ""state""]"
4,data/cicero_redacted_games/game_434015_GERMANY_AF.json,root,7,W1902A,False,0,6,6,True,"[""logs"", ""messages"", ""name"", ""orders"", ""results"", ""state""]"
4,data/cicero_redacted_games/game_434015_GERMANY_AF.json,root,8,S1903M,True,10,7,34,True,"[""logs"", ""messages"", ""name"", ""orders"", ""results"", ""state""]"
4,data/cicero_redacted_games/game_434015_GERMANY_AF.json,root,9,S1903R,False,0,3,3,True,"[""logs"", ""messages"", ""name"", ""orders"", ""results"", ""state""]"
4,data/cicero_redacted_games/game_434015_GERMANY_AF.json,root,10,F1903M,True,24,7,33,True,"[""logs"", ""messages"", ""name"", ""orders"", ""results"", ""state""]"
4,data/cicero_redacted_games/game_434015_GERMANY_AF.json,root,11,W1903A,False,0,5,7,True,"[""logs"", ""messages"", ""name"", ""orders"", ""results"", ""state""]"
4,data/cicero_redacted_games/game_434015_GERMANY_AF.json,root,12,S1904M,True,3,7,34,True,"[""logs"", ""messages"", ""name"", ""orders"", ""results"", ""state""]"
4,data/cicero_redacted_games/game_434015_GERMANY_AF.json,root,13,F1904M,True,0,7,34,True,"[""logs"", ""messages"", ""name"", ""orders"", ""results"", ""state""]"
4,data/cicero_redacted_games/game_434015_GERMANY_AF.json,root,14,F1904R,False,0,1,1,True,"[""logs"", ""messages"", ""name"", ""orders"", ""results"", ""state""]"
4,data/cicero_redacted_games/game_434015_GERMANY_AF.json,root,15,W1904A,False,0,1,1,True,"[""logs"", ""messages"", ""name"", ""orders"", ""results"", ""state""]"
4,data/cicero_redacted_games/game_434015_GERMANY_AF.json,root,16,S1905M,True,6,7,34,True,"[""logs"", ""messages"", ""name"", ""orders"", ""results"", ""state""]"
4,data/cicero_redacted_games/game_434015_GERMANY_AF.json,root,17,S1905R,False,0,3,3,True,"[""logs"", ""messages"", ""name"", ""orders"", ""results"", ""state""]"
4,data/cicero_redacted_games/game_434015_GERMANY_AF.json,root,18,F1905M,True,0,7,33,True,"[""logs"", ""messages"", ""name"", ""orders"", ""results"", ""state""]"
4,data/cicero_redacted_games/game_434015_GERMANY_AF.json,root,19,F1905R,False,0,1,1,True,"[""logs"", ""messages"", ""name"", ""orders"", ""results"", ""state""]"
4,data/cicero_redacted_games/game_434015_GERMANY_AF.json,root,20,W1905A,False,0,3,4,True,"[""logs"", ""messages"", ""name"", ""orders"", ""results"", ""state""]"
4,data/cicero_redacted_games/game_434015_GERMANY_AF.json,root,21,S1906M,True,0,6,34,True,"[""logs"", ""messages"", ""name"", ""orders"", ""results"", ""state""]"
4,data/cicero_redacted_games/game_434015_GERMANY_AF.json,root,22,S1906R,False,0,1,2,True,"[""logs"", ""messages"", ""name"", ""orders"", ""results"", ""state""]"
4,data/cicero_redacted_games/game_434015_GERMANY_AF.json,root,23,F1906M,True,15,6,34,True,"[""logs"", ""messages"", ""name"", ""orders"", ""results"", ""state""]"
4,data/cicero_redacted_games/game_434015_GERMANY_AF.json,root,24,F1906R,False,0,2,2,True,"[""logs"", ""messages"", ""name"", ""orders"", ""results"", ""state""]"
4,data/cicero_redacted_games/game_434015_GERMANY_AF.json,root,25,W1906A,False,0,4,4,True,"[""logs"", ""messages"", ""name"", ""orders"", ""results"", ""state""]"
4,data/cicero_redacted_games/game_434015_GERMANY_AF.json,root,26,S1907M,True,11,6,34,True,"[""logs"", ""messages"", ""name"", ""orders"", ""results"", ""state""]"
4,data/cicero_redacted_games/game_434015_GERMANY_AF.json,root,27,F1907M,True,10,6,34,True,"[""logs"", ""messages"", ""name"", ""orders"", ""results"", ""state""]"
4,data/cicero_redacted_games/game_434015_GERMANY_AF.json,root,28,F1907R,False,0,3,3,True,"[""logs"", ""messages"", ""name"", ""orders"", ""results"", ""state""]"
4,data/cicero_redacted_games/game_434015_GERMANY_AF.json,root,29,W1907A,False,0,3,4,True,"[""logs"", ""messages"", ""name"", ""orders"", ""results"", ""state""]"
4,data/cicero_redacted_games/game_434015_GERMANY_AF.json,root,30,S1908M,True,9,6,34,True,"[""logs"", ""messages"", ""name"", ""orders"", ""results"", ""state""]"
4,data/cicero_redacted_games/game_434015_GERMANY_AF.json,root,31,S1908R,False,0,1,1,True,"[""logs"", ""messages"", ""name"", ""orders"", ""results"", ""state""]"
4,data/cicero_redacted_games/game_434015_GERMANY_AF.json,root,32,F1908M,True,8,6,33,True,"[""logs"", ""messages"", ""name"", ""orders"", ""results"", ""state""]"
4,data/cicero_redacted_games/game_434015_GERMANY_AF.json,root,33,W1908A,False,0,0,0,True,"[""logs"", ""messages"", ""name"", ""orders"", ""results"", ""state""]"
4,data/cicero_redacted_games/game_434015_GERMANY_AF.json,root,34,S1909M,True,0,0,0,True,"[""logs"", ""messages"", ""name"", ""orders"", ""results"", ""state""]"
5,data/cicero_redacted_games/game_434119_AUSTRIA_FRT.json,root,0,S1901M,True,19,7,22,True,"[""logs"", ""messages"", ""name"", ""orders"", ""results"", ""state""]"
5,data/cicero_redacted_games/game_434119_AUSTRIA_FRT.json,root,1,F1901M,True,32,7,22,True,"[""logs"", ""messages"", ""name"", ""orders"", ""results"", ""state""]"
5,data/cicero_redacted_games/game_434119_AUSTRIA_FRT.json,root,2,W1901A,False,0,7,11,True,"[""logs"", ""messages"", ""name"", ""orders"", ""results"", ""state""]"
5,data/cicero_redacted_games/game_434119_AUSTRIA_FRT.json,root,3,S1902M,True,9,7,33,True,"[""logs"", ""messages"", ""name"", ""orders"", ""results"", ""state""]"
5,data/cicero_redacted_games/game_434119_AUSTRIA_FRT.json,root,4,S1902R,False,0,1,1,True,"[""logs"", ""messages"", ""name"", ""orders"", ""results"", ""state""]"
5,data/cicero_redacted_games/game_434119_AUSTRIA_FRT.json,root,5,F1902M,True,15,7,32,True,"[""logs"", ""messages"", ""name"", ""orders"", ""results"", ""state""]"
5,data/cicero_redacted_games/game_434119_AUSTRIA_FRT.json,root,6,F1902R,False,0,2,2,True,"[""logs"", ""messages"", ""name"", ""orders"", ""results"", ""state""]"
5,data/cicero_redacted_games/game_434119_AUSTRIA_FRT.json,root,7,W1902A,False,0,4,4,True,"[""logs"", ""messages"", ""name"", ""orders"", ""results"", ""state""]"
5,data/cicero_redacted_games/game_434119_AUSTRIA_FRT.json,root,8,S1903M,True,26,7,34,True,"[""logs"", ""messages"", ""name"", ""orders"", ""results"", ""state""]"
5,data/cicero_redacted_games/game_434119_AUSTRIA_FRT.json,root,9,S1903R,False,0,1,1,True,"[""logs"", ""messages"", ""name"", ""orders"", ""results"", ""state""]"
5,data/cicero_redacted_games/game_434119_AUSTRIA_FRT.json,root,10,F1903M,True,19,7,34,True,"[""logs"", ""messages"", ""name"", ""orders"", ""results"", ""state""]"
5,data/cicero_redacted_games/game_434119_AUSTRIA_FRT.json,root,11,F1903R,False,0,2,3,True,"[""logs"", ""messages"", ""name"", ""orders"", ""results"", ""state""]"
5,data/cicero_redacted_games/game_434119_AUSTRIA_FRT.json,root,12,W1903A,False,0,4,5,True,"[""logs"", ""messages"", ""name"", ""orders"", ""results"", ""state""]"
5,data/cicero_redacted_games/game_434119_AUSTRIA_FRT.json,root,13,S1904M,True,23,7,34,True,"[""logs"", ""messages"", ""name"", ""orders"", ""results"", ""state""]"
5,data/cicero_redacted_games/game_434119_AUSTRIA_FRT.json,root,14,S1904R,False,0,1,1,True,"[""logs"", ""messages"", ""name"", ""orders"", ""results"", ""state""]"
5,data/cicero_redacted_games/game_434119_AUSTRIA_FRT.json,root,15,F1904M,True,25,6,33,True,"[""logs"", ""messages"", ""name"", ""orders"", ""results"", ""state""]"
5,data/cicero_redacted_games/game_434119_AUSTRIA_FRT.json,root,16,F1904R,False,0,2,2,True,"[""logs"", ""messages"", ""name"", ""orders"", ""results"", ""state""]"
5,data/cicero_redacted_games/game_434119_AUSTRIA_FRT.json,root,17,W1904A,False,0,6,8,True,"[""logs"", ""messages"", ""name"", ""orders"", ""results"", ""state""]"
5,data/cicero_redacted_games/game_434119_AUSTRIA_FRT.json,root,18,S1905M,True,16,6,34,True,"[""logs"", ""messages"", ""name"", ""orders"", ""results"", ""state""]"
5,data/cicero_redacted_games/game_434119_AUSTRIA_FRT.json,root,19,S1905R,False,0,2,2,True,"[""logs"", ""messages"", ""name"", ""orders"", ""results"", ""state""]"
5,data/cicero_redacted_games/game_434119_AUSTRIA_FRT.json,root,20,F1905M,True,15,6,34,True,"[""logs"", ""messages"", ""name"", ""orders"", ""results"", ""state""]"
5,data/cicero_redacted_games/game_434119_AUSTRIA_FRT.json,root,21,F1905R,False,0,1,1,True,"[""logs"", ""messages"", ""name"", ""orders"", ""results"", ""state""]"
5,data/cicero_redacted_games/game_434119_AUSTRIA_FRT.json,root,22,W1905A,False,0,4,5,True,"[""logs"", ""messages"", ""name"", ""orders"", ""results"", ""state""]"
5,data/cicero_redacted_games/game_434119_AUSTRIA_FRT.json,root,23,S1906M,True,17,6,34,True,"[""logs"", ""messages"", ""name"", ""orders"", ""results"", ""state""]"
5,data/cicero_redacted_games/game_434119_AUSTRIA_FRT.json,root,24,S1906R,False,0,1,1,True,"[""logs"", ""messages"", ""name"", ""orders"", ""results"", ""state""]"
5,data/cicero_redacted_games/game_434119_AUSTRIA_FRT.json,root,25,F1906M,True,25,6,34,True,"[""logs"", ""messages"", ""name"", ""orders"", ""results"", ""state""]"
5,data/cicero_redacted_games/game_434119_AUSTRIA_FRT.json,root,26,F1906R,False,0,1,1,True,"[""logs"", ""messages"", ""name"", ""orders"", ""results"", ""state""]"
5,data/cicero_redacted_games/game_434119_AUSTRIA_FRT.json,root,27,W1906A,False,0,2,2,True,"[""logs"", ""messages"", ""name"", ""orders"", ""results"", ""state""]"
5,data/cicero_redacted_games/game_434119_AUSTRIA_FRT.json,root,28,S1907M,True,17,6,34,True,"[""logs"", ""messages"", ""name"", ""orders"", ""results"", ""state""]"
5,data/cicero_redacted_games/game_434119_AUSTRIA_FRT.json,root,29,S1907R,False,0,2,2,True,"[""logs"", ""messages"", ""name"", ""orders"", ""results"", ""state""]"
5,data/cicero_redacted_games/game_434119_AUSTRIA_FRT.json,root,30,F1907M,True,11,6,33,True,"[""logs"", ""messages"", ""name"", ""orders"", ""results"", ""state""]"
5,data/cicero_redacted_games/game_434119_AUSTRIA_FRT.json,root,31,F1907R,False,0,1,2,True,"[""logs"", ""messages"", ""name"", ""orders"", ""results"", ""state""]"
5,data/cicero_redacted_games/game_434119_AUSTRIA_FRT.json,root,32,W1907A,False,0,3,6,True,"[""logs"", ""messages"", ""name"", ""orders"", ""results"", ""state""]"
5,data/cicero_redacted_games/game_434119_AUSTRIA_FRT.json,root,33,S1908M,True,14,6,33,True,"[""logs"", ""messages"", ""name"", ""orders"", ""results"", ""state""]"
5,data/cicero_redacted_games/game_434119_AUSTRIA_FRT.json,root,34,S1908R,False,0,2,2,True,"[""logs"", ""messages"", ""name"", ""orders"", ""results"", ""state""]"
5,data/cicero_redacted_games/game_434119_AUSTRIA_FRT.json,root,35,F1908M,True,10,6,33,True,"[""logs"", ""messages"", ""name"", ""orders"", ""results"", ""state""]"
5,data/cicero_redacted_games/game_434119_AUSTRIA_FRT.json,root,36,F1908R,False,0,1,1,True,"[""logs"", ""messages"", ""name"", ""orders"", ""results"", ""state""]"
5,data/cicero_redacted_games/game_434119_AUSTRIA_FRT.json,root,37,W1908A,False,0,0,0,True,"[""logs"", ""messages"", ""name"", ""orders"", ""results"", ""state""]"
5,data/cicero_redacted_games/game_434119_AUSTRIA_FRT.json,root,38,S1909M,True,0,0,0,True,"[""logs"", ""messages"", ""name"", ""orders"", ""results"", ""state""]"
6,data/cicero_redacted_games/game_434170_TURKEY_FIR.json,root,0,S1901M,True,14,7,22,True,"[""logs"", ""messages"", ""name"", ""orders"", ""results"", ""state""]"
6,data/cicero_redacted_games/game_434170_TURKEY_FIR.json,root,1,F1901M,True,18,7,22,True,"[""logs"", ""messages"", ""name"", ""orders"", ""results"", ""state""]"
6,data/cicero_redacted_games/game_434170_TURKEY_FIR.json,root,2,W1901A,False,0,7,12,True,"[""logs"", ""messages"", ""name"", ""orders"", ""results"", ""state""]"
6,data/cicero_redacted_games/game_434170_TURKEY_FIR.json,root,3,S1902M,True,18,7,34,True,"[""logs"", ""messages"", ""name"", ""orders"", ""results"", ""state""]"
6,data/cicero_redacted_games/game_434170_TURKEY_FIR.json,root,4,S1902R,False,0,1,1,True,"[""logs"", ""messages"", ""name"", ""orders"", ""results"", ""state""]"
6,data/cicero_redacted_games/game_434170_TURKEY_FIR.json,root,5,F1902M,True,17,7,33,True,"[""logs"", ""messages"", ""name"", ""orders"", ""results"", ""state""]"
6,data/cicero_redacted_games/game_434170_TURKEY_FIR.json,root,6,W1902A,False,0,1,1,True,"[""logs"", ""messages"", ""name"", ""orders"", ""results"", ""state""]"
6,data/cicero_redacted_games/game_434170_TURKEY_FIR.json,root,7,S1903M,True,5,7,34,True,"[""logs"", ""messages"", ""name"", ""orders"", ""results"", ""state""]"
6,data/cicero_redacted_games/game_434170_TURKEY_FIR.json,root,8,S1903R,False,0,2,2,True,"[""logs"", ""messages"", ""name"", ""orders"", ""results"", ""state""]"
6,data/cicero_redacted_games/game_434170_TURKEY_FIR.json,root,9,F1903M,True,25,7,34,True,"[""logs"", ""messages"", ""name"", ""orders"", ""results"", ""state""]"
6,data/cicero_redacted_games/game_434170_TURKEY_FIR.json,root,10,F1903R,False,0,2,2,True,"[""logs"", ""messages"", ""name"", ""orders"", ""results"", ""state""]"
6,data/cicero_redacted_games/game_434170_TURKEY_FIR.json,root,11,W1903A,False,0,4,4,True,"[""logs"", ""messages"", ""name"", ""orders"", ""results"", ""state""]"
6,data/cicero_redacted_games/game_434170_TURKEY_FIR.json,root,12,S1904M,True,17,7,34,True,"[""logs"", ""messages"", ""name"", ""orders"", ""results"", ""state""]"
6,data/cicero_redacted_games/game_434170_TURKEY_FIR.json,root,13,S1904R,False,0,2,3,True,"[""logs"", ""messages"", ""name"", ""orders"", ""results"", ""state""]"
6,data/cicero_redacted_games/game_434170_TURKEY_FIR.json,root,14,F1904M,True,16,7,33,True,"[""logs"", ""messages"", ""name"", ""orders"", ""results"", ""state""]"
6,data/cicero_redacted_games/game_434170_TURKEY_FIR.json,root,15,F1904R,False,0,2,5,True,"[""logs"", ""messages"", ""name"", ""orders"", ""results"", ""state""]"
6,data/cicero_redacted_games/game_434170_TURKEY_FIR.json,root,16,W1904A,False,0,6,10,True,"[""logs"", ""messages"", ""name"", ""orders"", ""results"", ""state""]"
6,data/cicero_redacted_games/game_434170_TURKEY_FIR.json,root,17,S1905M,True,14,7,34,True,"[""logs"", ""messages"", ""name"", ""orders"", ""results"", ""state""]"
6,data/cicero_redacted_games/game_434170_TURKEY_FIR.json,root,18,S1905R,False,0,1,1,True,"[""logs"", ""messages"", ""name"", ""orders"", ""results"", ""state""]"
6,data/cicero_redacted_games/game_434170_TURKEY_FIR.json,root,19,F1905M,True,18,7,34,True,"[""logs"", ""messages"", ""name"", ""orders"", ""results"", ""state""]"
6,data/cicero_redacted_games/game_434170_TURKEY_FIR.json,root,20,F1905R,False,0,2,2,True,"[""logs"", ""messages"", ""name"", ""orders"", ""results"", ""state""]"
6,data/cicero_redacted_games/game_434170_TURKEY_FIR.json,root,21,W1905A,False,0,5,6,True,"[""logs"", ""messages"", ""name"", ""orders"", ""results"", ""state""]"
6,data/cicero_redacted_games/game_434170_TURKEY_FIR.json,root,22,S1906M,True,15,7,34,True,"[""logs"", ""messages"", ""name"", ""orders"", ""results"", ""state""]"
6,data/cicero_redacted_games/game_434170_TURKEY_FIR.json,root,23,S1906R,False,0,1,1,True,"[""logs"", ""messages"", ""name"", ""orders"", ""results"", ""state""]"
6,data/cicero_redacted_games/game_434170_TURKEY_FIR.json,root,24,F1906M,True,25,7,34,True,"[""logs"", ""messages"", ""name"", ""orders"", ""results"", ""state""]"
6,data/cicero_redacted_games/game_434170_TURKEY_FIR.json,root,25,F1906R,False,0,2,2,True,"[""logs"", ""messages"", ""name"", ""orders"", ""results"", ""state""]"
6,data/cicero_redacted_games/game_434170_TURKEY_FIR.json,root,26,W1906A,False,0,4,6,True,"[""logs"", ""messages"", ""name"", ""orders"", ""results"", ""state""]"
6,data/cicero_redacted_games/game_434170_TURKEY_FIR.json,root,27,S1907M,True,10,6,34,True,"[""logs"", ""messages"", ""name"", ""orders"", ""results"", ""state""]"
6,data/cicero_redacted_games/game_434170_TURKEY_FIR.json,root,28,S1907R,False,0,1,1,True,"[""logs"", ""messages"", ""name"", ""orders"", ""results"", ""state""]"
6,data/cicero_redacted_games/game_434170_TURKEY_FIR.json,root,29,F1907M,True,8,6,34,True,"[""logs"", ""messages"", ""name"", ""orders"", ""results"", ""state""]"
6,data/cicero_redacted_games/game_434170_TURKEY_FIR.json,root,30,F1907R,False,0,3,3,True,"[""logs"", ""messages"", ""name"", ""orders"", ""results"", ""state""]"
6,data/cicero_redacted_games/game_434170_TURKEY_FIR.json,root,31,W1907A,False,0,4,6,True,"[""logs"", ""messages"", ""name"", ""orders"", ""results"", ""state""]"
6,data/cicero_redacted_games/game_434170_TURKEY_FIR.json,root,32,S1908M,True,7,5,34,True,"[""logs"", ""messages"", ""name"", ""orders"", ""results"", ""state""]"
6,data/cicero_redacted_games/game_434170_TURKEY_FIR.json,root,33,S1908R,False,0,1,1,True,"[""logs"", ""messages"", ""name"", ""orders"", ""results"", ""state""]"
6,data/cicero_redacted_games/game_434170_TURKEY_FIR.json,root,34,F1908M,True,3,5,34,True,"[""logs"", ""messages"", ""name"", ""orders"", ""results"", ""state""]"
6,data/cicero_redacted_games/game_434170_TURKEY_FIR.json,root,35,F1908R,False,0,3,3,True,"[""logs"", ""messages"", ""name"", ""orders"", ""results"", ""state""]"
6,data/cicero_redacted_games/game_434170_TURKEY_FIR.json,root,36,W1908A,False,0,0,0,True,"[""logs"", ""messages"", ""name"", ""orders"", ""results"", ""state""]"
6,data/cicero_redacted_games/game_434170_TURKEY_FIR.json,root,37,S1909M,True,0,0,0,True,"[""logs"", ""messages"", ""name"", ""orders"", ""results"", ""state""]"
7,data/cicero_redacted_games/game_435086_FRANCE_RT.json,root,0,S1901M,True,17,7,22,True,"[""logs"", ""messages"", ""name"", ""orders"", ""results"", ""state""]"
7,data/cicero_redacted_games/game_435086_FRANCE_RT.json,root,1,F1901M,True,20,7,22,True,"[""logs"", ""messages"", ""name"", ""orders"", ""results"", ""state""]"
7,data/cicero_redacted_games/game_435086_FRANCE_RT.json,root,2,W1901A,False,0,6,9,True,"[""logs"", ""messages"", ""name"", ""orders"", ""results"", ""state""]"
7,data/cicero_redacted_games/game_435086_FRANCE_RT.json,root,3,S1902M,True,18,7,31,True,"[""logs"", ""messages"", ""name"", ""orders"", ""results"", ""state""]"
7,data/cicero_redacted_games/game_435086_FRANCE_RT.json,root,4,F1902M,True,1,7,31,True,"[""logs"", ""messages"", ""name"", ""orders"", ""results"", ""state""]"
7,data/cicero_redacted_games/game_435086_FRANCE_RT.json,root,5,W1902A,False,0,3,3,True,"[""logs"", ""messages"", ""name"", ""orders"", ""results"", ""state""]"
7,data/cicero_redacted_games/game_435086_FRANCE_RT.json,root,6,S1903M,True,7,7,34,True,"[""logs"", ""messages"", ""name"", ""orders"", ""results"", ""state""]"
7,data/cicero_redacted_games/game_435086_FRANCE_RT.json,root,7,S1903R,False,0,2,2,True,"[""logs"", ""messages"", ""name"", ""orders"", ""results"", ""state""]"
7,data/cicero_redacted_games/game_435086_FRANCE_RT.json,root,8,F1903M,True,2,7,34,True,"[""logs"", ""messages"", ""name"", ""orders"", ""results"", ""state""]"
7,data/cicero_redacted_games/game_435086_FRANCE_RT.json,root,9,F1903R,False,0,1,1,True,"[""logs"", ""messages"", ""name"", ""orders"", ""results"", ""state""]"
7,data/cicero_redacted_games/game_435086_FRANCE_RT.json,root,10,W1903A,False,0,3,3,True,"[""logs"", ""messages"", ""name"", ""orders"", ""results"", ""state""]"
7,data/cicero_redacted_games/game_435086_FRANCE_RT.json,root,11,S1904M,True,3,7,34,True,"[""logs"", ""messages"", ""name"", ""orders"", ""results"", ""state""]"
7,data/cicero_redacted_games/game_435086_FRANCE_RT.json,root,12,F1904M,True,1,7,34,True,"[""logs"", ""messages"", ""name"", ""orders"", ""results"", ""state""]"
7,data/cicero_redacted_games/game_435086_FRANCE_RT.json,root,13,F1904R,False,0,1,1,True,"[""logs"", ""messages"", ""name"", ""orders"", ""results"", ""state""]"
7,data/cicero_redacted_games/game_435086_FRANCE_RT.json,root,14,W1904A,False,0,1,1,True,"[""logs"", ""messages"", ""name"", ""orders"", ""results"", ""state""]"
7,data/cicero_redacted_games/game_435086_FRANCE_RT.json,root,15,S1905M,True,4,7,34,True,"[""logs"", ""messages"", ""name"", ""orders"", ""results"", ""state""]"
7,data/cicero_redacted_games/game_435086_FRANCE_RT.json,root,16,S1905R,False,0,2,2,True,"[""logs"", ""messages"", ""name"", ""orders"", ""results"", ""state""]"
7,data/cicero_redacted_games/game_435086_FRANCE_RT.json,root,17,F1905M,True,0,7,33,True,"[""logs"", ""messages"", ""name"", ""orders"", ""results"", ""state""]"
7,data/cicero_redacted_games/game_435086_FRANCE_RT.json,root,18,F1905R,False,0,1,1,True,"[""logs"", ""messages"", ""name"", ""orders"", ""results"", ""state""]"
7,data/cicero_redacted_games/game_435086_FRANCE_RT.json,root,19,W1905A,False,0,6,8,True,"[""logs"", ""messages"", ""name"", ""orders"", ""results"", ""state""]"
7,data/cicero_redacted_games/game_435086_FRANCE_RT.json,root,20,S1906M,True,2,7,34,True,"[""logs"", ""messages"", ""name"", ""orders"", ""results"", ""state""]"
7,data/cicero_redacted_games/game_435086_FRANCE_RT.json,root,21,S1906R,False,0,2,2,True,"[""logs"", ""messages"", ""name"", ""orders"", ""results"", ""state""]"
7,data/cicero_redacted_games/game_435086_FRANCE_RT.json,root,22,F1906M,True,9,6,32,True,"[""logs"", ""messages"", ""name"", ""orders"", ""results"", ""state""]"
7,data/cicero_redacted_games/game_435086_FRANCE_RT.json,root,23,F1906R,False,0,1,1,True,"[""logs"", ""messages"", ""name"", ""orders"", ""results"", ""state""]"
7,data/cicero_redacted_games/game_435086_FRANCE_RT.json,root,24,W1906A,False,0,5,7,True,"[""logs"", ""messages"", ""name"", ""orders"", ""results"", ""state""]"
7,data/cicero_redacted_games/game_435086_FRANCE_RT.json,root,25,S1907M,True,0,6,34,True,"[""logs"", ""messages"", ""name"", ""orders"", ""results"", ""state""]"
7,data/cicero_redacted_games/game_435086_FRANCE_RT.json,root,26,S1907R,False,0,1,2,True,"[""logs"", ""messages"", ""name"", ""orders"", ""results"", ""state""]"
7,data/cicero_redacted_games/game_435086_FRANCE_RT.json,root,27,F1907M,True,8,6,33,True,"[""logs"", ""messages"", ""name"", ""orders"", ""results"", ""state""]"
7,data/cicero_redacted_games/game_435086_FRANCE_RT.json,root,28,F1907R,False,0,2,2,True,"[""logs"", ""messages"", ""name"", ""orders"", ""results"", ""state""]"
7,data/cicero_redacted_games/game_435086_FRANCE_RT.json,root,29,W1907A,False,0,4,5,True,"[""logs"", ""messages"", ""name"", ""orders"", ""results"", ""state""]"
7,data/cicero_redacted_games/game_435086_FRANCE_RT.json,root,30,S1908M,True,0,6,34,True,"[""logs"", ""messages"", ""name"", ""orders"", ""results"", ""state""]"
7,data/cicero_redacted_games/game_435086_FRANCE_RT.json,root,31,S1908R,False,0,1,1,True,"[""logs"", ""messages"", ""name"", ""orders"", ""results"", ""state""]"
7,data/cicero_redacted_games/game_435086_FRANCE_RT.json,root,32,F1908M,True,2,6,34,True,"[""logs"", ""messages"", ""name"", ""orders"", ""results"", ""state""]"
7,data/cicero_redacted_games/game_435086_FRANCE_RT.json,root,33,F1908R,False,0,0,0,True,"[""logs"", ""messages"", ""name"", ""orders"", ""results"", ""state""]"
7,data/cicero_redacted_games/game_435086_FRANCE_RT.json,root,34,W1908A,False,0,0,0,True,"[""logs"", ""messages"", ""name"", ""orders"", ""results"", ""state""]"
8,data/cicero_redacted_games/game_435211_ITALY_EGT.json,root,0,S1901M,True,12,7,22,True,"[""logs"", ""messages"", ""name"", ""orders"", ""results"", ""state""]"
8,data/cicero_redacted_games/game_435211_ITALY_EGT.json,root,1,F1901M,True,16,7,22,True,"[""logs"", ""messages"", ""name"", ""orders"", ""results"", ""state""]"
8,data/cicero_redacted_games/game_435211_ITALY_EGT.json,root,2,W1901A,False,0,7,11,True,"[""logs"", ""messages"", ""name"", ""orders"", ""results"", ""state""]"
8,data/cicero_redacted_games/game_435211_ITALY_EGT.json,root,3,S1902M,True,13,7,33,True,"[""logs"", ""messages"", ""name"", ""orders"", ""results"", ""state""]"
8,data/cicero_redacted_games/game_435211_ITALY_EGT.json,root,4,S1902R,False,0,1,1,True,"[""logs"", ""messages"", ""name"", ""orders"", ""results"", ""state""]"
8,data/cicero_redacted_games/game_435211_ITALY_EGT.json,root,5,F1902M,True,17,7,33,True,"[""logs"", ""messages"", ""name"", ""orders"", ""results"", ""state""]"
8,data/cicero_redacted_games/game_435211_ITALY_EGT.json,root,6,W1902A,False,0,3,3,True,"[""logs"", ""messages"", ""name"", ""orders"", ""results"", ""state""]"
8,data/cicero_redacted_games/game_435211_ITALY_EGT.json,root,7,S1903M,True,4,7,34,True,"[""logs"", ""messages"", ""name"", ""orders"", ""results"", ""state""]"
8,data/cicero_redacted_games/game_435211_ITALY_EGT.json,root,8,S1903R,False,0,2,2,True,"[""logs"", ""messages"", ""name"", ""orders"", ""results"", ""state""]"
8,data/cicero_redacted_games/game_435211_ITALY_EGT.json,root,9,F1903M,True,1,7,33,True,"[""logs"", ""messages"", ""name"", ""orders"", ""results"", ""state""]"
8,data/cicero_redacted_games/game_435211_ITALY_EGT.json,root,10,F1903R,False,0,1,1,True,"[""logs"", ""messages"", ""name"", ""orders"", ""results"", ""state""]"
8,data/cicero_redacted_games/game_435211_ITALY_EGT.json,root,11,W1903A,False,0,3,3,True,"[""logs"", ""messages"", ""name"", ""orders"", ""results"", ""state""]"
8,data/cicero_redacted_games/game_435211_ITALY_EGT.json,root,12,S1904M,True,5,7,34,True,"[""logs"", ""messages"", ""name"", ""orders"", ""results"", ""state""]"
8,data/cicero_redacted_games/game_435211_ITALY_EGT.json,root,13,S1904R,False,0,1,1,True,"[""logs"", ""messages"", ""name"", ""orders"", ""results"", ""state""]"
8,data/cicero_redacted_games/game_435211_ITALY_EGT.json,root,14,F1904M,True,14,7,34,True,"[""logs"", ""messages"", ""name"", ""orders"", ""results"", ""state""]"
8,data/cicero_redacted_games/game_435211_ITALY_EGT.json,root,15,F1904R,False,0,2,3,True,"[""logs"", ""messages"", ""name"", ""orders"", ""results"", ""state""]"
8,data/cicero_redacted_games/game_435211_ITALY_EGT.json,root,16,W1904A,False,0,4,5,True,"[""logs"", ""messages"", ""name"", ""orders"", ""results"", ""state""]"
8,data/cicero_redacted_games/game_435211_ITALY_EGT.json,root,17,S1905M,True,5,7,32,True,"[""logs"", ""messages"", ""name"", ""orders"", ""results"", ""state""]"
8,data/cicero_redacted_games/game_435211_ITALY_EGT.json,root,18,S1905R,False,0,1,1,True,"[""logs"", ""messages"", ""name"", ""orders"", ""results"", ""state""]"
8,data/cicero_redacted_games/game_435211_ITALY_EGT.json,root,19,F1905M,True,0,7,31,True,"[""logs"", ""messages"", ""name"", ""orders"", ""results"", ""state""]"
8,data/cicero_redacted_games/game_435211_ITALY_EGT.json,root,20,F1905R,False,0,3,3,True,"[""logs"", ""messages"", ""name"", ""orders"", ""results"", ""state""]"
8,data/cicero_redacted_games/game_435211_ITALY_EGT.json,root,21,W1905A,False,0,6,8,True,"[""logs"", ""messages"", ""name"", ""orders"", ""results"", ""state""]"
8,data/cicero_redacted_games/game_435211_ITALY_EGT.json,root,22,S1906M,True,0,6,34,True,"[""logs"", ""messages"", ""name"", ""orders"", ""results"", ""state""]"
8,data/cicero_redacted_games/game_435211_ITALY_EGT.json,root,23,S1906R,False,0,2,2,True,"[""logs"", ""messages"", ""name"", ""orders"", ""results"", ""state""]"
8,data/cicero_redacted_games/game_435211_ITALY_EGT.json,root,24,F1906M,True,0,6,34,True,"[""logs"", ""messages"", ""name"", ""orders"", ""results"", ""state""]"
8,data/cicero_redacted_games/game_435211_ITALY_EGT.json,root,25,F1906R,False,0,2,3,True,"[""logs"", ""messages"", ""name"", ""orders"", ""results"", ""state""]"
8,data/cicero_redacted_games/game_435211_ITALY_EGT.json,root,26,W1906A,False,0,3,5,True,"[""logs"", ""messages"", ""name"", ""orders"", ""results"", ""state""]"
8,data/cicero_redacted_games/game_435211_ITALY_EGT.json,root,27,S1907M,True,0,6,34,True,"[""logs"", ""messages"", ""name"", ""orders"", ""results"", ""state""]"
8,data/cicero_redacted_games/game_435211_ITALY_EGT.json,root,28,S1907R,False,0,2,2,True,"[""logs"", ""messages"", ""name"", ""orders"", ""results"", ""state""]"
8,data/cicero_redacted_games/game_435211_ITALY_EGT.json,root,29,F1907M,True,1,6,34,True,"[""logs"", ""messages"", ""name"", ""orders"", ""results"", ""state""]"
8,data/cicero_redacted_games/game_435211_ITALY_EGT.json,root,30,F1907R,False,0,1,1,True,"[""logs"", ""messages"", ""name"", ""orders"", ""results"", ""state""]"
8,data/cicero_redacted_games/game_435211_ITALY_EGT.json,root,31,W1907A,False,0,6,7,True,"[""logs"", ""messages"", ""name"", ""orders"", ""results"", ""state""]"
8,data/cicero_redacted_games/game_435211_ITALY_EGT.json,root,32,S1908M,True,5,5,34,True,"[""logs"", ""messages"", ""name"", ""orders"", ""results"", ""state""]"
8,data/cicero_redacted_games/game_435211_ITALY_EGT.json,root,33,S1908R,False,0,1,1,True,"[""logs"", ""messages"", ""name"", ""orders"", ""results"", ""state""]"
8,data/cicero_redacted_games/game_435211_ITALY_EGT.json,root,34,F1908M,True,2,5,34,True,"[""logs"", ""messages"", ""name"", ""orders"", ""results"", ""state""]"
8,data/cicero_redacted_games/game_435211_ITALY_EGT.json,root,35,F1908R,False,0,1,1,True,"[""logs"", ""messages"", ""name"", ""orders"", ""results"", ""state""]"
8,data/cicero_redacted_games/game_435211_ITALY_EGT.json,root,36,W1908A,False,0,2,3,True,"[""logs"", ""messages"", ""name"", ""orders"", ""results"", ""state""]"
8,data/cicero_redacted_games/game_435211_ITALY_EGT.json,root,37,S1909M,True,0,0,0,True,"[""logs"", ""messages"", ""name"", ""orders"", ""results"", ""state""]"
8,data/cicero_redacted_games/game_435211_ITALY_EGT.json,root,38,F1909M,True,0,0,0,True,"[""logs"", ""messages"", ""name"", ""orders"", ""results"", ""state""]"
9,data/cicero_redacted_games/game_435440_ENGLAND_AR.json,root,0,S1901M,True,6,7,22,True,"[""logs"", ""messages"", ""name"", ""orders"", ""results"", ""state""]"
9,data/cicero_redacted_games/game_435440_ENGLAND_AR.json,root,1,F1901M,True,8,7,22,True,"[""logs"", ""messages"", ""name"", ""orders"", ""results"", ""state""]"
9,data/cicero_redacted_games/game_435440_ENGLAND_AR.json,root,2,W1901A,False,0,7,10,True,"[""logs"", ""messages"", ""name"", ""orders"", ""results"", ""state""]"
9,data/cicero_redacted_games/game_435440_ENGLAND_AR.json,root,3,S1902M,True,8,7,32,True,"[""logs"", ""messages"", ""name"", ""orders"", ""results"", ""state""]"
9,data/cicero_redacted_games/game_435440_ENGLAND_AR.json,root,4,S1902R,False,0,1,1,True,"[""logs"", ""messages"", ""name"", ""orders"", ""results"", ""state""]"
9,data/cicero_redacted_games/game_435440_ENGLAND_AR.json,root,5,F1902M,True,17,7,32,True,"[""logs"", ""messages"", ""name"", ""orders"", ""results"", ""state""]"
9,data/cicero_redacted_games/game_435440_ENGLAND_AR.json,root,6,F1902R,False,0,1,1,True,"[""logs"", ""messages"", ""name"", ""orders"", ""results"", ""state""]"
9,data/cicero_redacted_games/game_435440_ENGLAND_AR.json,root,7,W1902A,False,0,3,3,True,"[""logs"", ""messages"", ""name"", ""orders"", ""results"", ""state""]"
9,data/cicero_redacted_games/game_435440_ENGLAND_AR.json,root,8,S1903M,True,0,7,34,True,"[""logs"", ""messages"", ""name"", ""orders"", ""results"", ""state""]"
9,data/cicero_redacted_games/game_435440_ENGLAND_AR.json,root,9,S1903R,False,0,3,3,True,"[""logs"", ""messages"", ""name"", ""orders"", ""results"", ""state""]"
9,data/cicero_redacted_games/game_435440_ENGLAND_AR.json,root,10,F1903M,True,0,7,33,True,"[""logs"", ""messages"", ""name"", ""orders"", ""results"", ""state""]"
9,data/cicero_redacted_games/game_435440_ENGLAND_AR.json,root,11,F1903R,False,0,1,1,True,"[""logs"", ""messages"", ""name"", ""orders"", ""results"", ""state""]"
9,data/cicero_redacted_games/game_435440_ENGLAND_AR.json,root,12,W1903A,False,0,6,6,True,"[""logs"", ""messages"", ""name"", ""orders"", ""results"", ""state""]"
9,data/cicero_redacted_games/game_435440_ENGLAND_AR.json,root,13,S1904M,True,0,7,34,True,"[""logs"", ""messages"", ""name"", ""orders"", ""results"", ""state""]"
9,data/cicero_redacted_games/game_435440_ENGLAND_AR.json,root,14,S1904R,False,0,2,2,True,"[""logs"", ""messages"", ""name"", ""orders"", ""results"", ""state""]"
9,data/cicero_redacted_games/game_435440_ENGLAND_AR.json,root,15,F1904M,True,0,7,32,True,"[""logs"", ""messages"", ""name"", ""orders"", ""results"", ""state""]"
9,data/cicero_redacted_games/game_435440_ENGLAND_AR.json,root,16,F1904R,False,0,2,3,True,"[""logs"", ""messages"", ""name"", ""orders"", ""results"", ""state""]"
9,data/cicero_redacted_games/game_435440_ENGLAND_AR.json,root,17,W1904A,False,0,4,6,True,"[""logs"", ""messages"", ""name"", ""orders"", ""results"", ""state""]"
9,data/cicero_redacted_games/game_435440_ENGLAND_AR.json,root,18,S1905M,True,0,7,34,True,"[""logs"", ""messages"", ""name"", ""orders"", ""results"", ""state""]"
9,data/cicero_redacted_games/game_435440_ENGLAND_AR.json,root,19,S1905R,False,0,1,1,True,"[""logs"", ""messages"", ""name"", ""orders"", ""results"", ""state""]"
9,data/cicero_redacted_games/game_435440_ENGLAND_AR.json,root,20,F1905M,True,3,7,34,True,"[""logs"", ""messages"", ""name"", ""orders"", ""results"", ""state""]"
9,data/cicero_redacted_games/game_435440_ENGLAND_AR.json,root,21,W1905A,False,0,2,2,True,"[""logs"", ""messages"", ""name"", ""orders"", ""results"", ""state""]"
9,data/cicero_redacted_games/game_435440_ENGLAND_AR.json,root,22,S1906M,True,0,7,34,True,"[""logs"", ""messages"", ""name"", ""orders"", ""results"", ""state""]"
9,data/cicero_redacted_games/game_435440_ENGLAND_AR.json,root,23,S1906R,False,0,1,1,True,"[""logs"", ""messages"", ""name"", ""orders"", ""results"", ""state""]"
9,data/cicero_redacted_games/game_435440_ENGLAND_AR.json,root,24,F1906M,True,2,7,34,True,"[""logs"", ""messages"", ""name"", ""orders"", ""results"", ""state""]"
9,data/cicero_redacted_games/game_435440_ENGLAND_AR.json,root,25,F1906R,False,0,1,1,True,"[""logs"", ""messages"", ""name"", ""orders"", ""results"", ""state""]"
9,data/cicero_redacted_games/game_435440_ENGLAND_AR.json,root,26,W1906A,False,0,6,6,True,"[""logs"", ""messages"", ""name"", ""orders"", ""results"", ""state""]"
9,data/cicero_redacted_games/game_435440_ENGLAND_AR.json,root,27,S1907M,True,0,6,34,True,"[""logs"", ""messages"", ""name"", ""orders"", ""results"", ""state""]"
9,data/cicero_redacted_games/game_435440_ENGLAND_AR.json,root,28,S1907R,False,0,1,1,True,"[""logs"", ""messages"", ""name"", ""orders"", ""results"", ""state""]"
9,data/cicero_redacted_games/game_435440_ENGLAND_AR.json,root,29,F1907M,True,0,6,34,True,"[""logs"", ""messages"", ""name"", ""orders"", ""results"", ""state""]"
9,data/cicero_redacted_games/game_435440_ENGLAND_AR.json,root,30,F1907R,False,0,2,2,True,"[""logs"", ""messages"", ""name"", ""orders"", ""results"", ""state""]"
9,data/cicero_redacted_games/game_435440_ENGLAND_AR.json,root,31,W1907A,False,0,4,6,True,"[""logs"", ""messages"", ""name"", ""orders"", ""results"", ""state""]"
9,data/cicero_redacted_games/game_435440_ENGLAND_AR.json,root,32,S1908M,True,0,5,34,True,"[""logs"", ""messages"", ""name"", ""orders"", ""results"", ""state""]"
9,data/cicero_redacted_games/game_435440_ENGLAND_AR.json,root,33,S1908R,False,0,2,2,True,"[""logs"", ""messages"", ""name"", ""orders"", ""results"", ""state""]"
9,data/cicero_redacted_games/game_435440_ENGLAND_AR.json,root,34,F1908M,True,0,5,34,True,"[""logs"", ""messages"", ""name"", ""orders"", ""results"", ""state""]"
9,data/cicero_redacted_games/game_435440_ENGLAND_AR.json,root,35,F1908R,False,0,2,2,True,"[""logs"", ""messages"", ""name"", ""orders"", ""results"", ""state""]"
9,data/cicero_redacted_games/game_435440_ENGLAND_AR.json,root,36,W1908A,False,0,0,0,True,"[""logs"", ""messages"", ""name"", ""orders"", ""results"", ""state""]"
9,data/cicero_redacted_games/game_435440_ENGLAND_AR.json,root,37,S1909M,True,0,0,0,True,"[""logs"", ""messages"", ""name"", ""orders"", ""results"", ""state""]"
10,data/cicero_redacted_games/game_435500_FRANCE_AI.json,root,0,S1901M,True,2,7,22,True,"[""logs"", ""messages"", ""name"", ""orders"", ""results"", ""state""]"
10,data/cicero_redacted_games/game_435500_FRANCE_AI.json,root,1,F1901M,True,9,7,22,True,"[""logs"", ""messages"", ""name"", ""orders"", ""results"", ""state""]"
10,data/cicero_redacted_games/game_435500_FRANCE_AI.json,root,2,W1901A,False,0,6,10,True,"[""logs"", ""messages"", ""name"", ""orders"", ""results"", ""state""]"
10,data/cicero_redacted_games/game_435500_FRANCE_AI.json,root,3,S1902M,True,7,7,32,True,"[""logs"", ""messages"", ""name"", ""orders"", ""results"", ""state""]"
10,data/cicero_redacted_games/game_435500_FRANCE_AI.json,root,4,S1902R,False,0,1,1,True,"[""logs"", ""messages"", ""name"", ""orders"", ""results"", ""state""]"
10,data/cicero_redacted_games/game_435500_FRANCE_AI.json,root,5,F1902M,True,11,7,31,True,"[""logs"", ""messages"", ""name"", ""orders"", ""results"", ""state""]"
10,data/cicero_redacted_games/game_435500_FRANCE_AI.json,root,6,F1902R,False,0,2,2,True,"[""logs"", ""messages"", ""name"", ""orders"", ""results"", ""state""]"
10,data/cicero_redacted_games/game_435500_FRANCE_AI.json,root,7,W1902A,False,0,4,6,True,"[""logs"", ""messages"", ""name"", ""orders"", ""results"", ""state""]"
10,data/cicero_redacted_games/game_435500_FRANCE_AI.json,root,8,S1903M,True,7,7,34,True,"[""logs"", ""messages"", ""name"", ""orders"", ""results"", ""state""]"
10,data/cicero_redacted_games/game_435500_FRANCE_AI.json,root,9,S1903R,False,0,3,3,True,"[""logs"", ""messages"", ""name"", ""orders"", ""results"", ""state""]"
10,data/cicero_redacted_games/game_435500_FRANCE_AI.json,root,10,F1903M,True,1,7,34,True,"[""logs"", ""messages"", ""name"", ""orders"", ""results"", ""state""]"
10,data/cicero_redacted_games/game_435500_FRANCE_AI.json,root,11,F1903R,False,0,2,2,True,"[""logs"", ""messages"", ""name"", ""orders"", ""results"", ""state""]"
10,data/cicero_redacted_games/game_435500_FRANCE_AI.json,root,12,W1903A,False,0,3,4,True,"[""logs"", ""messages"", ""name"", ""orders"", ""results"", ""state""]"
10,data/cicero_redacted_games/game_435500_FRANCE_AI.json,root,13,S1904M,True,10,7,34,True,"[""logs"", ""messages"", ""name"", ""orders"", ""results"", ""state""]"
10,data/cicero_redacted_games/game_435500_FRANCE_AI.json,root,14,F1904M,True,2,7,34,True,"[""logs"", ""messages"", ""name"", ""orders"", ""results"", ""state""]"
10,data/cicero_redacted_games/game_435500_FRANCE_AI.json,root,15,F1904R,False,0,2,2,True,"[""logs"", ""messages"", ""name"", ""orders"", ""results"", ""state""]"
10,data/cicero_redacted_games/game_435500_FRANCE_AI.json,root,16,W1904A,False,0,4,6,True,"[""logs"", ""messages"", ""name"", ""orders"", ""results"", ""state""]"
10,data/cicero_redacted_games/game_435500_FRANCE_AI.json,root,17,S1905M,True,7,7,34,True,"[""logs"", ""messages"", ""name"", ""orders"", ""results"", ""state""]"
10,data/cicero_redacted_games/game_435500_FRANCE_AI.json,root,18,F1905M,True,0,7,34,True,"[""logs"", ""messages"", ""name"", ""orders"", ""results"", ""state""]"
10,data/cicero_redacted_games/game_435500_FRANCE_AI.json,root,19,F1905R,False,0,1,1,True,"[""logs"", ""messages"", ""name"", ""orders"", ""results"", ""state""]"
10,data/cicero_redacted_games/game_435500_FRANCE_AI.json,root,20,W1905A,False,0,3,4,True,"[""logs"", ""messages"", ""name"", ""orders"", ""results"", ""state""]"
10,data/cicero_redacted_games/game_435500_FRANCE_AI.json,root,21,S1906M,True,0,7,34,True,"[""logs"", ""messages"", ""name"", ""orders"", ""results"", ""state""]"
10,data/cicero_redacted_games/game_435500_FRANCE_AI.json,root,22,S1906R,False,0,1,1,True,"[""logs"", ""messages"", ""name"", ""orders"", ""results"", ""state""]"
10,data/cicero_redacted_games/game_435500_FRANCE_AI.json,root,23,F1906M,True,7,7,34,True,"[""logs"", ""messages"", ""name"", ""orders"", ""results"", ""state""]"
10,data/cicero_redacted_games/game_435500_FRANCE_AI.json,root,24,F1906R,False,0,2,3,True,"[""logs"", ""messages"", ""name"", ""orders"", ""results"", ""state""]"
10,data/cicero_redacted_games/game_435500_FRANCE_AI.json,root,25,W1906A,False,0,5,7,True,"[""logs"", ""messages"", ""name"", ""orders"", ""results"", ""state""]"
10,data/cicero_redacted_games/game_435500_FRANCE_AI.json,root,26,S1907M,True,1,7,34,True,"[""logs"", ""messages"", ""name"", ""orders"", ""results"", ""state""]"
10,data/cicero_redacted_games/game_435500_FRANCE_AI.json,root,27,S1907R,False,0,4,4,True,"[""logs"", ""messages"", ""name"", ""orders"", ""results"", ""state""]"
10,data/cicero_redacted_games/game_435500_FRANCE_AI.json,root,28,F1907M,True,15,7,33,True,"[""logs"", ""messages"", ""name"", ""orders"", ""results"", ""state""]"
10,data/cicero_redacted_games/game_435500_FRANCE_AI.json,root,29,F1907R,False,0,2,3,True,"[""logs"", ""messages"", ""name"", ""orders"", ""results"", ""state""]"
10,data/cicero_redacted_games/game_435500_FRANCE_AI.json,root,30,W1907A,False,0,3,6,True,"[""logs"", ""messages"", ""name"", ""orders"", ""results"", ""state""]"
10,data/cicero_redacted_games/game_435500_FRANCE_AI.json,root,31,S1908M,True,18,7,33,True,"[""logs"", ""messages"", ""name"", ""orders"", ""results"", ""state""]"
10,data/cicero_redacted_games/game_435500_FRANCE_AI.json,root,32,S1908R,False,0,1,1,True,"[""logs"", ""messages"", ""name"", ""orders"", ""results"", ""state""]"
10,data/cicero_redacted_games/game_435500_FRANCE_AI.json,root,33,F1908M,True,3,7,32,True,"[""logs"", ""messages"", ""name"", ""orders"", ""results"", ""state""]"
10,data/cicero_redacted_games/game_435500_FRANCE_AI.json,root,34,W1908A,False,0,0,0,True,"[""logs"", ""messages"", ""name"", ""orders"", ""results"", ""state""]"
10,data/cicero_redacted_games/game_435500_FRANCE_AI.json,root,35,S1909M,True,0,0,0,True,"[""logs"", ""messages"", ""name"", ""orders"", ""results"", ""state""]"
11,data/cicero_redacted_games/game_435605_RUSSIA_EFGT.json,root,0,S1901M,True,25,7,22,True,"[""logs"", ""messages"", ""name"", ""orders"", ""results"", ""state""]"
11,data/cicero_redacted_games/game_435605_RUSSIA_EFGT.json,root,1,F1901M,True,31,7,22,True,"[""logs"", ""messages"", ""name"", ""orders"", ""results"", ""state""]"
11,data/cicero_redacted_games/game_435605_RUSSIA_EFGT.json,root,2,W1901A,False,0,7,11,True,"[""logs"", ""messages"", ""name"", ""orders"", ""results"", ""state""]"
11,data/cicero_redacted_games/game_435605_RUSSIA_EFGT.json,root,3,S1902M,True,32,7,33,True,"[""logs"", ""messages"", ""name"", ""orders"", ""results"", ""state""]"
11,data/cicero_redacted_games/game_435605_RUSSIA_EFGT.json,root,4,S1902R,False,0,2,2,True,"[""logs"", ""messages"", ""name"", ""orders"", ""results"", ""state""]"
11,data/cicero_redacted_games/game_435605_RUSSIA_EFGT.json,root,5,F1902M,True,34,7,32,True,"[""logs"", ""messages"", ""name"", ""orders"", ""results"", ""state""]"
11,data/cicero_redacted_games/game_435605_RUSSIA_EFGT.json,root,6,F1902R,False,0,2,2,True,"[""logs"", ""messages"", ""name"", ""orders"", ""results"", ""state""]"
11,data/cicero_redacted_games/game_435605_RUSSIA_EFGT.json,root,7,W1902A,False,0,6,6,True,"[""logs"", ""messages"", ""name"", ""orders"", ""results"", ""state""]"
11,data/cicero_redacted_games/game_435605_RUSSIA_EFGT.json,root,8,S1903M,True,26,7,34,True,"[""logs"", ""messages"", ""name"", ""orders"", ""results"", ""state""]"
11,data/cicero_redacted_games/game_435605_RUSSIA_EFGT.json,root,9,S1903R,False,0,1,1,True,"[""logs"", ""messages"", ""name"", ""orders"", ""results"", ""state""]"
11,data/cicero_redacted_games/game_435605_RUSSIA_EFGT.json,root,10,F1903M,True,22,7,34,True,"[""logs"", ""messages"", ""name"", ""orders"", ""results"", ""state""]"
11,data/cicero_redacted_games/game_435605_RUSSIA_EFGT.json,root,11,F1903R,False,0,2,2,True,"[""logs"", ""messages"", ""name"", ""orders"", ""results"", ""state""]"
11,data/cicero_redacted_games/game_435605_RUSSIA_EFGT.json,root,12,W1903A,False,0,7,11,True,"[""logs"", ""messages"", ""name"", ""orders"", ""results"", ""state""]"
11,data/cicero_redacted_games/game_435605_RUSSIA_EFGT.json,root,13,S1904M,True,5,5,34,True,"[""logs"", ""messages"", ""name"", ""orders"", ""results"", ""state""]"
11,data/cicero_redacted_games/game_435605_RUSSIA_EFGT.json,root,14,S1904R,False,0,1,1,True,"[""logs"", ""messages"", ""name"", ""orders"", ""results"", ""state""]"
11,data/cicero_redacted_games/game_435605_RUSSIA_EFGT.json,root,15,F1904M,True,12,5,34,True,"[""logs"", ""messages"", ""name"", ""orders"", ""results"", ""state""]"
11,data/cicero_redacted_games/game_435605_RUSSIA_EFGT.json,root,16,W1904A,False,0,2,2,True,"[""logs"", ""messages"", ""name"", ""orders"", ""results"", ""state""]"
11,data/cicero_redacted_games/game_435605_RUSSIA_EFGT.json,root,17,S1905M,True,5,5,34,True,"[""logs"", ""messages"", ""name"", ""orders"", ""results"", ""state""]"
11,data/cicero_redacted_games/game_435605_RUSSIA_EFGT.json,root,18,F1905M,True,9,5,34,True,"[""logs"", ""messages"", ""name"", ""orders"", ""results"", ""state""]"
11,data/cicero_redacted_games/game_435605_RUSSIA_EFGT.json,root,19,W1905A,False,0,2,2,True,"[""logs"", ""messages"", ""name"", ""orders"", ""results"", ""state""]"
11,data/cicero_redacted_games/game_435605_RUSSIA_EFGT.json,root,20,S1906M,True,8,5,34,True,"[""logs"", ""messages"", ""name"", ""orders"", ""results"", ""state""]"
11,data/cicero_redacted_games/game_435605_RUSSIA_EFGT.json,root,21,S1906R,False,0,1,1,True,"[""logs"", ""messages"", ""name"", ""orders"", ""results"", ""state""]"
11,data/cicero_redacted_games/game_435605_RUSSIA_EFGT.json,root,22,F1906M,True,4,5,33,True,"[""logs"", ""messages"", ""name"", ""orders"", ""results"", ""state""]"
11,data/cicero_redacted_games/game_435605_RUSSIA_EFGT.json,root,23,F1906R,False,0,1,1,True,"[""logs"", ""messages"", ""name"", ""orders"", ""results"", ""state""]"
11,data/cicero_redacted_games/game_435605_RUSSIA_EFGT.json,root,24,W1906A,False,0,1,1,True,"[""logs"", ""messages"", ""name"", ""orders"", ""results"", ""state""]"
11,data/cicero_redacted_games/game_435605_RUSSIA_EFGT.json,root,25,S1907M,True,6,5,34,True,"[""logs"", ""messages"", ""name"", ""orders"", ""results"", ""state""]"
11,data/cicero_redacted_games/game_435605_RUSSIA_EFGT.json,root,26,S1907R,False,0,1,1,True,"[""logs"", ""messages"", ""name"", ""orders"", ""results"", ""state""]"
11,data/cicero_redacted_games/game_435605_RUSSIA_EFGT.json,root,27,F1907M,True,0,5,33,True,"[""logs"", ""messages"", ""name"", ""orders"", ""results"", ""state""]"
11,data/cicero_redacted_games/game_435605_RUSSIA_EFGT.json,root,28,F1907R,False,0,2,4,True,"[""logs"", ""messages"", ""name"", ""orders"", ""results"", ""state""]"
11,data/cicero_redacted_games/game_435605_RUSSIA_EFGT.json,root,29,W1907A,False,0,4,9,True,"[""logs"", ""messages"", ""name"", ""orders"", ""results"", ""state""]"
11,data/cicero_redacted_games/game_435605_RUSSIA_EFGT.json,root,30,S1908M,True,2,5,34,True,"[""logs"", ""messages"", ""name"", ""orders"", ""results"", ""state""]"
11,data/cicero_redacted_games/game_435605_RUSSIA_EFGT.json,root,31,F1908M,True,2,5,34,True,"[""logs"", ""messages"", ""name"", ""orders"", ""results"", ""state""]"
11,data/cicero_redacted_games/game_435605_RUSSIA_EFGT.json,root,32,F1908R,False,0,3,4,True,"[""logs"", ""messages"", ""name"", ""orders"", ""results"", ""state""]"
11,data/cicero_redacted_games/game_435605_RUSSIA_EFGT.json,root,33,W1908A,False,0,0,0,True,"[""logs"", ""messages"", ""name"", ""orders"", ""results"", ""state""]"
11,data/cicero_redacted_games/game_435605_RUSSIA_EFGT.json,root,34,S1909M,True,0,0,0,True,"[""logs"", ""messages"", ""name"", ""orders"", ""results"", ""state""]"
12,data/cicero_redacted_games/game_436345_RUSSIA_AEFGIT.json,root,0,S1901M,True,33,7,22,True,"[""logs"", ""messages"", ""name"", ""orders"", ""results"", ""state""]"
12,data/cicero_redacted_games/game_436345_RUSSIA_AEFGIT.json,root,1,F1901M,True,28,7,22,True,"[""logs"", ""messages"", ""name"", ""orders"", ""results"", ""state""]"
12,data/cicero_redacted_games/game_436345_RUSSIA_AEFGIT.json,root,2,W1901A,False,0,7,10,True,"[""logs"", ""messages"", ""name"", ""orders"", ""results"", ""state""]"
12,data/cicero_redacted_games/game_436345_RUSSIA_AEFGIT.json,root,3,S1902M,True,25,7,32,True,"[""logs"", ""messages"", ""name"", ""orders"", ""results"", ""state""]"
12,data/cicero_redacted_games/game_436345_RUSSIA_AEFGIT.json,root,4,S1902R,False,0,2,2,True,"[""logs"", ""messages"", ""name"", ""orders"", ""results"", ""state""]"
12,data/cicero_redacted_games/game_436345_RUSSIA_AEFGIT.json,root,5,F1902M,True,40,7,32,True,"[""logs"", ""messages"", ""name"", ""orders"", ""results"", ""state""]"
12,data/cicero_redacted_games/game_436345_RUSSIA_AEFGIT.json,root,6,F1902R,False,0,1,1,True,"[""logs"", ""messages"", ""name"", ""orders"", ""results"", ""state""]"
12,data/cicero_redacted_games/game_436345_RUSSIA_AEFGIT.json,root,7,W1902A,False,0,5,5,True,"[""logs"", ""messages"", ""name"", ""orders"", ""results"", ""state""]"
12,data/cicero_redacted_games/game_436345_RUSSIA_AEFGIT.json,root,8,S1903M,True,18,7,33,True,"[""logs"", ""messages"", ""name"", ""orders"", ""results"", ""state""]"
12,data/cicero_redacted_games/game_436345_RUSSIA_AEFGIT.json,root,9,S1903R,False,0,2,3,True,"[""logs"", ""messages"", ""name"", ""orders"", ""results"", ""state""]"
12,data/cicero_redacted_games/game_436345_RUSSIA_AEFGIT.json,root,10,F1903M,True,29,7,32,True,"[""logs"", ""messages"", ""name"", ""orders"", ""results"", ""state""]"
12,data/cicero_redacted_games/game_436345_RUSSIA_AEFGIT.json,root,11,F1903R,False,0,2,2,True,"[""logs"", ""messages"", ""name"", ""orders"", ""results"", ""state""]"
12,data/cicero_redacted_games/game_436345_RUSSIA_AEFGIT.json,root,12,W1903A,False,0,5,8,True,"[""logs"", ""messages"", ""name"", ""orders"", ""results"", ""state""]"
12,data/cicero_redacted_games/game_436345_RUSSIA_AEFGIT.json,root,13,S1904M,True,27,7,34,True,"[""logs"", ""messages"", ""name"", ""orders"", ""results"", ""state""]"
12,data/cicero_redacted_games/game_436345_RUSSIA_AEFGIT.json,root,14,S1904R,False,0,1,1,True,"[""logs"", ""messages"", ""name"", ""orders"", ""results"", ""state""]"
12,data/cicero_redacted_games/game_436345_RUSSIA_AEFGIT.json,root,15,F1904M,True,19,7,34,True,"[""logs"", ""messages"", ""name"", ""orders"", ""results"", ""state""]"
12,data/cicero_redacted_games/game_436345_RUSSIA_AEFGIT.json,root,16,F1904R,False,0,1,2,True,"[""logs"", ""messages"", ""name"", ""orders"", ""results"", ""state""]"
12,data/cicero_redacted_games/game_436345_RUSSIA_AEFGIT.json,root,17,W1904A,False,0,5,5,True,"[""logs"", ""messages"", ""name"", ""orders"", ""results"", ""state""]"
12,data/cicero_redacted_games/game_436345_RUSSIA_AEFGIT.json,root,18,S1905M,True,19,6,34,True,"[""logs"", ""messages"", ""name"", ""orders"", ""results"", ""state""]"
12,data/cicero_redacted_games/game_436345_RUSSIA_AEFGIT.json,root,19,S1905R,False,0,1,1,True,"[""logs"", ""messages"", ""name"", ""orders"", ""results"", ""state""]"
12,data/cicero_redacted_games/game_436345_RUSSIA_AEFGIT.json,root,20,F1905M,True,9,6,33,True,"[""logs"", ""messages"", ""name"", ""orders"", ""results"", ""state""]"
12,data/cicero_redacted_games/game_436345_RUSSIA_AEFGIT.json,root,21,F1905R,False,0,3,3,True,"[""logs"", ""messages"", ""name"", ""orders"", ""results"", ""state""]"
12,data/cicero_redacted_games/game_436345_RUSSIA_AEFGIT.json,root,22,W1905A,False,0,3,4,True,"[""logs"", ""messages"", ""name"", ""orders"", ""results"", ""state""]"
12,data/cicero_redacted_games/game_436345_RUSSIA_AEFGIT.json,root,23,S1906M,True,18,6,34,True,"[""logs"", ""messages"", ""name"", ""orders"", ""results"", ""state""]"
12,data/cicero_redacted_games/game_436345_RUSSIA_AEFGIT.json,root,24,S1906R,False,0,2,2,True,"[""logs"", ""messages"", ""name"", ""orders"", ""results"", ""state""]"
12,data/cicero_redacted_games/game_436345_RUSSIA_AEFGIT.json,root,25,F1906M,True,6,6,33,True,"[""logs"", ""messages"", ""name"", ""orders"", ""results"", ""state""]"
12,data/cicero_redacted_games/game_436345_RUSSIA_AEFGIT.json,root,26,F1906R,False,0,2,2,True,"[""logs"", ""messages"", ""name"", ""orders"", ""results"", ""state""]"
12,data/cicero_redacted_games/game_436345_RUSSIA_AEFGIT.json,root,27,W1906A,False,0,2,2,True,"[""logs"", ""messages"", ""name"", ""orders"", ""results"", ""state""]"
12,data/cicero_redacted_games/game_436345_RUSSIA_AEFGIT.json,root,28,S1907M,True,7,5,34,True,"[""logs"", ""messages"", ""name"", ""orders"", ""results"", ""state""]"
12,data/cicero_redacted_games/game_436345_RUSSIA_AEFGIT.json,root,29,S1907R,False,0,2,2,True,"[""logs"", ""messages"", ""name"", ""orders"", ""results"", ""state""]"
12,data/cicero_redacted_games/game_436345_RUSSIA_AEFGIT.json,root,30,F1907M,True,15,5,33,True,"[""logs"", ""messages"", ""name"", ""orders"", ""results"", ""state""]"
12,data/cicero_redacted_games/game_436345_RUSSIA_AEFGIT.json,root,31,F1907R,False,0,2,2,True,"[""logs"", ""messages"", ""name"", ""orders"", ""results"", ""state""]"
12,data/cicero_redacted_games/game_436345_RUSSIA_AEFGIT.json,root,32,W1907A,False,0,3,4,True,"[""logs"", ""messages"", ""name"", ""orders"", ""results"", ""state""]"
12,data/cicero_redacted_games/game_436345_RUSSIA_AEFGIT.json,root,33,S1908M,True,3,5,34,True,"[""logs"", ""messages"", ""name"", ""orders"", ""results"", ""state""]"
12,data/cicero_redacted_games/game_436345_RUSSIA_AEFGIT.json,root,34,F1908M,True,6,5,34,True,"[""logs"", ""messages"", ""name"", ""orders"", ""results"", ""state""]"
12,data/cicero_redacted_games/game_436345_RUSSIA_AEFGIT.json,root,35,F1908R,False,0,1,2,True,"[""logs"", ""messages"", ""name"", ""orders"", ""results"", ""state""]"
12,data/cicero_redacted_games/game_436345_RUSSIA_AEFGIT.json,root,36,W1908A,False,0,0,0,True,"[""logs"", ""messages"", ""name"", ""orders"", ""results"", ""state""]"
12,data/cicero_redacted_games/game_436345_RUSSIA_AEFGIT.json,root,37,S1909M,True,0,0,0,True,"[""logs"", ""messages"", ""name"", ""orders"", ""results"", ""state""]"
13,data/cicero_redacted_games/game_436958_RUSSIA_AEGIT.json,root,0,S1901M,True,40,7,22,True,"[""logs"", ""messages"", ""name"", ""orders"", ""results"", ""state""]"
13,data/cicero_redacted_games/game_436958_RUSSIA_AEGIT.json,root,1,F1901M,True,32,7,22,True,"[""logs"", ""messages"", ""name"", ""orders"", ""results"", ""state""]"
13,data/cicero_redacted_games/game_436958_RUSSIA_AEGIT.json,root,2,W1901A,False,0,6,8,True,"[""logs"", ""messages"", ""name"", ""orders"", ""results"", ""state""]"
13,data/cicero_redacted_games/game_436958_RUSSIA_AEGIT.json,root,3,S1902M,True,25,7,30,True,"[""logs"", ""messages"", ""name"", ""orders"", ""results"", ""state""]"
13,data/cicero_redacted_games/game_436958_RUSSIA_AEGIT.json,root,4,S1902R,False,0,2,2,True,"[""logs"", ""messages"", ""name"", ""orders"", ""results"", ""state""]"
13,data/cicero_redacted_games/game_436958_RUSSIA_AEGIT.json,root,5,F1902M,True,37,7,30,True,"[""logs"", ""messages"", ""name"", ""orders"", ""results"", ""state""]"
13,data/cicero_redacted_games/game_436958_RUSSIA_AEGIT.json,root,6,W1902A,False,0,5,6,True,"[""logs"", ""messages"", ""name"", ""orders"", ""results"", ""state""]"
13,data/cicero_redacted_games/game_436958_RUSSIA_AEGIT.json,root,7,S1903M,True,30,7,32,True,"[""logs"", ""messages"", ""name"", ""orders"", ""results"", ""state""]"
13,data/cicero_redacted_games/game_436958_RUSSIA_AEGIT.json,root,8,S1903R,False,0,1,1,True,"[""logs"", ""messages"", ""name"", ""orders"", ""results"", ""state""]"
13,data/cicero_redacted_games/game_436958_RUSSIA_AEGIT.json,root,9,F1903M,True,29,7,32,True,"[""logs"", ""messages"", ""name"", ""orders"", ""results"", ""state""]"
13,data/cicero_redacted_games/game_436958_RUSSIA_AEGIT.json,root,10,F1903R,False,0,2,2,True,"[""logs"", ""messages"", ""name"", ""orders"", ""results"", ""state""]"
13,data/cicero_redacted_games/game_436958_RUSSIA_AEGIT.json,root,11,W1903A,False,0,4,5,True,"[""logs"", ""messages"", ""name"", ""orders"", ""results"", ""state""]"
13,data/cicero_redacted_games/game_436958_RUSSIA_AEGIT.json,root,12,S1904M,True,31,7,34,True,"[""logs"", ""messages"", ""name"", ""orders"", ""results"", ""state""]"
13,data/cicero_redacted_games/game_436958_RUSSIA_AEGIT.json,root,13,S1904R,False,0,2,2,True,"[""logs"", ""messages"", ""name"", ""orders"", ""results"", ""state""]"
13,data/cicero_redacted_games/game_436958_RUSSIA_AEGIT.json,root,14,F1904M,True,24,7,34,True,"[""logs"", ""messages"", ""name"", ""orders"", ""results"", ""state""]"
13,data/cicero_redacted_games/game_436958_RUSSIA_AEGIT.json,root,15,F1904R,False,0,2,2,True,"[""logs"", ""messages"", ""name"", ""orders"", ""results"", ""state""]"
13,data/cicero_redacted_games/game_436958_RUSSIA_AEGIT.json,root,16,W1904A,False,0,3,3,True,"[""logs"", ""messages"", ""name"", ""orders"", ""results"", ""state""]"
13,data/cicero_redacted_games/game_436958_RUSSIA_AEGIT.json,root,17,S1905M,True,10,7,34,True,"[""logs"", ""messages"", ""name"", ""orders"", ""results"", ""state""]"
13,data/cicero_redacted_games/game_436958_RUSSIA_AEGIT.json,root,18,S1905R,False,0,1,1,True,"[""logs"", ""messages"", ""name"", ""orders"", ""results"", ""state""]"
13,data/cicero_redacted_games/game_436958_RUSSIA_AEGIT.json,root,19,F1905M,True,15,7,33,True,"[""logs"", ""messages"", ""name"", ""orders"", ""results"", ""state""]"
13,data/cicero_redacted_games/game_436958_RUSSIA_AEGIT.json,root,20,F1905R,False,0,1,1,True,"[""logs"", ""messages"", ""name"", ""orders"", ""results"", ""state""]"
13,data/cicero_redacted_games/game_436958_RUSSIA_AEGIT.json,root,21,W1905A,False,0,4,5,True,"[""logs"", ""messages"", ""name"", ""orders"", ""results"", ""state""]"
13,data/cicero_redacted_games/game_436958_RUSSIA_AEGIT.json,root,22,S1906M,True,18,7,34,True,"[""logs"", ""messages"", ""name"", ""orders"", ""results"", ""state""]"
13,data/cicero_redacted_games/game_436958_RUSSIA_AEGIT.json,root,23,S1906R,False,0,1,1,True,"[""logs"", ""messages"", ""name"", ""orders"", ""results"", ""state""]"
13,data/cicero_redacted_games/game_436958_RUSSIA_AEGIT.json,root,24,F1906M,True,18,7,34,True,"[""logs"", ""messages"", ""name"", ""orders"", ""results"", ""state""]"
13,data/cicero_redacted_games/game_436958_RUSSIA_AEGIT.json,root,25,F1906R,False,0,1,1,True,"[""logs"", ""messages"", ""name"", ""orders"", ""results"", ""state""]"
13,data/cicero_redacted_games/game_436958_RUSSIA_AEGIT.json,root,26,W1906A,False,0,4,4,True,"[""logs"", ""messages"", ""name"", ""orders"", ""results"", ""state""]"
13,data/cicero_redacted_games/game_436958_RUSSIA_AEGIT.json,root,27,S1907M,True,28,7,34,True,"[""logs"", ""messages"", ""name"", ""orders"", ""results"", ""state""]"
13,data/cicero_redacted_games/game_436958_RUSSIA_AEGIT.json,root,28,S1907R,False,0,1,1,True,"[""logs"", ""messages"", ""name"", ""orders"", ""results"", ""state""]"
13,data/cicero_redacted_games/game_436958_RUSSIA_AEGIT.json,root,29,F1907M,True,11,7,34,True,"[""logs"", ""messages"", ""name"", ""orders"", ""results"", ""state""]"
13,data/cicero_redacted_games/game_436958_RUSSIA_AEGIT.json,root,30,F1907R,False,0,3,3,True,"[""logs"", ""messages"", ""name"", ""orders"", ""results"", ""state""]"
13,data/cicero_redacted_games/game_436958_RUSSIA_AEGIT.json,root,31,W1907A,False,0,5,7,True,"[""logs"", ""messages"", ""name"", ""orders"", ""results"", ""state""]"
13,data/cicero_redacted_games/game_436958_RUSSIA_AEGIT.json,root,32,S1908M,True,9,7,34,True,"[""logs"", ""messages"", ""name"", ""orders"", ""results"", ""state""]"
13,data/cicero_redacted_games/game_436958_RUSSIA_AEGIT.json,root,33,S1908R,False,0,2,2,True,"[""logs"", ""messages"", ""name"", ""orders"", ""results"", ""state""]"
13,data/cicero_redacted_games/game_436958_RUSSIA_AEGIT.json,root,34,F1908M,True,24,7,33,True,"[""logs"", ""messages"", ""name"", ""orders"", ""results"", ""state""]"
13,data/cicero_redacted_games/game_436958_RUSSIA_AEGIT.json,root,35,F1908R,False,0,1,1,True,"[""logs"", ""messages"", ""name"", ""orders"", ""results"", ""state""]"
13,data/cicero_redacted_games/game_436958_RUSSIA_AEGIT.json,root,36,W1908A,False,0,3,3,True,"[""logs"", ""messages"", ""name"", ""orders"", ""results"", ""state""]"
13,data/cicero_redacted_games/game_436958_RUSSIA_AEGIT.json,root,37,S1909M,True,5,0,0,True,"[""logs"", ""messages"", ""name"", ""orders"", ""results"", ""state""]"
13,data/cicero_redacted_games/game_436958_RUSSIA_AEGIT.json,root,38,F1909M,True,0,0,0,True,"[""logs"", ""messages"", ""name"", ""orders"", ""results"", ""state""]"
14,data/cicero_redacted_games/game_437495_RUSSIA_IT.json,root,0,S1901M,True,27,7,22,True,"[""logs"", ""messages"", ""name"", ""orders"", ""results"", ""state""]"
14,data/cicero_redacted_games/game_437495_RUSSIA_IT.json,root,1,F1901M,True,26,7,22,True,"[""logs"", ""messages"", ""name"", ""orders"", ""results"", ""state""]"
14,data/cicero_redacted_games/game_437495_RUSSIA_IT.json,root,2,F1901R,False,0,1,1,True,"[""logs"", ""messages"", ""name"", ""orders"", ""results"", ""state""]"
14,data/cicero_redacted_games/game_437495_RUSSIA_IT.json,root,3,W1901A,False,0,7,12,True,"[""logs"", ""messages"", ""name"", ""orders"", ""results"", ""state""]"
14,data/cicero_redacted_games/game_437495_RUSSIA_IT.json,root,4,S1902M,True,26,7,34,True,"[""logs"", ""messages"", ""name"", ""orders"", ""results"", ""state""]"
14,data/cicero_redacted_games/game_437495_RUSSIA_IT.json,root,5,F1902M,True,16,7,34,True,"[""logs"", ""messages"", ""name"", ""orders"", ""results"", ""state""]"
14,data/cicero_redacted_games/game_437495_RUSSIA_IT.json,root,6,F1902R,False,0,1,2,True,"[""logs"", ""messages"", ""name"", ""orders"", ""results"", ""state""]"
14,data/cicero_redacted_games/game_437495_RUSSIA_IT.json,root,7,W1902A,False,0,5,5,True,"[""logs"", ""messages"", ""name"", ""orders"", ""results"", ""state""]"
14,data/cicero_redacted_games/game_437495_RUSSIA_IT.json,root,8,S1903M,True,20,7,34,True,"[""logs"", ""messages"", ""name"", ""orders"", ""results"", ""state""]"
14,data/cicero_redacted_games/game_437495_RUSSIA_IT.json,root,9,S1903R,False,0,1,1,True,"[""logs"", ""messages"", ""name"", ""orders"", ""results"", ""state""]"
14,data/cicero_redacted_games/game_437495_RUSSIA_IT.json,root,10,F1903M,True,16,7,34,True,"[""logs"", ""messages"", ""name"", ""orders"", ""results"", ""state""]"
14,data/cicero_redacted_games/game_437495_RUSSIA_IT.json,root,11,W1903A,False,0,4,4,True,"[""logs"", ""messages"", ""name"", ""orders"", ""results"", ""state""]"
14,data/cicero_redacted_games/game_437495_RUSSIA_IT.json,root,12,S1904M,True,9,7,34,True,"[""logs"", ""messages"", ""name"", ""orders"", ""results"", ""state""]"
14,data/cicero_redacted_games/game_437495_RUSSIA_IT.json,root,13,S1904R,False,0,3,3,True,"[""logs"", ""messages"", ""name"", ""orders"", ""results"", ""state""]"
14,data/cicero_redacted_games/game_437495_RUSSIA_IT.json,root,14,F1904M,True,1,7,33,True,"[""logs"", ""messages"", ""name"", ""orders"", ""results"", ""state""]"
14,data/cicero_redacted_games/game_437495_RUSSIA_IT.json,root,15,F1904R,False,0,3,3,True,"[""logs"", ""messages"", ""name"", ""orders"", ""results"", ""state""]"
14,data/cicero_redacted_games/game_437495_RUSSIA_IT.json,root,16,W1904A,False,0,4,6,True,"[""logs"", ""messages"", ""name"", ""orders"", ""results"", ""state""]"
14,data/cicero_redacted_games/game_437495_RUSSIA_IT.json,root,17,S1905M,True,6,7,34,True,"[""logs"", ""messages"", ""name"", ""orders"", ""results"", ""state""]"
14,data/cicero_redacted_games/game_437495_RUSSIA_IT.json,root,18,S1905R,False,0,2,2,True,"[""logs"", ""messages"", ""name"", ""orders"", ""results"", ""state""]"
14,data/cicero_redacted_games/game_437495_RUSSIA_IT.json,root,19,F1905M,True,0,7,34,True,"[""logs"", ""messages"", ""name"", ""orders"", ""results"", ""state""]"
14,data/cicero_redacted_games/game_437495_RUSSIA_IT.json,root,20,F1905R,False,0,1,1,True,"[""logs"", ""messages"", ""name"", ""orders"", ""results"", ""state""]"
14,data/cicero_redacted_games/game_437495_RUSSIA_IT.json,root,21,W1905A,False,0,4,5,True,"[""logs"", ""messages"", ""name"", ""orders"", ""results"", ""state""]"
14,data/cicero_redacted_games/game_437495_RUSSIA_IT.json,root,22,S1906M,True,20,7,33,True,"[""logs"", ""messages"", ""name"", ""orders"", ""results"", ""state""]"
14,data/cicero_redacted_games/game_437495_RUSSIA_IT.json,root,23,S1906R,False,0,1,2,True,"[""logs"", ""messages"", ""name"", ""orders"", ""results"", ""state""]"
14,data/cicero_redacted_games/game_437495_RUSSIA_IT.json,root,24,F1906M,True,0,7,33,True,"[""logs"", ""messages"", ""name"", ""orders"", ""results"", ""state""]"
14,data/cicero_redacted_games/game_437495_RUSSIA_IT.json,root,25,F1906R,False,0,1,1,True,"[""logs"", ""messages"", ""name"", ""orders"", ""results"", ""state""]"
14,data/cicero_redacted_games/game_437495_RUSSIA_IT.json,root,26,W1906A,False,0,5,7,True,"[""logs"", ""messages"", ""name"", ""orders"", ""results"", ""state""]"
14,data/cicero_redacted_games/game_437495_RUSSIA_IT.json,root,27,S1907M,True,2,6,32,True,"[""logs"", ""messages"", ""name"", ""orders"", ""results"", ""state""]"
14,data/cicero_redacted_games/game_437495_RUSSIA_IT.json,root,28,S1907R,False,0,1,1,True,"[""logs"", ""messages"", ""name"", ""orders"", ""results"", ""state""]"
14,data/cicero_redacted_games/game_437495_RUSSIA_IT.json,root,29,F1907M,True,0,6,31,True,"[""logs"", ""messages"", ""name"", ""orders"", ""results"", ""state""]"
14,data/cicero_redacted_games/game_437495_RUSSIA_IT.json,root,30,F1907R,False,0,1,2,True,"[""logs"", ""messages"", ""name"", ""orders"", ""results"", ""state""]"
14,data/cicero_redacted_games/game_437495_RUSSIA_IT.json,root,31,W1907A,False,0,4,7,True,"[""logs"", ""messages"", ""name"", ""orders"", ""results"", ""state""]"
14,data/cicero_redacted_games/game_437495_RUSSIA_IT.json,root,32,S1908M,True,3,6,34,True,"[""logs"", ""messages"", ""name"", ""orders"", ""results"", ""state""]"
14,data/cicero_redacted_games/game_437495_RUSSIA_IT.json,root,33,S1908R,False,0,1,1,True,"[""logs"", ""messages"", ""name"", ""orders"", ""results"", ""state""]"
14,data/cicero_redacted_games/game_437495_RUSSIA_IT.json,root,34,F1908M,True,0,6,34,True,"[""logs"", ""messages"", ""name"", ""orders"", ""results"", ""state""]"
14,data/cicero_redacted_games/game_437495_RUSSIA_IT.json,root,35,F1908R,False,0,2,2,True,"[""logs"", ""messages"", ""name"", ""orders"", ""results"", ""state""]"
14,data/cicero_redacted_games/game_437495_RUSSIA_IT.json,root,36,W1908A,False,0,0,0,True,"[""logs"", ""messages"", ""name"", ""orders"", ""results"", ""state""]"
14,data/cicero_redacted_games/game_437495_RUSSIA_IT.json,root,37,S1909M,True,0,0,0,True,"[""logs"", ""messages"", ""name"", ""orders"", ""results"", ""state""]"
15,data/cicero_redacted_games/game_437697_ENGLAND_GR.json,root,0,S1901M,True,10,7,22,True,"[""logs"", ""messages"", ""name"", ""orders"", ""results"", ""state""]"
15,data/cicero_redacted_games/game_437697_ENGLAND_GR.json,root,1,F1901M,True,10,7,22,True,"[""logs"", ""messages"", ""name"", ""orders"", ""results"", ""state""]"
15,data/cicero_redacted_games/game_437697_ENGLAND_GR.json,root,2,W1901A,False,0,7,9,True,"[""logs"", ""messages"", ""name"", ""orders"", ""results"", ""state""]"
15,data/cicero_redacted_games/game_437697_ENGLAND_GR.json,root,3,S1902M,True,15,7,31,True,"[""logs"", ""messages"", ""name"", ""orders"", ""results"", ""state""]"
15,data/cicero_redacted_games/game_437697_ENGLAND_GR.json,root,4,S1902R,False,0,2,3,True,"[""logs"", ""messages"", ""name"", ""orders"", ""results"", ""state""]"
15,data/cicero_redacted_games/game_437697_ENGLAND_GR.json,root,5,F1902M,True,8,7,30,True,"[""logs"", ""messages"", ""name"", ""orders"", ""results"", ""state""]"
15,data/cicero_redacted_games/game_437697_ENGLAND_GR.json,root,6,F1902R,False,0,4,5,True,"[""logs"", ""messages"", ""name"", ""orders"", ""results"", ""state""]"
15,data/cicero_redacted_games/game_437697_ENGLAND_GR.json,root,7,W1902A,False,0,6,8,True,"[""logs"", ""messages"", ""name"", ""orders"", ""results"", ""state""]"
15,data/cicero_redacted_games/game_437697_ENGLAND_GR.json,root,8,S1903M,True,8,7,34,True,"[""logs"", ""messages"", ""name"", ""orders"", ""results"", ""state""]"
15,data/cicero_redacted_games/game_437697_ENGLAND_GR.json,root,9,S1903R,False,0,2,2,True,"[""logs"", ""messages"", ""name"", ""orders"", ""results"", ""state""]"
15,data/cicero_redacted_games/game_437697_ENGLAND_GR.json,root,10,F1903M,True,0,7,34,True,"[""logs"", ""messages"", ""name"", ""orders"", ""results"", ""state""]"
15,data/cicero_redacted_games/game_437697_ENGLAND_GR.json,root,11,F1903R,False,0,3,4,True,"[""logs"", ""messages"", ""name"", ""orders"", ""results"", ""state""]"
15,data/cicero_redacted_games/game_437697_ENGLAND_GR.json,root,12,W1903A,False,0,3,3,True,"[""logs"", ""messages"", ""name"", ""orders"", ""results"", ""state""]"
15,data/cicero_redacted_games/game_437697_ENGLAND_GR.json,root,13,S1904M,True,8,7,33,True,"[""logs"", ""messages"", ""name"", ""orders"", ""results"", ""state""]"
15,data/cicero_redacted_games/game_437697_ENGLAND_GR.json,root,14,S1904R,False,0,3,4,True,"[""logs"", ""messages"", ""name"", ""orders"", ""results"", ""state""]"
15,data/cicero_redacted_games/game_437697_ENGLAND_GR.json,root,15,F1904M,True,0,7,32,True,"[""logs"", ""messages"", ""name"", ""orders"", ""results"", ""state""]"
15,data/cicero_redacted_games/game_437697_ENGLAND_GR.json,root,16,F1904R,False,0,2,2,True,"[""logs"", ""messages"", ""name"", ""orders"", ""results"", ""state""]"
15,data/cicero_redacted_games/game_437697_ENGLAND_GR.json,root,17,W1904A,False,0,5,7,True,"[""logs"", ""messages"", ""name"", ""orders"", ""results"", ""state""]"
15,data/cicero_redacted_games/game_437697_ENGLAND_GR.json,root,18,S1905M,True,0,7,34,True,"[""logs"", ""messages"", ""name"", ""orders"", ""results"", ""state""]"
15,data/cicero_redacted_games/game_437697_ENGLAND_GR.json,root,19,F1905M,True,0,7,34,True,"[""logs"", ""messages"", ""name"", ""orders"", ""results"", ""state""]"
15,data/cicero_redacted_games/game_437697_ENGLAND_GR.json,root,20,F1905R,False,0,2,2,True,"[""logs"", ""messages"", ""name"", ""orders"", ""results"", ""state""]"
15,data/cicero_redacted_games/game_437697_ENGLAND_GR.json,root,21,W1905A,False,0,3,4,True,"[""logs"", ""messages"", ""name"", ""orders"", ""results"", ""state""]"
15,data/cicero_redacted_games/game_437697_ENGLAND_GR.json,root,22,S1906M,True,0,7,34,True,"[""logs"", ""messages"", ""name"", ""orders"", ""results"", ""state""]"
15,data/cicero_redacted_games/game_437697_ENGLAND_GR.json,root,23,S1906R,False,0,1,1,True,"[""logs"", ""messages"", ""name"", ""orders"", ""results"", ""state""]"
15,data/cicero_redacted_games/game_437697_ENGLAND_GR.json,root,24,F1906M,True,8,7,33,True,"[""logs"", ""messages"", ""name"", ""orders"", ""results"", ""state""]"
15,data/cicero_redacted_games/game_437697_ENGLAND_GR.json,root,25,F1906R,False,0,2,2,True,"[""logs"", ""messages"", ""name"", ""orders"", ""results"", ""state""]"
15,data/cicero_redacted_games/game_437697_ENGLAND_GR.json,root,26,W1906A,False,0,5,6,True,"[""logs"", ""messages"", ""name"", ""orders"", ""results"", ""state""]"
15,data/cicero_redacted_games/game_437697_ENGLAND_GR.json,root,27,S1907M,True,2,7,34,True,"[""logs"", ""messages"", ""name"", ""orders"", ""results"", ""state""]"
15,data/cicero_redacted_games/game_437697_ENGLAND_GR.json,root,28,S1907R,False,0,2,3,True,"[""logs"", ""messages"", ""name"", ""orders"", ""results"", ""state""]"
15,data/cicero_redacted_games/game_437697_ENGLAND_GR.json,root,29,F1907M,True,8,7,34,True,"[""logs"", ""messages"", ""name"", ""orders"", ""results"", ""state""]"
15,data/cicero_redacted_games/game_437697_ENGLAND_GR.json,root,30,F1907R,False,0,1,1,True,"[""logs"", ""messages"", ""name"", ""orders"", ""results"", ""state""]"
15,data/cicero_redacted_games/game_437697_ENGLAND_GR.json,root,31,W1907A,False,0,6,8,True,"[""logs"", ""messages"", ""name"", ""orders"", ""results"", ""state""]"
15,data/cicero_redacted_games/game_437697_ENGLAND_GR.json,root,32,S1908M,True,2,5,34,True,"[""logs"", ""messages"", ""name"", ""orders"", ""results"", ""state""]"
15,data/cicero_redacted_games/game_437697_ENGLAND_GR.json,root,33,S1908R,False,0,2,2,True,"[""logs"", ""messages"", ""name"", ""orders"", ""results"", ""state""]"
15,data/cicero_redacted_games/game_437697_ENGLAND_GR.json,root,34,F1908M,True,0,5,34,True,"[""logs"", ""messages"", ""name"", ""orders"", ""results"", ""state""]"
15,data/cicero_redacted_games/game_437697_ENGLAND_GR.json,root,35,F1908R,False,0,1,1,True,"[""logs"", ""messages"", ""name"", ""orders"", ""results"", ""state""]"
15,data/cicero_redacted_games/game_437697_ENGLAND_GR.json,root,36,W1908A,False,0,0,0,True,"[""logs"", ""messages"", ""name"", ""orders"", ""results"", ""state""]"
15,data/cicero_redacted_games/game_437697_ENGLAND_GR.json,root,37,S1909M,True,0,0,0,True,"[""logs"", ""messages"", ""name"", ""orders"", ""results"", ""state""]"
16,data/cicero_redacted_games/game_437765_ITALY_EFR.json,root,0,S1901M,True,14,7,22,True,"[""logs"", ""messages"", ""name"", ""orders"", ""results"", ""state""]"
16,data/cicero_redacted_games/game_437765_ITALY_EFR.json,root,1,F1901M,True,19,7,22,True,"[""logs"", ""messages"", ""name"", ""orders"", ""results"", ""state""]"
16,data/cicero_redacted_games/game_437765_ITALY_EFR.json,root,2,W1901A,False,0,7,11,True,"[""logs"", ""messages"", ""name"", ""orders"", ""results"", ""state""]"
16,data/cicero_redacted_games/game_437765_ITALY_EFR.json,root,3,S1902M,True,18,7,33,True,"[""logs"", ""messages"", ""name"", ""orders"", ""results"", ""state""]"
16,data/cicero_redacted_games/game_437765_ITALY_EFR.json,root,4,F1902M,True,21,7,33,True,"[""logs"", ""messages"", ""name"", ""orders"", ""results"", ""state""]"
16,data/cicero_redacted_games/game_437765_ITALY_EFR.json,root,5,F1902R,False,0,2,2,True,"[""logs"", ""messages"", ""name"", ""orders"", ""results"", ""state""]"
16,data/cicero_redacted_games/game_437765_ITALY_EFR.json,root,6,W1902A,False,0,5,5,True,"[""logs"", ""messages"", ""name"", ""orders"", ""results"", ""state""]"
16,data/cicero_redacted_games/game_437765_ITALY_EFR.json,root,7,S1903M,True,15,7,34,True,"[""logs"", ""messages"", ""name"", ""orders"", ""results"", ""state""]"
16,data/cicero_redacted_games/game_437765_ITALY_EFR.json,root,8,S1903R,False,0,1,1,True,"[""logs"", ""messages"", ""name"", ""orders"", ""results"", ""state""]"
16,data/cicero_redacted_games/game_437765_ITALY_EFR.json,root,9,F1903M,True,7,7,34,True,"[""logs"", ""messages"", ""name"", ""orders"", ""results"", ""state""]"
16,data/cicero_redacted_games/game_437765_ITALY_EFR.json,root,10,F1903R,False,0,1,1,True,"[""logs"", ""messages"", ""name"", ""orders"", ""results"", ""state""]"
16,data/cicero_redacted_games/game_437765_ITALY_EFR.json,root,11,W1903A,False,0,2,2,True,"[""logs"", ""messages"", ""name"", ""orders"", ""results"", ""state""]"
16,data/cicero_redacted_games/game_437765_ITALY_EFR.json,root,12,S1904M,True,3,7,34,True,"[""logs"", ""messages"", ""name"", ""orders"", ""results"", ""state""]"
16,data/cicero_redacted_games/game_437765_ITALY_EFR.json,root,13,S1904R,False,0,1,1,True,"[""logs"", ""messages"", ""name"", ""orders"", ""results"", ""state""]"
16,data/cicero_redacted_games/game_437765_ITALY_EFR.json,root,14,F1904M,True,8,7,33,True,"[""logs"", ""messages"", ""name"", ""orders"", ""results"", ""state""]"
16,data/cicero_redacted_games/game_437765_ITALY_EFR.json,root,15,F1904R,False,0,1,1,True,"[""logs"", ""messages"", ""name"", ""orders"", ""results"", ""state""]"
16,data/cicero_redacted_games/game_437765_ITALY_EFR.json,root,16,W1904A,False,0,3,5,True,"[""logs"", ""messages"", ""name"", ""orders"", ""results"", ""state""]"
16,data/cicero_redacted_games/game_437765_ITALY_EFR.json,root,17,S1905M,True,3,7,34,True,"[""logs"", ""messages"", ""name"", ""orders"", ""results"", ""state""]"
16,data/cicero_redacted_games/game_437765_ITALY_EFR.json,root,18,S1905R,False,0,1,1,True,"[""logs"", ""messages"", ""name"", ""orders"", ""results"", ""state""]"
16,data/cicero_redacted_games/game_437765_ITALY_EFR.json,root,19,F1905M,True,13,7,34,True,"[""logs"", ""messages"", ""name"", ""orders"", ""results"", ""state""]"
16,data/cicero_redacted_games/game_437765_ITALY_EFR.json,root,20,F1905R,False,0,1,1,True,"[""logs"", ""messages"", ""name"", ""orders"", ""results"", ""state""]"
16,data/cicero_redacted_games/game_437765_ITALY_EFR.json,root,21,W1905A,False,0,3,3,True,"[""logs"", ""messages"", ""name"", ""orders"", ""results"", ""state""]"
16,data/cicero_redacted_games/game_437765_ITALY_EFR.json,root,22,S1906M,True,12,6,34,True,"[""logs"", ""messages"", ""name"", ""orders"", ""results"", ""state""]"
16,data/cicero_redacted_games/game_437765_ITALY_EFR.json,root,23,S1906R,False,0,1,1,True,"[""logs"", ""messages"", ""name"", ""orders"", ""results"", ""state""]"
16,data/cicero_redacted_games/game_437765_ITALY_EFR.json,root,24,F1906M,True,11,6,33,True,"[""logs"", ""messages"", ""name"", ""orders"", ""results"", ""state""]"
16,data/cicero_redacted_games/game_437765_ITALY_EFR.json,root,25,F1906R,False,0,2,3,True,"[""logs"", ""messages"", ""name"", ""orders"", ""results"", ""state""]"
16,data/cicero_redacted_games/game_437765_ITALY_EFR.json,root,26,W1906A,False,0,3,4,True,"[""logs"", ""messages"", ""name"", ""orders"", ""results"", ""state""]"
16,data/cicero_redacted_games/game_437765_ITALY_EFR.json,root,27,S1907M,True,10,6,34,True,"[""logs"", ""messages"", ""name"", ""orders"", ""results"", ""state""]"
16,data/cicero_redacted_games/game_437765_ITALY_EFR.json,root,28,F1907M,True,11,6,34,True,"[""logs"", ""messages"", ""name"", ""orders"", ""results"", ""state""]"
16,data/cicero_redacted_games/game_437765_ITALY_EFR.json,root,29,F1907R,False,0,2,2,True,"[""logs"", ""messages"", ""name"", ""orders"", ""results"", ""state""]"
16,data/cicero_redacted_games/game_437765_ITALY_EFR.json,root,30,W1907A,False,0,1,1,True,"[""logs"", ""messages"", ""name"", ""orders"", ""results"", ""state""]"
16,data/cicero_redacted_games/game_437765_ITALY_EFR.json,root,31,S1908M,True,18,6,33,True,"[""logs"", ""messages"", ""name"", ""orders"", ""results"", ""state""]"
16,data/cicero_redacted_games/game_437765_ITALY_EFR.json,root,32,S1908R,False,0,2,2,True,"[""logs"", ""messages"", ""name"", ""orders"", ""results"", ""state""]"
16,data/cicero_redacted_games/game_437765_ITALY_EFR.json,root,33,F1908M,True,2,6,33,True,"[""logs"", ""messages"", ""name"", ""orders"", ""results"", ""state""]"
16,data/cicero_redacted_games/game_437765_ITALY_EFR.json,root,34,F1908R,False,0,2,2,True,"[""logs"", ""messages"", ""name"", ""orders"", ""results"", ""state""]"
16,data/cicero_redacted_games/game_437765_ITALY_EFR.json,root,35,W1908A,False,0,0,0,True,"[""logs"", ""messages"", ""name"", ""orders"", ""results"", ""state""]"
16,data/cicero_redacted_games/game_437765_ITALY_EFR.json,root,36,S1909M,True,0,0,0,True,"[""logs"", ""messages"", ""name"", ""orders"", ""results"", ""state""]"
17,data/cicero_redacted_games/game_438141_FRANCE_EGR.json,root,0,S1901M,True,23,7,22,True,"[""logs"", ""messages"", ""name"", ""orders"", ""results"", ""state""]"
17,data/cicero_redacted_games/game_438141_FRANCE_EGR.json,root,1,F1901M,True,43,7,22,True,"[""logs"", ""messages"", ""name"", ""orders"", ""results"", ""state""]"
17,data/cicero_redacted_games/game_438141_FRANCE_EGR.json,root,2,W1901A,False,0,7,10,True,"[""logs"", ""messages"", ""name"", ""orders"", ""results"", ""state""]"
17,data/cicero_redacted_games/game_438141_FRANCE_EGR.json,root,3,S1902M,True,11,7,32,True,"[""logs"", ""messages"", ""name"", ""orders"", ""results"", ""state""]"
17,data/cicero_redacted_games/game_438141_FRANCE_EGR.json,root,4,S1902R,False,0,2,2,True,"[""logs"", ""messages"", ""name"", ""orders"", ""results"", ""state""]"
17,data/cicero_redacted_games/game_438141_FRANCE_EGR.json,root,5,F1902M,True,30,7,32,True,"[""logs"", ""messages"", ""name"", ""orders"", ""results"", ""state""]"
17,data/cicero_redacted_games/game_438141_FRANCE_EGR.json,root,6,F1902R,False,0,2,4,True,"[""logs"", ""messages"", ""name"", ""orders"", ""results"", ""state""]"
17,data/cicero_redacted_games/game_438141_FRANCE_EGR.json,root,7,W1902A,False,0,6,7,True,"[""logs"", ""messages"", ""name"", ""orders"", ""results"", ""state""]"
17,data/cicero_redacted_games/game_438141_FRANCE_EGR.json,root,8,S1903M,True,16,7,34,True,"[""logs"", ""messages"", ""name"", ""orders"", ""results"", ""state""]"
17,data/cicero_redacted_games/game_438141_FRANCE_EGR.json,root,9,S1903R,False,0,1,1,True,"[""logs"", ""messages"", ""name"", ""orders"", ""results"", ""state""]"
17,data/cicero_redacted_games/game_438141_FRANCE_EGR.json,root,10,F1903M,True,5,7,34,True,"[""logs"", ""messages"", ""name"", ""orders"", ""results"", ""state""]"
17,data/cicero_redacted_games/game_438141_FRANCE_EGR.json,root,11,F1903R,False,0,2,2,True,"[""logs"", ""messages"", ""name"", ""orders"", ""results"", ""state""]"
17,data/cicero_redacted_games/game_438141_FRANCE_EGR.json,root,12,W1903A,False,0,5,5,True,"[""logs"", ""messages"", ""name"", ""orders"", ""results"", ""state""]"
17,data/cicero_redacted_games/game_438141_FRANCE_EGR.json,root,13,S1904M,True,22,6,34,True,"[""logs"", ""messages"", ""name"", ""orders"", ""results"", ""state""]"
17,data/cicero_redacted_games/game_438141_FRANCE_EGR.json,root,14,S1904R,False,0,3,3,True,"[""logs"", ""messages"", ""name"", ""orders"", ""results"", ""state""]"
17,data/cicero_redacted_games/game_438141_FRANCE_EGR.json,root,15,F1904M,True,5,6,34,True,"[""logs"", ""messages"", ""name"", ""orders"", ""results"", ""state""]"
17,data/cicero_redacted_games/game_438141_FRANCE_EGR.json,root,16,F1904R,False,0,2,3,True,"[""logs"", ""messages"", ""name"", ""orders"", ""results"", ""state""]"
17,data/cicero_redacted_games/game_438141_FRANCE_EGR.json,root,17,W1904A,False,0,4,6,True,"[""logs"", ""messages"", ""name"", ""orders"", ""results"", ""state""]"
17,data/cicero_redacted_games/game_438141_FRANCE_EGR.json,root,18,S1905M,True,48,5,33,True,"[""logs"", ""messages"", ""name"", ""orders"", ""results"", ""state""]"
17,data/cicero_redacted_games/game_438141_FRANCE_EGR.json,root,19,S1905R,False,0,1,1,True,"[""logs"", ""messages"", ""name"", ""orders"", ""results"", ""state""]"
17,data/cicero_redacted_games/game_438141_FRANCE_EGR.json,root,20,F1905M,True,13,5,33,True,"[""logs"", ""messages"", ""name"", ""orders"", ""results"", ""state""]"
17,data/cicero_redacted_games/game_438141_FRANCE_EGR.json,root,21,F1905R,False,0,3,3,True,"[""logs"", ""messages"", ""name"", ""orders"", ""results"", ""state""]"
17,data/cicero_redacted_games/game_438141_FRANCE_EGR.json,root,22,W1905A,False,0,4,7,True,"[""logs"", ""messages"", ""name"", ""orders"", ""results"", ""state""]"
17,data/cicero_redacted_games/game_438141_FRANCE_EGR.json,root,23,S1906M,True,18,5,33,True,"[""logs"", ""messages"", ""name"", ""orders"", ""results"", ""state""]"
17,data/cicero_redacted_games/game_438141_FRANCE_EGR.json,root,24,S1906R,False,0,2,2,True,"[""logs"", ""messages"", ""name"", ""orders"", ""results"", ""state""]"
17,data/cicero_redacted_games/game_438141_FRANCE_EGR.json,root,25,F1906M,True,2,5,32,True,"[""logs"", ""messages"", ""name"", ""orders"", ""results"", ""state""]"
17,data/cicero_redacted_games/game_438141_FRANCE_EGR.json,root,26,F1906R,False,0,3,3,True,"[""logs"", ""messages"", ""name"", ""orders"", ""results"", ""state""]"
17,data/cicero_redacted_games/game_438141_FRANCE_EGR.json,root,27,W1906A,False,0,5,6,True,"[""logs"", ""messages"", ""name"", ""orders"", ""results"", ""state""]"
17,data/cicero_redacted_games/game_438141_FRANCE_EGR.json,root,28,S1907M,True,2,5,34,True,"[""logs"", ""messages"", ""name"", ""orders"", ""results"", ""state""]"
17,data/cicero_redacted_games/game_438141_FRANCE_EGR.json,root,29,S1907R,False,0,1,1,True,"[""logs"", ""messages"", ""name"", ""orders"", ""results"", ""state""]"
17,data/cicero_redacted_games/game_438141_FRANCE_EGR.json,root,30,F1907M,True,0,5,33,True,"[""logs"", ""messages"", ""name"", ""orders"", ""results"", ""state""]"
17,data/cicero_redacted_games/game_438141_FRANCE_EGR.json,root,31,F1907R,False,0,2,2,True,"[""logs"", ""messages"", ""name"", ""orders"", ""results"", ""state""]"
17,data/cicero_redacted_games/game_438141_FRANCE_EGR.json,root,32,W1907A,False,0,2,3,True,"[""logs"", ""messages"", ""name"", ""orders"", ""results"", ""state""]"
17,data/cicero_redacted_games/game_438141_FRANCE_EGR.json,root,33,S1908M,True,0,5,34,True,"[""logs"", ""messages"", ""name"", ""orders"", ""results"", ""state""]"
17,data/cicero_redacted_games/game_438141_FRANCE_EGR.json,root,34,S1908R,False,0,2,2,True,"[""logs"", ""messages"", ""name"", ""orders"", ""results"", ""state""]"
17,data/cicero_redacted_games/game_438141_FRANCE_EGR.json,root,35,F1908M,True,5,5,33,True,"[""logs"", ""messages"", ""name"", ""orders"", ""results"", ""state""]"
17,data/cicero_redacted_games/game_438141_FRANCE_EGR.json,root,36,F1908R,False,0,1,1,True,"[""logs"", ""messages"", ""name"", ""orders"", ""results"", ""state""]"
17,data/cicero_redacted_games/game_438141_FRANCE_EGR.json,root,37,W1908A,False,0,0,0,True,"[""logs"", ""messages"", ""name"", ""orders"", ""results"", ""state""]"
17,data/cicero_redacted_games/game_438141_FRANCE_EGR.json,root,38,S1909M,True,0,0,0,True,"[""logs"", ""messages"", ""name"", ""orders"", ""results"", ""state""]"
18,data/cicero_redacted_games/game_439643_ENGLAND_T.json,root,0,S1901M,True,5,7,22,True,"[""logs"", ""messages"", ""name"", ""orders"", ""results"", ""state""]"
18,data/cicero_redacted_games/game_439643_ENGLAND_T.json,root,1,F1901M,True,2,7,22,True,"[""logs"", ""messages"", ""name"", ""orders"", ""results"", ""state""]"
18,data/cicero_redacted_games/game_439643_ENGLAND_T.json,root,2,W1901A,False,0,7,11,True,"[""logs"", ""messages"", ""name"", ""orders"", ""results"", ""state""]"
18,data/cicero_redacted_games/game_439643_ENGLAND_T.json,root,3,S1902M,True,0,7,33,True,"[""logs"", ""messages"", ""name"", ""orders"", ""results"", ""state""]"
18,data/cicero_redacted_games/game_439643_ENGLAND_T.json,root,4,F1902M,True,1,7,33,True,"[""logs"", ""messages"", ""name"", ""orders"", ""results"", ""state""]"
18,data/cicero_redacted_games/game_439643_ENGLAND_T.json,root,5,F1902R,False,0,1,1,True,"[""logs"", ""messages"", ""name"", ""orders"", ""results"", ""state""]"
18,data/cicero_redacted_games/game_439643_ENGLAND_T.json,root,6,W1902A,False,0,1,1,True,"[""logs"", ""messages"", ""name"", ""orders"", ""results"", ""state""]"
18,data/cicero_redacted_games/game_439643_ENGLAND_T.json,root,7,S1903M,True,0,7,34,True,"[""logs"", ""messages"", ""name"", ""orders"", ""results"", ""state""]"
18,data/cicero_redacted_games/game_439643_ENGLAND_T.json,root,8,S1903R,False,0,1,1,True,"[""logs"", ""messages"", ""name"", ""orders"", ""results"", ""state""]"
18,data/cicero_redacted_games/game_439643_ENGLAND_T.json,root,9,F1903M,True,0,7,34,True,"[""logs"", ""messages"", ""name"", ""orders"", ""results"", ""state""]"
18,data/cicero_redacted_games/game_439643_ENGLAND_T.json,root,10,F1903R,False,0,3,4,True,"[""logs"", ""messages"", ""name"", ""orders"", ""results"", ""state""]"
18,data/cicero_redacted_games/game_439643_ENGLAND_T.json,root,11,W1903A,False,0,4,5,True,"[""logs"", ""messages"", ""name"", ""orders"", ""results"", ""state""]"
18,data/cicero_redacted_games/game_439643_ENGLAND_T.json,root,12,S1904M,True,1,7,34,True,"[""logs"", ""messages"", ""name"", ""orders"", ""results"", ""state""]"
18,data/cicero_redacted_games/game_439643_ENGLAND_T.json,root,13,S1904R,False,0,3,3,True,"[""logs"", ""messages"", ""name"", ""orders"", ""results"", ""state""]"
18,data/cicero_redacted_games/game_439643_ENGLAND_T.json,root,14,F1904M,True,0,7,34,True,"[""logs"", ""messages"", ""name"", ""orders"", ""results"", ""state""]"
18,data/cicero_redacted_games/game_439643_ENGLAND_T.json,root,15,F1904R,False,0,3,4,True,"[""logs"", ""messages"", ""name"", ""orders"", ""results"", ""state""]"
18,data/cicero_redacted_games/game_439643_ENGLAND_T.json,root,16,W1904A,False,0,7,11,True,"[""logs"", ""messages"", ""name"", ""orders"", ""results"", ""state""]"
18,data/cicero_redacted_games/game_439643_ENGLAND_T.json,root,17,S1905M,True,0,7,34,True,"[""logs"", ""messages"", ""name"", ""orders"", ""results"", ""state""]"
18,data/cicero_redacted_games/game_439643_ENGLAND_T.json,root,18,S1905R,False,0,1,2,True,"[""logs"", ""messages"", ""name"", ""orders"", ""results"", ""state""]"
18,data/cicero_redacted_games/game_439643_ENGLAND_T.json,root,19,F1905M,True,0,7,34,True,"[""logs"", ""messages"", ""name"", ""orders"", ""results"", ""state""]"
18,data/cicero_redacted_games/game_439643_ENGLAND_T.json,root,20,F1905R,False,0,1,1,True,"[""logs"", ""messages"", ""name"", ""orders"", ""results"", ""state""]"
18,data/cicero_redacted_games/game_439643_ENGLAND_T.json,root,21,W1905A,False,0,2,2,True,"[""logs"", ""messages"", ""name"", ""orders"", ""results"", ""state""]"
18,data/cicero_redacted_games/game_439643_ENGLAND_T.json,root,22,S1906M,True,0,7,34,True,"[""logs"", ""messages"", ""name"", ""orders"", ""results"", ""state""]"
18,data/cicero_redacted_games/game_439643_ENGLAND_T.json,root,23,F1906M,True,0,7,34,True,"[""logs"", ""messages"", ""name"", ""orders"", ""results"", ""state""]"
18,data/cicero_redacted_games/game_439643_ENGLAND_T.json,root,24,W1906A,False,0,5,8,True,"[""logs"", ""messages"", ""name"", ""orders"", ""results"", ""state""]"
18,data/cicero_redacted_games/game_439643_ENGLAND_T.json,root,25,S1907M,True,0,6,34,True,"[""logs"", ""messages"", ""name"", ""orders"", ""results"", ""state""]"
18,data/cicero_redacted_games/game_439643_ENGLAND_T.json,root,26,S1907R,False,0,3,3,True,"[""logs"", ""messages"", ""name"", ""orders"", ""results"", ""state""]"
18,data/cicero_redacted_games/game_439643_ENGLAND_T.json,root,27,F1907M,True,0,6,34,True,"[""logs"", ""messages"", ""name"", ""orders"", ""results"", ""state""]"
18,data/cicero_redacted_games/game_439643_ENGLAND_T.json,root,28,F1907R,False,0,2,2,True,"[""logs"", ""messages"", ""name"", ""orders"", ""results"", ""state""]"
18,data/cicero_redacted_games/game_439643_ENGLAND_T.json,root,29,W1907A,False,0,3,4,True,"[""logs"", ""messages"", ""name"", ""orders"", ""results"", ""state""]"
18,data/cicero_redacted_games/game_439643_ENGLAND_T.json,root,30,S1908M,True,0,6,34,True,"[""logs"", ""messages"", ""name"", ""orders"", ""results"", ""state""]"
18,data/cicero_redacted_games/game_439643_ENGLAND_T.json,root,31,S1908R,False,0,2,2,True,"[""logs"", ""messages"", ""name"", ""orders"", ""results"", ""state""]"
18,data/cicero_redacted_games/game_439643_ENGLAND_T.json,root,32,F1908M,True,0,5,33,True,"[""logs"", ""messages"", ""name"", ""orders"", ""results"", ""state""]"
18,data/cicero_redacted_games/game_439643_ENGLAND_T.json,root,33,F1908R,False,0,1,1,True,"[""logs"", ""messages"", ""name"", ""orders"", ""results"", ""state""]"
18,data/cicero_redacted_games/game_439643_ENGLAND_T.json,root,34,COMPLETED,False,0,0,0,True,"[""logs"", ""messages"", ""name"", ""orders"", ""results"", ""state""]"
19,data/cicero_redacted_games/game_439679_ITALY_R.json,root,0,S1901M,True,5,7,22,True,"[""logs"", ""messages"", ""name"", ""orders"", ""results"", ""state""]"
19,data/cicero_redacted_games/game_439679_ITALY_R.json,root,1,F1901M,True,4,7,22,True,"[""logs"", ""messages"", ""name"", ""orders"", ""results"", ""state""]"
19,data/cicero_redacted_games/game_439679_ITALY_R.json,root,2,W1901A,False,0,7,11,True,"[""logs"", ""messages"", ""name"", ""orders"", ""results"", ""state""]"
19,data/cicero_redacted_games/game_439679_ITALY_R.json,root,3,S1902M,True,6,7,33,True,"[""logs"", ""messages"", ""name"", ""orders"", ""results"", ""state""]"
19,data/cicero_redacted_games/game_439679_ITALY_R.json,root,4,S1902R,False,0,2,2,True,"[""logs"", ""messages"", ""name"", ""orders"", ""results"", ""state""]"
19,data/cicero_redacted_games/game_439679_ITALY_R.json,root,5,F1902M,True,7,7,32,True,"[""logs"", ""messages"", ""name"", ""orders"", ""results"", ""state""]"
19,data/cicero_redacted_games/game_439679_ITALY_R.json,root,6,W1902A,False,0,2,2,True,"[""logs"", ""messages"", ""name"", ""orders"", ""results"", ""state""]"
19,data/cicero_redacted_games/game_439679_ITALY_R.json,root,7,S1903M,True,11,7,34,True,"[""logs"", ""messages"", ""name"", ""orders"", ""results"", ""state""]"
19,data/cicero_redacted_games/game_439679_ITALY_R.json,root,8,S1903R,False,0,1,2,True,"[""logs"", ""messages"", ""name"", ""orders"", ""results"", ""state""]"
19,data/cicero_redacted_games/game_439679_ITALY_R.json,root,9,F1903M,True,8,7,33,True,"[""logs"", ""messages"", ""name"", ""orders"", ""results"", ""state""]"
19,data/cicero_redacted_games/game_439679_ITALY_R.json,root,10,F1903R,False,0,3,4,True,"[""logs"", ""messages"", ""name"", ""orders"", ""results"", ""state""]"
19,data/cicero_redacted_games/game_439679_ITALY_R.json,root,11,W1903A,False,0,6,8,True,"[""logs"", ""messages"", ""name"", ""orders"", ""results"", ""state""]"
19,data/cicero_redacted_games/game_439679_ITALY_R.json,root,12,S1904M,True,4,7,34,True,"[""logs"", ""messages"", ""name"", ""orders"", ""results"", ""state""]"
19,data/cicero_redacted_games/game_439679_ITALY_R.json,root,13,S1904R,False,0,2,2,True,"[""logs"", ""messages"", ""name"", ""orders"", ""results"", ""state""]"
19,data/cicero_redacted_games/game_439679_ITALY_R.json,root,14,F1904M,True,13,6,32,True,"[""logs"", ""messages"", ""name"", ""orders"", ""results"", ""state""]"
19,data/cicero_redacted_games/game_439679_ITALY_R.json,root,15,F1904R,False,0,1,2,True,"[""logs"", ""messages"", ""name"", ""orders"", ""results"", ""state""]"
19,data/cicero_redacted_games/game_439679_ITALY_R.json,root,16,W1904A,False,0,2,4,True,"[""logs"", ""messages"", ""name"", ""orders"", ""results"", ""state""]"
19,data/cicero_redacted_games/game_439679_ITALY_R.json,root,17,S1905M,True,6,6,34,True,"[""logs"", ""messages"", ""name"", ""orders"", ""results"", ""state""]"
19,data/cicero_redacted_games/game_439679_ITALY_R.json,root,18,S1905R,False,0,2,2,True,"[""logs"", ""messages"", ""name"", ""orders"", ""results"", ""state""]"
19,data/cicero_redacted_games/game_439679_ITALY_R.json,root,19,F1905M,True,2,6,33,True,"[""logs"", ""messages"", ""name"", ""orders"", ""results"", ""state""]"
19,data/cicero_redacted_games/game_439679_ITALY_R.json,root,20,W1905A,False,0,4,5,True,"[""logs"", ""messages"", ""name"", ""orders"", ""results"", ""state""]"
19,data/cicero_redacted_games/game_439679_ITALY_R.json,root,21,S1906M,True,0,6,34,True,"[""logs"", ""messages"", ""name"", ""orders"", ""results"", ""state""]"
19,data/cicero_redacted_games/game_439679_ITALY_R.json,root,22,S1906R,False,0,2,2,True,"[""logs"", ""messages"", ""name"", ""orders"", ""results"", ""state""]"
19,data/cicero_redacted_games/game_439679_ITALY_R.json,root,23,F1906M,True,0,6,33,True,"[""logs"", ""messages"", ""name"", ""orders"", ""results"", ""state""]"
19,data/cicero_redacted_games/game_439679_ITALY_R.json,root,24,F1906R,False,0,1,1,True,"[""logs"", ""messages"", ""name"", ""orders"", ""results"", ""state""]"
19,data/cicero_redacted_games/game_439679_ITALY_R.json,root,25,W1906A,False,0,4,4,True,"[""logs"", ""messages"", ""name"", ""orders"", ""results"", ""state""]"
19,data/cicero_redacted_games/game_439679_ITALY_R.json,root,26,S1907M,True,13,6,34,True,"[""logs"", ""messages"", ""name"", ""orders"", ""results"", ""state""]"
19,data/cicero_redacted_games/game_439679_ITALY_R.json,root,27,F1907M,True,8,6,34,True,"[""logs"", ""messages"", ""name"", ""orders"", ""results"", ""state""]"
19,data/cicero_redacted_games/game_439679_ITALY_R.json,root,28,F1907R,False,0,1,1,True,"[""logs"", ""messages"", ""name"", ""orders"", ""results"", ""state""]"
19,data/cicero_redacted_games/game_439679_ITALY_R.json,root,29,W1907A,False,0,3,4,True,"[""logs"", ""messages"", ""name"", ""orders"", ""results"", ""state""]"
19,data/cicero_redacted_games/game_439679_ITALY_R.json,root,30,S1908M,True,1,6,34,True,"[""logs"", ""messages"", ""name"", ""orders"", ""results"", ""state""]"
19,data/cicero_redacted_games/game_439679_ITALY_R.json,root,31,F1908M,True,1,6,34,True,"[""logs"", ""messages"", ""name"", ""orders"", ""results"", ""state""]"
19,data/cicero_redacted_games/game_439679_ITALY_R.json,root,32,F1908R,False,0,2,3,True,"[""logs"", ""messages"", ""name"", ""orders"", ""results"", ""state""]"
19,data/cicero_redacted_games/game_439679_ITALY_R.json,root,33,W1908A,False,0,0,0,True,"[""logs"", ""messages"", ""name"", ""orders"", ""results"", ""state""]"
19,data/cicero_redacted_games/game_439679_ITALY_R.json,root,34,S1909M,True,0,0,0,True,"[""logs"", ""messages"", ""name"", ""orders"", ""results"", ""state""]"
20,data/cicero_redacted_games/game_439999_TURKEY_I.json,root,0,S1901M,True,5,7,22,True,"[""logs"", ""messages"", ""name"", ""orders"", ""results"", ""state""]"
20,data/cicero_redacted_games/game_439999_TURKEY_I.json,root,1,F1901M,True,9,7,22,True,"[""logs"", ""messages"", ""name"", ""orders"", ""results"", ""state""]"
20,data/cicero_redacted_games/game_439999_TURKEY_I.json,root,2,F1901R,False,0,1,2,True,"[""logs"", ""messages"", ""name"", ""orders"", ""results"", ""state""]"
20,data/cicero_redacted_games/game_439999_TURKEY_I.json,root,3,W1901A,False,0,7,14,True,"[""logs"", ""messages"", ""name"", ""orders"", ""results"", ""state""]"
20,data/cicero_redacted_games/game_439999_TURKEY_I.json,root,4,S1902M,True,5,7,32,True,"[""logs"", ""messages"", ""name"", ""orders"", ""results"", ""state""]"
20,data/cicero_redacted_games/game_439999_TURKEY_I.json,root,5,F1902M,True,6,7,32,True,"[""logs"", ""messages"", ""name"", ""orders"", ""results"", ""state""]"
20,data/cicero_redacted_games/game_439999_TURKEY_I.json,root,6,F1902R,False,0,2,2,True,"[""logs"", ""messages"", ""name"", ""orders"", ""results"", ""state""]"
20,data/cicero_redacted_games/game_439999_TURKEY_I.json,root,7,W1902A,False,0,2,3,True,"[""logs"", ""messages"", ""name"", ""orders"", ""results"", ""state""]"
20,data/cicero_redacted_games/game_439999_TURKEY_I.json,root,8,S1903M,True,6,6,34,True,"[""logs"", ""messages"", ""name"", ""orders"", ""results"", ""state""]"
20,data/cicero_redacted_games/game_439999_TURKEY_I.json,root,9,S1903R,False,0,1,1,True,"[""logs"", ""messages"", ""name"", ""orders"", ""results"", ""state""]"
20,data/cicero_redacted_games/game_439999_TURKEY_I.json,root,10,F1903M,True,8,6,34,True,"[""logs"", ""messages"", ""name"", ""orders"", ""results"", ""state""]"
20,data/cicero_redacted_games/game_439999_TURKEY_I.json,root,11,F1903R,False,0,1,1,True,"[""logs"", ""messages"", ""name"", ""orders"", ""results"", ""state""]"
20,data/cicero_redacted_games/game_439999_TURKEY_I.json,root,12,W1903A,False,0,4,6,True,"[""logs"", ""messages"", ""name"", ""orders"", ""results"", ""state""]"
20,data/cicero_redacted_games/game_439999_TURKEY_I.json,root,13,S1904M,True,10,6,34,True,"[""logs"", ""messages"", ""name"", ""orders"", ""results"", ""state""]"
20,data/cicero_redacted_games/game_439999_TURKEY_I.json,root,14,S1904R,False,0,2,2,True,"[""logs"", ""messages"", ""name"", ""orders"", ""results"", ""state""]"
20,data/cicero_redacted_games/game_439999_TURKEY_I.json,root,15,F1904M,True,7,6,33,True,"[""logs"", ""messages"", ""name"", ""orders"", ""results"", ""state""]"
20,data/cicero_redacted_games/game_439999_TURKEY_I.json,root,16,F1904R,False,0,2,2,True,"[""logs"", ""messages"", ""name"", ""orders"", ""results"", ""state""]"
20,data/cicero_redacted_games/game_439999_TURKEY_I.json,root,17,W1904A,False,0,3,3,True,"[""logs"", ""messages"", ""name"", ""orders"", ""results"", ""state""]"
20,data/cicero_redacted_games/game_439999_TURKEY_I.json,root,18,S1905M,True,1,6,34,True,"[""logs"", ""messages"", ""name"", ""orders"", ""results"", ""state""]"
20,data/cicero_redacted_games/game_439999_TURKEY_I.json,root,19,S1905R,False,0,3,3,True,"[""logs"", ""messages"", ""name"", ""orders"", ""results"", ""state""]"
20,data/cicero_redacted_games/game_439999_TURKEY_I.json,root,20,F1905M,True,0,6,34,True,"[""logs"", ""messages"", ""name"", ""orders"", ""results"", ""state""]"
20,data/cicero_redacted_games/game_439999_TURKEY_I.json,root,21,F1905R,False,0,1,1,True,"[""logs"", ""messages"", ""name"", ""orders"", ""results"", ""state""]"
20,data/cicero_redacted_games/game_439999_TURKEY_I.json,root,22,W1905A,False,0,6,7,True,"[""logs"", ""messages"", ""name"", ""orders"", ""results"", ""state""]"
20,data/cicero_redacted_games/game_439999_TURKEY_I.json,root,23,S1906M,True,0,6,34,True,"[""logs"", ""messages"", ""name"", ""orders"", ""results"", ""state""]"
20,data/cicero_redacted_games/game_439999_TURKEY_I.json,root,24,S1906R,False,0,2,2,True,"[""logs"", ""messages"", ""name"", ""orders"", ""results"", ""state""]"
20,data/cicero_redacted_games/game_439999_TURKEY_I.json,root,25,F1906M,True,0,6,33,True,"[""logs"", ""messages"", ""name"", ""orders"", ""results"", ""state""]"
20,data/cicero_redacted_games/game_439999_TURKEY_I.json,root,26,F1906R,False,0,1,1,True,"[""logs"", ""messages"", ""name"", ""orders"", ""results"", ""state""]"
20,data/cicero_redacted_games/game_439999_TURKEY_I.json,root,27,W1906A,False,0,3,3,True,"[""logs"", ""messages"", ""name"", ""orders"", ""results"", ""state""]"
20,data/cicero_redacted_games/game_439999_TURKEY_I.json,root,28,S1907M,True,1,6,33,True,"[""logs"", ""messages"", ""name"", ""orders"", ""results"", ""state""]"
20,data/cicero_redacted_games/game_439999_TURKEY_I.json,root,29,S1907R,False,0,1,1,True,"[""logs"", ""messages"", ""name"", ""orders"", ""results"", ""state""]"
20,data/cicero_redacted_games/game_439999_TURKEY_I.json,root,30,F1907M,True,1,6,33,True,"[""logs"", ""messages"", ""name"", ""orders"", ""results"", ""state""]"
20,data/cicero_redacted_games/game_439999_TURKEY_I.json,root,31,F1907R,False,0,1,1,True,"[""logs"", ""messages"", ""name"", ""orders"", ""results"", ""state""]"
20,data/cicero_redacted_games/game_439999_TURKEY_I.json,root,32,W1907A,False,0,5,7,True,"[""logs"", ""messages"", ""name"", ""orders"", ""results"", ""state""]"
20,data/cicero_redacted_games/game_439999_TURKEY_I.json,root,33,S1908M,True,0,6,33,True,"[""logs"", ""messages"", ""name"", ""orders"", ""results"", ""state""]"
20,data/cicero_redacted_games/game_439999_TURKEY_I.json,root,34,S1908R,False,0,1,1,True,"[""logs"", ""messages"", ""name"", ""orders"", ""results"", ""state""]"
20,data/cicero_redacted_games/game_439999_TURKEY_I.json,root,35,F1908M,True,1,6,33,True,"[""logs"", ""messages"", ""name"", ""orders"", ""results"", ""state""]"
20,data/cicero_redacted_games/game_439999_TURKEY_I.json,root,36,F1908R,False,0,2,2,True,"[""logs"", ""messages"", ""name"", ""orders"", ""results"", ""state""]"
20,data/cicero_redacted_games/game_439999_TURKEY_I.json,root,37,W1908A,False,0,4,6,True,"[""logs"", ""messages"", ""name"", ""orders"", ""results"", ""state""]"
20,data/cicero_redacted_games/game_439999_TURKEY_I.json,root,38,S1909M,True,1,0,0,True,"[""logs"", ""messages"", ""name"", ""orders"", ""results"", ""state""]"
20,data/cicero_redacted_games/game_439999_TURKEY_I.json,root,39,F1909M,True,0,0,0,True,"[""logs"", ""messages"", ""name"", ""orders"", ""results"", ""state""]"
21,data/cicero_redacted_games/game_441172_FRANCE_ERT.json,root,0,S1901M,True,36,7,22,True,"[""logs"", ""messages"", ""name"", ""orders"", ""results"", ""state""]"
21,data/cicero_redacted_games/game_441172_FRANCE_ERT.json,root,1,F1901M,True,3,7,22,True,"[""logs"", ""messages"", ""name"", ""orders"", ""results"", ""state""]"
21,data/cicero_redacted_games/game_441172_FRANCE_ERT.json,root,2,W1901A,False,0,5,8,True,"[""logs"", ""messages"", ""name"", ""orders"", ""results"", ""state""]"
21,data/cicero_redacted_games/game_441172_FRANCE_ERT.json,root,3,S1902M,True,13,7,30,True,"[""logs"", ""messages"", ""name"", ""orders"", ""results"", ""state""]"
21,data/cicero_redacted_games/game_441172_FRANCE_ERT.json,root,4,S1902R,False,0,1,1,True,"[""logs"", ""messages"", ""name"", ""orders"", ""results"", ""state""]"
21,data/cicero_redacted_games/game_441172_FRANCE_ERT.json,root,5,F1902M,True,11,7,30,True,"[""logs"", ""messages"", ""name"", ""orders"", ""results"", ""state""]"
21,data/cicero_redacted_games/game_441172_FRANCE_ERT.json,root,6,F1902R,False,0,2,4,True,"[""logs"", ""messages"", ""name"", ""orders"", ""results"", ""state""]"
21,data/cicero_redacted_games/game_441172_FRANCE_ERT.json,root,7,W1902A,False,0,7,7,True,"[""logs"", ""messages"", ""name"", ""orders"", ""results"", ""state""]"
21,data/cicero_redacted_games/game_441172_FRANCE_ERT.json,root,8,S1903M,True,3,7,33,True,"[""logs"", ""messages"", ""name"", ""orders"", ""results"", ""state""]"
21,data/cicero_redacted_games/game_441172_FRANCE_ERT.json,root,9,S1903R,False,0,2,2,True,"[""logs"", ""messages"", ""name"", ""orders"", ""results"", ""state""]"
21,data/cicero_redacted_games/game_441172_FRANCE_ERT.json,root,10,F1903M,True,3,7,32,True,"[""logs"", ""messages"", ""name"", ""orders"", ""results"", ""state""]"
21,data/cicero_redacted_games/game_441172_FRANCE_ERT.json,root,11,F1903R,False,0,1,1,True,"[""logs"", ""messages"", ""name"", ""orders"", ""results"", ""state""]"
21,data/cicero_redacted_games/game_441172_FRANCE_ERT.json,root,12,W1903A,False,0,4,6,True,"[""logs"", ""messages"", ""name"", ""orders"", ""results"", ""state""]"
21,data/cicero_redacted_games/game_441172_FRANCE_ERT.json,root,13,S1904M,True,0,7,34,True,"[""logs"", ""messages"", ""name"", ""orders"", ""results"", ""state""]"
21,data/cicero_redacted_games/game_441172_FRANCE_ERT.json,root,14,S1904R,False,0,1,1,True,"[""logs"", ""messages"", ""name"", ""orders"", ""results"", ""state""]"
21,data/cicero_redacted_games/game_441172_FRANCE_ERT.json,root,15,F1904M,True,1,7,33,True,"[""logs"", ""messages"", ""name"", ""orders"", ""results"", ""state""]"
21,data/cicero_redacted_games/game_441172_FRANCE_ERT.json,root,16,W1904A,False,0,3,3,True,"[""logs"", ""messages"", ""name"", ""orders"", ""results"", ""state""]"
21,data/cicero_redacted_games/game_441172_FRANCE_ERT.json,root,17,S1905M,True,0,6,34,True,"[""logs"", ""messages"", ""name"", ""orders"", ""results"", ""state""]"
21,data/cicero_redacted_games/game_441172_FRANCE_ERT.json,root,18,S1905R,False,0,2,2,True,"[""logs"", ""messages"", ""name"", ""orders"", ""results"", ""state""]"
21,data/cicero_redacted_games/game_441172_FRANCE_ERT.json,root,19,F1905M,True,12,6,33,True,"[""logs"", ""messages"", ""name"", ""orders"", ""results"", ""state""]"
21,data/cicero_redacted_games/game_441172_FRANCE_ERT.json,root,20,F1905R,False,0,1,1,True,"[""logs"", ""messages"", ""name"", ""orders"", ""results"", ""state""]"
21,data/cicero_redacted_games/game_441172_FRANCE_ERT.json,root,21,W1905A,False,0,3,3,True,"[""logs"", ""messages"", ""name"", ""orders"", ""results"", ""state""]"
21,data/cicero_redacted_games/game_441172_FRANCE_ERT.json,root,22,S1906M,True,3,6,34,True,"[""logs"", ""messages"", ""name"", ""orders"", ""results"", ""state""]"
21,data/cicero_redacted_games/game_441172_FRANCE_ERT.json,root,23,F1906M,True,0,6,34,True,"[""logs"", ""messages"", ""name"", ""orders"", ""results"", ""state""]"
21,data/cicero_redacted_games/game_441172_FRANCE_ERT.json,root,24,F1906R,False,0,3,3,True,"[""logs"", ""messages"", ""name"", ""orders"", ""results"", ""state""]"
21,data/cicero_redacted_games/game_441172_FRANCE_ERT.json,root,25,W1906A,False,0,6,8,True,"[""logs"", ""messages"", ""name"", ""orders"", ""results"", ""state""]"
21,data/cicero_redacted_games/game_441172_FRANCE_ERT.json,root,26,S1907M,True,0,6,34,True,"[""logs"", ""messages"", ""name"", ""orders"", ""results"", ""state""]"
21,data/cicero_redacted_games/game_441172_FRANCE_ERT.json,root,27,S1907R,False,0,1,1,True,"[""logs"", ""messages"", ""name"", ""orders"", ""results"", ""state""]"
21,data/cicero_redacted_games/game_441172_FRANCE_ERT.json,root,28,F1907M,True,0,6,34,True,"[""logs"", ""messages"", ""name"", ""orders"", ""results"", ""state""]"
21,data/cicero_redacted_games/game_441172_FRANCE_ERT.json,root,29,F1907R,False,0,1,2,True,"[""logs"", ""messages"", ""name"", ""orders"", ""results"", ""state""]"
21,data/cicero_redacted_games/game_441172_FRANCE_ERT.json,root,30,W1907A,False,0,4,5,True,"[""logs"", ""messages"", ""name"", ""orders"", ""results"", ""state""]"
21,data/cicero_redacted_games/game_441172_FRANCE_ERT.json,root,31,S1908M,True,2,6,34,True,"[""logs"", ""messages"", ""name"", ""orders"", ""results"", ""state""]"
21,data/cicero_redacted_games/game_441172_FRANCE_ERT.json,root,32,S1908R,False,0,3,3,True,"[""logs"", ""messages"", ""name"", ""orders"", ""results"", ""state""]"
21,data/cicero_redacted_games/game_441172_FRANCE_ERT.json,root,33,F1908M,True,3,5,33,True,"[""logs"", ""messages"", ""name"", ""orders"", ""results"", ""state""]"
21,data/cicero_redacted_games/game_441172_FRANCE_ERT.json,root,34,F1908R,False,0,2,3,True,"[""logs"", ""messages"", ""name"", ""orders"", ""results"", ""state""]"
21,data/cicero_redacted_games/game_441172_FRANCE_ERT.json,root,35,W1908A,False,0,0,0,True,"[""logs"", ""messages"", ""name"", ""orders"", ""results"", ""state""]"
21,data/cicero_redacted_games/game_441172_FRANCE_ERT.json,root,36,S1909M,True,0,0,0,True,"[""logs"", ""messages"", ""name"", ""orders"", ""results"", ""state""]"
22,data/cicero_redacted_games/game_441488_ENGLAND_FGIT.json,root,0,S1901M,True,29,7,22,True,"[""logs"", ""messages"", ""name"", ""orders"", ""results"", ""state""]"
22,data/cicero_redacted_games/game_441488_ENGLAND_FGIT.json,root,1,F1901M,True,18,7,22,True,"[""logs"", ""messages"", ""name"", ""orders"", ""results"", ""state""]"
22,data/cicero_redacted_games/game_441488_ENGLAND_FGIT.json,root,2,W1901A,False,0,7,10,True,"[""logs"", ""messages"", ""name"", ""orders"", ""results"", ""state""]"
22,data/cicero_redacted_games/game_441488_ENGLAND_FGIT.json,root,3,S1902M,True,28,7,32,True,"[""logs"", ""messages"", ""name"", ""orders"", ""results"", ""state""]"
22,data/cicero_redacted_games/game_441488_ENGLAND_FGIT.json,root,4,S1902R,False,0,2,2,True,"[""logs"", ""messages"", ""name"", ""orders"", ""results"", ""state""]"
22,data/cicero_redacted_games/game_441488_ENGLAND_FGIT.json,root,5,F1902M,True,22,7,32,True,"[""logs"", ""messages"", ""name"", ""orders"", ""results"", ""state""]"
22,data/cicero_redacted_games/game_441488_ENGLAND_FGIT.json,root,6,F1902R,False,0,1,1,True,"[""logs"", ""messages"", ""name"", ""orders"", ""results"", ""state""]"
22,data/cicero_redacted_games/game_441488_ENGLAND_FGIT.json,root,7,W1902A,False,0,6,10,True,"[""logs"", ""messages"", ""name"", ""orders"", ""results"", ""state""]"
22,data/cicero_redacted_games/game_441488_ENGLAND_FGIT.json,root,8,S1903M,True,28,7,34,True,"[""logs"", ""messages"", ""name"", ""orders"", ""results"", ""state""]"
22,data/cicero_redacted_games/game_441488_ENGLAND_FGIT.json,root,9,S1903R,False,0,2,2,True,"[""logs"", ""messages"", ""name"", ""orders"", ""results"", ""state""]"
22,data/cicero_redacted_games/game_441488_ENGLAND_FGIT.json,root,10,F1903M,True,30,7,34,True,"[""logs"", ""messages"", ""name"", ""orders"", ""results"", ""state""]"
22,data/cicero_redacted_games/game_441488_ENGLAND_FGIT.json,root,11,F1903R,False,0,2,2,True,"[""logs"", ""messages"", ""name"", ""orders"", ""results"", ""state""]"
22,data/cicero_redacted_games/game_441488_ENGLAND_FGIT.json,root,12,W1903A,False,0,5,6,True,"[""logs"", ""messages"", ""name"", ""orders"", ""results"", ""state""]"
22,data/cicero_redacted_games/game_441488_ENGLAND_FGIT.json,root,13,S1904M,True,10,6,34,True,"[""logs"", ""messages"", ""name"", ""orders"", ""results"", ""state""]"
22,data/cicero_redacted_games/game_441488_ENGLAND_FGIT.json,root,14,S1904R,False,0,2,2,True,"[""logs"", ""messages"", ""name"", ""orders"", ""results"", ""state""]"
22,data/cicero_redacted_games/game_441488_ENGLAND_FGIT.json,root,15,F1904M,True,19,6,33,True,"[""logs"", ""messages"", ""name"", ""orders"", ""results"", ""state""]"
22,data/cicero_redacted_games/game_441488_ENGLAND_FGIT.json,root,16,F1904R,False,0,2,2,True,"[""logs"", ""messages"", ""name"", ""orders"", ""results"", ""state""]"
22,data/cicero_redacted_games/game_441488_ENGLAND_FGIT.json,root,17,W1904A,False,0,2,3,True,"[""logs"", ""messages"", ""name"", ""orders"", ""results"", ""state""]"
22,data/cicero_redacted_games/game_441488_ENGLAND_FGIT.json,root,18,S1905M,True,12,6,34,True,"[""logs"", ""messages"", ""name"", ""orders"", ""results"", ""state""]"
22,data/cicero_redacted_games/game_441488_ENGLAND_FGIT.json,root,19,S1905R,False,0,1,1,True,"[""logs"", ""messages"", ""name"", ""orders"", ""results"", ""state""]"
22,data/cicero_redacted_games/game_441488_ENGLAND_FGIT.json,root,20,F1905M,True,21,6,33,True,"[""logs"", ""messages"", ""name"", ""orders"", ""results"", ""state""]"
22,data/cicero_redacted_games/game_441488_ENGLAND_FGIT.json,root,21,F1905R,False,0,2,4,True,"[""logs"", ""messages"", ""name"", ""orders"", ""results"", ""state""]"
22,data/cicero_redacted_games/game_441488_ENGLAND_FGIT.json,root,22,W1905A,False,0,5,6,True,"[""logs"", ""messages"", ""name"", ""orders"", ""results"", ""state""]"
22,data/cicero_redacted_games/game_441488_ENGLAND_FGIT.json,root,23,S1906M,True,11,6,33,True,"[""logs"", ""messages"", ""name"", ""orders"", ""results"", ""state""]"
22,data/cicero_redacted_games/game_441488_ENGLAND_FGIT.json,root,24,S1906R,False,0,1,2,True,"[""logs"", ""messages"", ""name"", ""orders"", ""results"", ""state""]"
22,data/cicero_redacted_games/game_441488_ENGLAND_FGIT.json,root,25,F1906M,True,20,6,31,True,"[""logs"", ""messages"", ""name"", ""orders"", ""results"", ""state""]"
22,data/cicero_redacted_games/game_441488_ENGLAND_FGIT.json,root,26,F1906R,False,0,2,2,True,"[""logs"", ""messages"", ""name"", ""orders"", ""results"", ""state""]"
22,data/cicero_redacted_games/game_441488_ENGLAND_FGIT.json,root,27,W1906A,False,0,3,5,True,"[""logs"", ""messages"", ""name"", ""orders"", ""results"", ""state""]"
22,data/cicero_redacted_games/game_441488_ENGLAND_FGIT.json,root,28,S1907M,True,5,6,33,True,"[""logs"", ""messages"", ""name"", ""orders"", ""results"", ""state""]"
22,data/cicero_redacted_games/game_441488_ENGLAND_FGIT.json,root,29,S1907R,False,0,1,1,True,"[""logs"", ""messages"", ""name"", ""orders"", ""results"", ""state""]"
22,data/cicero_redacted_games/game_441488_ENGLAND_FGIT.json,root,30,F1907M,True,12,6,32,True,"[""logs"", ""messages"", ""name"", ""orders"", ""results"", ""state""]"
22,data/cicero_redacted_games/game_441488_ENGLAND_FGIT.json,root,31,F1907R,False,0,1,1,True,"[""logs"", ""messages"", ""name"", ""orders"", ""results"", ""state""]"
22,data/cicero_redacted_games/game_441488_ENGLAND_FGIT.json,root,32,W1907A,False,0,5,6,True,"[""logs"", ""messages"", ""name"", ""orders"", ""results"", ""state""]"
22,data/cicero_redacted_games/game_441488_ENGLAND_FGIT.json,root,33,S1908M,True,22,5,34,True,"[""logs"", ""messages"", ""name"", ""orders"", ""results"", ""state""]"
22,data/cicero_redacted_games/game_441488_ENGLAND_FGIT.json,root,34,S1908R,False,0,2,2,True,"[""logs"", ""messages"", ""name"", ""orders"", ""results"", ""state""]"
22,data/cicero_redacted_games/game_441488_ENGLAND_FGIT.json,root,35,F1908M,True,11,5,34,True,"[""logs"", ""messages"", ""name"", ""orders"", ""results"", ""state""]"
22,data/cicero_redacted_games/game_441488_ENGLAND_FGIT.json,root,36,F1908R,False,0,1,1,True,"[""logs"", ""messages"", ""name"", ""orders"", ""results"", ""state""]"
22,data/cicero_redacted_games/game_441488_ENGLAND_FGIT.json,root,37,W1908A,False,0,0,0,True,"[""logs"", ""messages"", ""name"", ""orders"", ""results"", ""state""]"
22,data/cicero_redacted_games/game_441488_ENGLAND_FGIT.json,root,38,S1909M,True,0,0,0,True,"[""logs"", ""messages"", ""name"", ""orders"", ""results"", ""state""]"
23,data/cicero_redacted_games/game_443187_ITALY_FG.json,root,0,S1901M,True,16,7,22,True,"[""logs"", ""messages"", ""name"", ""orders"", ""results"", ""state""]"
23,data/cicero_redacted_games/game_443187_ITALY_FG.json,root,1,F1901M,True,3,7,22,True,"[""logs"", ""messages"", ""name"", ""orders"", ""results"", ""state""]"
23,data/cicero_redacted_games/game_443187_ITALY_FG.json,root,2,W1901A,False,0,7,11,True,"[""logs"", ""messages"", ""name"", ""orders"", ""results"", ""state""]"
23,data/cicero_redacted_games/game_443187_ITALY_FG.json,root,3,S1902M,True,5,7,33,True,"[""logs"", ""messages"", ""name"", ""orders"", ""results"", ""state""]"
23,data/cicero_redacted_games/game_443187_ITALY_FG.json,root,4,F1902M,True,7,7,33,True,"[""logs"", ""messages"", ""name"", ""orders"", ""results"", ""state""]"
23,data/cicero_redacted_games/game_443187_ITALY_FG.json,root,5,F1902R,False,0,2,2,True,"[""logs"", ""messages"", ""name"", ""orders"", ""results"", ""state""]"
23,data/cicero_redacted_games/game_443187_ITALY_FG.json,root,6,W1902A,False,0,4,4,True,"[""logs"", ""messages"", ""name"", ""orders"", ""results"", ""state""]"
23,data/cicero_redacted_games/game_443187_ITALY_FG.json,root,7,S1903M,True,5,7,34,True,"[""logs"", ""messages"", ""name"", ""orders"", ""results"", ""state""]"
23,data/cicero_redacted_games/game_443187_ITALY_FG.json,root,8,S1903R,False,0,2,2,True,"[""logs"", ""messages"", ""name"", ""orders"", ""results"", ""state""]"
23,data/cicero_redacted_games/game_443187_ITALY_FG.json,root,9,F1903M,True,7,7,33,True,"[""logs"", ""messages"", ""name"", ""orders"", ""results"", ""state""]"
23,data/cicero_redacted_games/game_443187_ITALY_FG.json,root,10,F1903R,False,0,2,2,True,"[""logs"", ""messages"", ""name"", ""orders"", ""results"", ""state""]"
23,data/cicero_redacted_games/game_443187_ITALY_FG.json,root,11,W1903A,False,0,6,8,True,"[""logs"", ""messages"", ""name"", ""orders"", ""results"", ""state""]"
23,data/cicero_redacted_games/game_443187_ITALY_FG.json,root,12,S1904M,True,0,7,34,True,"[""logs"", ""messages"", ""name"", ""orders"", ""results"", ""state""]"
23,data/cicero_redacted_games/game_443187_ITALY_FG.json,root,13,S1904R,False,0,1,1,True,"[""logs"", ""messages"", ""name"", ""orders"", ""results"", ""state""]"
23,data/cicero_redacted_games/game_443187_ITALY_FG.json,root,14,F1904M,True,0,7,34,True,"[""logs"", ""messages"", ""name"", ""orders"", ""results"", ""state""]"
23,data/cicero_redacted_games/game_443187_ITALY_FG.json,root,15,F1904R,False,0,2,3,True,"[""logs"", ""messages"", ""name"", ""orders"", ""results"", ""state""]"
23,data/cicero_redacted_games/game_443187_ITALY_FG.json,root,16,W1904A,False,0,2,2,True,"[""logs"", ""messages"", ""name"", ""orders"", ""results"", ""state""]"
23,data/cicero_redacted_games/game_443187_ITALY_FG.json,root,17,S1905M,True,1,7,34,True,"[""logs"", ""messages"", ""name"", ""orders"", ""results"", ""state""]"
23,data/cicero_redacted_games/game_443187_ITALY_FG.json,root,18,F1905M,True,8,7,34,True,"[""logs"", ""messages"", ""name"", ""orders"", ""results"", ""state""]"
23,data/cicero_redacted_games/game_443187_ITALY_FG.json,root,19,F1905R,False,0,2,2,True,"[""logs"", ""messages"", ""name"", ""orders"", ""results"", ""state""]"
23,data/cicero_redacted_games/game_443187_ITALY_FG.json,root,20,W1905A,False,0,4,4,True,"[""logs"", ""messages"", ""name"", ""orders"", ""results"", ""state""]"
23,data/cicero_redacted_games/game_443187_ITALY_FG.json,root,21,S1906M,True,1,7,34,True,"[""logs"", ""messages"", ""name"", ""orders"", ""results"", ""state""]"
23,data/cicero_redacted_games/game_443187_ITALY_FG.json,root,22,S1906R,False,0,2,3,True,"[""logs"", ""messages"", ""name"", ""orders"", ""results"", ""state""]"
23,data/cicero_redacted_games/game_443187_ITALY_FG.json,root,23,F1906M,True,2,7,34,True,"[""logs"", ""messages"", ""name"", ""orders"", ""results"", ""state""]"
23,data/cicero_redacted_games/game_443187_ITALY_FG.json,root,24,F1906R,False,0,2,2,True,"[""logs"", ""messages"", ""name"", ""orders"", ""results"", ""state""]"
23,data/cicero_redacted_games/game_443187_ITALY_FG.json,root,25,W1906A,False,0,3,3,True,"[""logs"", ""messages"", ""name"", ""orders"", ""results"", ""state""]"
23,data/cicero_redacted_games/game_443187_ITALY_FG.json,root,26,S1907M,True,0,7,34,True,"[""logs"", ""messages"", ""name"", ""orders"", ""results"", ""state""]"
23,data/cicero_redacted_games/game_443187_ITALY_FG.json,root,27,S1907R,False,0,2,2,True,"[""logs"", ""messages"", ""name"", ""orders"", ""results"", ""state""]"
23,data/cicero_redacted_games/game_443187_ITALY_FG.json,root,28,F1907M,True,4,7,33,True,"[""logs"", ""messages"", ""name"", ""orders"", ""results"", ""state""]"
23,data/cicero_redacted_games/game_443187_ITALY_FG.json,root,29,F1907R,False,0,1,1,True,"[""logs"", ""messages"", ""name"", ""orders"", ""results"", ""state""]"
23,data/cicero_redacted_games/game_443187_ITALY_FG.json,root,30,W1907A,False,0,3,4,True,"[""logs"", ""messages"", ""name"", ""orders"", ""results"", ""state""]"
23,data/cicero_redacted_games/game_443187_ITALY_FG.json,root,31,S1908M,True,1,7,33,True,"[""logs"", ""messages"", ""name"", ""orders"", ""results"", ""state""]"
23,data/cicero_redacted_games/game_443187_ITALY_FG.json,root,32,S1908R,False,0,3,4,True,"[""logs"", ""messages"", ""name"", ""orders"", ""results"", ""state""]"
23,data/cicero_redacted_games/game_443187_ITALY_FG.json,root,33,F1908M,True,1,7,31,True,"[""logs"", ""messages"", ""name"", ""orders"", ""results"", ""state""]"
23,data/cicero_redacted_games/game_443187_ITALY_FG.json,root,34,F1908R,False,0,1,1,True,"[""logs"", ""messages"", ""name"", ""orders"", ""results"", ""state""]"
23,data/cicero_redacted_games/game_443187_ITALY_FG.json,root,35,W1908A,False,0,0,0,True,"[""logs"", ""messages"", ""name"", ""orders"", ""results"", ""state""]"
23,data/cicero_redacted_games/game_443187_ITALY_FG.json,root,36,S1909M,True,0,0,0,True,"[""logs"", ""messages"", ""name"", ""orders"", ""results"", ""state""]"
24,data/cicero_redacted_games/game_443556_FRANCE_AI.json,root,0,S1901M,True,7,7,22,True,"[""logs"", ""messages"", ""name"", ""orders"", ""results"", ""state""]"
24,data/cicero_redacted_games/game_443556_FRANCE_AI.json,root,1,F1901M,True,6,7,22,True,"[""logs"", ""messages"", ""name"", ""orders"", ""results"", ""state""]"
24,data/cicero_redacted_games/game_443556_FRANCE_AI.json,root,2,W1901A,False,0,6,9,True,"[""logs"", ""messages"", ""name"", ""orders"", ""results"", ""state""]"
24,data/cicero_redacted_games/game_443556_FRANCE_AI.json,root,3,S1902M,True,3,7,31,True,"[""logs"", ""messages"", ""name"", ""orders"", ""results"", ""state""]"
24,data/cicero_redacted_games/game_443556_FRANCE_AI.json,root,4,S1902R,False,0,1,2,True,"[""logs"", ""messages"", ""name"", ""orders"", ""results"", ""state""]"
24,data/cicero_redacted_games/game_443556_FRANCE_AI.json,root,5,F1902M,True,8,7,31,True,"[""logs"", ""messages"", ""name"", ""orders"", ""results"", ""state""]"
24,data/cicero_redacted_games/game_443556_FRANCE_AI.json,root,6,F1902R,False,0,2,2,True,"[""logs"", ""messages"", ""name"", ""orders"", ""results"", ""state""]"
24,data/cicero_redacted_games/game_443556_FRANCE_AI.json,root,7,W1902A,False,0,5,9,True,"[""logs"", ""messages"", ""name"", ""orders"", ""results"", ""state""]"
24,data/cicero_redacted_games/game_443556_FRANCE_AI.json,root,8,S1903M,True,8,7,34,True,"[""logs"", ""messages"", ""name"", ""orders"", ""results"", ""state""]"
24,data/cicero_redacted_games/game_443556_FRANCE_AI.json,root,9,S1903R,False,0,2,2,True,"[""logs"", ""messages"", ""name"", ""orders"", ""results"", ""state""]"
24,data/cicero_redacted_games/game_443556_FRANCE_AI.json,root,10,F1903M,True,9,7,34,True,"[""logs"", ""messages"", ""name"", ""orders"", ""results"", ""state""]"
24,data/cicero_redacted_games/game_443556_FRANCE_AI.json,root,11,F1903R,False,0,3,4,True,"[""logs"", ""messages"", ""name"", ""orders"", ""results"", ""state""]"
24,data/cicero_redacted_games/game_443556_FRANCE_AI.json,root,12,W1903A,False,0,4,5,True,"[""logs"", ""messages"", ""name"", ""orders"", ""results"", ""state""]"
24,data/cicero_redacted_games/game_443556_FRANCE_AI.json,root,13,S1904M,True,12,6,34,True,"[""logs"", ""messages"", ""name"", ""orders"", ""results"", ""state""]"
24,data/cicero_redacted_games/game_443556_FRANCE_AI.json,root,14,S1904R,False,0,2,2,True,"[""logs"", ""messages"", ""name"", ""orders"", ""results"", ""state""]"
24,data/cicero_redacted_games/game_443556_FRANCE_AI.json,root,15,F1904M,True,2,6,34,True,"[""logs"", ""messages"", ""name"", ""orders"", ""results"", ""state""]"
24,data/cicero_redacted_games/game_443556_FRANCE_AI.json,root,16,F1904R,False,0,2,2,True,"[""logs"", ""messages"", ""name"", ""orders"", ""results"", ""state""]"
24,data/cicero_redacted_games/game_443556_FRANCE_AI.json,root,17,W1904A,False,0,5,5,True,"[""logs"", ""messages"", ""name"", ""orders"", ""results"", ""state""]"
24,data/cicero_redacted_games/game_443556_FRANCE_AI.json,root,18,S1905M,True,16,6,34,True,"[""logs"", ""messages"", ""name"", ""orders"", ""results"", ""state""]"
24,data/cicero_redacted_games/game_443556_FRANCE_AI.json,root,19,F1905M,True,11,6,34,True,"[""logs"", ""messages"", ""name"", ""orders"", ""results"", ""state""]"
24,data/cicero_redacted_games/game_443556_FRANCE_AI.json,root,20,F1905R,False,0,1,3,True,"[""logs"", ""messages"", ""name"", ""orders"", ""results"", ""state""]"
24,data/cicero_redacted_games/game_443556_FRANCE_AI.json,root,21,W1905A,False,0,4,6,True,"[""logs"", ""messages"", ""name"", ""orders"", ""results"", ""state""]"
24,data/cicero_redacted_games/game_443556_FRANCE_AI.json,root,22,S1906M,True,10,6,34,True,"[""logs"", ""messages"", ""name"", ""orders"", ""results"", ""state""]"
24,data/cicero_redacted_games/game_443556_FRANCE_AI.json,root,23,F1906M,True,1,6,34,True,"[""logs"", ""messages"", ""name"", ""orders"", ""results"", ""state""]"
24,data/cicero_redacted_games/game_443556_FRANCE_AI.json,root,24,F1906R,False,0,1,1,True,"[""logs"", ""messages"", ""name"", ""orders"", ""results"", ""state""]"
24,data/cicero_redacted_games/game_443556_FRANCE_AI.json,root,25,W1906A,False,0,3,4,True,"[""logs"", ""messages"", ""name"", ""orders"", ""results"", ""state""]"
24,data/cicero_redacted_games/game_443556_FRANCE_AI.json,root,26,S1907M,True,0,6,34,True,"[""logs"", ""messages"", ""name"", ""orders"", ""results"", ""state""]"
24,data/cicero_redacted_games/game_443556_FRANCE_AI.json,root,27,F1907M,True,8,6,34,True,"[""logs"", ""messages"", ""name"", ""orders"", ""results"", ""state""]"
24,data/cicero_redacted_games/game_443556_FRANCE_AI.json,root,28,W1907A,False,0,3,3,True,"[""logs"", ""messages"", ""name"", ""orders"", ""results"", ""state""]"
24,data/cicero_redacted_games/game_443556_FRANCE_AI.json,root,29,S1908M,True,6,6,33,True,"[""logs"", ""messages"", ""name"", ""orders"", ""results"", ""state""]"
24,data/cicero_redacted_games/game_443556_FRANCE_AI.json,root,30,F1908M,True,1,6,33,True,"[""logs"", ""messages"", ""name"", ""orders"", ""results"", ""state""]"
24,data/cicero_redacted_games/game_443556_FRANCE_AI.json,root,31,F1908R,False,0,2,2,True,"[""logs"", ""messages"", ""name"", ""orders"", ""results"", ""state""]"
24,data/cicero_redacted_games/game_443556_FRANCE_AI.json,root,32,W1908A,False,0,0,0,True,"[""logs"", ""messages"", ""name"", ""orders"", ""results"", ""state""]"
24,data/cicero_redacted_games/game_443556_FRANCE_AI.json,root,33,S1909M,True,0,0,0,True,"[""logs"", ""messages"", ""name"", ""orders"", ""results"", ""state""]"
25,data/cicero_redacted_games/game_443777_ENGLAND_AIT.json,root,0,S1901M,True,7,7,22,True,"[""logs"", ""messages"", ""name"", ""orders"", ""results"", ""state""]"
25,data/cicero_redacted_games/game_443777_ENGLAND_AIT.json,root,1,F1901M,True,7,7,22,True,"[""logs"", ""messages"", ""name"", ""orders"", ""results"", ""state""]"
25,data/cicero_redacted_games/game_443777_ENGLAND_AIT.json,root,2,W1901A,False,0,7,11,True,"[""logs"", ""messages"", ""name"", ""orders"", ""results"", ""state""]"
25,data/cicero_redacted_games/game_443777_ENGLAND_AIT.json,root,3,S1902M,True,2,7,33,True,"[""logs"", ""messages"", ""name"", ""orders"", ""results"", ""state""]"
25,data/cicero_redacted_games/game_443777_ENGLAND_AIT.json,root,4,S1902R,False,0,1,1,True,"[""logs"", ""messages"", ""name"", ""orders"", ""results"", ""state""]"
25,data/cicero_redacted_games/game_443777_ENGLAND_AIT.json,root,5,F1902M,True,20,7,32,True,"[""logs"", ""messages"", ""name"", ""orders"", ""results"", ""state""]"
25,data/cicero_redacted_games/game_443777_ENGLAND_AIT.json,root,6,W1902A,False,0,2,2,True,"[""logs"", ""messages"", ""name"", ""orders"", ""results"", ""state""]"
25,data/cicero_redacted_games/game_443777_ENGLAND_AIT.json,root,7,S1903M,True,0,7,34,True,"[""logs"", ""messages"", ""name"", ""orders"", ""results"", ""state""]"
25,data/cicero_redacted_games/game_443777_ENGLAND_AIT.json,root,8,S1903R,False,0,1,1,True,"[""logs"", ""messages"", ""name"", ""orders"", ""results"", ""state""]"
25,data/cicero_redacted_games/game_443777_ENGLAND_AIT.json,root,9,F1903M,True,0,7,34,True,"[""logs"", ""messages"", ""name"", ""orders"", ""results"", ""state""]"
25,data/cicero_redacted_games/game_443777_ENGLAND_AIT.json,root,10,F1903R,False,0,2,2,True,"[""logs"", ""messages"", ""name"", ""orders"", ""results"", ""state""]"
25,data/cicero_redacted_games/game_443777_ENGLAND_AIT.json,root,11,W1903A,False,0,3,4,True,"[""logs"", ""messages"", ""name"", ""orders"", ""results"", ""state""]"
25,data/cicero_redacted_games/game_443777_ENGLAND_AIT.json,root,12,S1904M,True,0,7,34,True,"[""logs"", ""messages"", ""name"", ""orders"", ""results"", ""state""]"
25,data/cicero_redacted_games/game_443777_ENGLAND_AIT.json,root,13,S1904R,False,0,1,1,True,"[""logs"", ""messages"", ""name"", ""orders"", ""results"", ""state""]"
25,data/cicero_redacted_games/game_443777_ENGLAND_AIT.json,root,14,F1904M,True,3,7,33,True,"[""logs"", ""messages"", ""name"", ""orders"", ""results"", ""state""]"
25,data/cicero_redacted_games/game_443777_ENGLAND_AIT.json,root,15,F1904R,False,0,1,1,True,"[""logs"", ""messages"", ""name"", ""orders"", ""results"", ""state""]"
25,data/cicero_redacted_games/game_443777_ENGLAND_AIT.json,root,16,W1904A,False,0,5,5,True,"[""logs"", ""messages"", ""name"", ""orders"", ""results"", ""state""]"
25,data/cicero_redacted_games/game_443777_ENGLAND_AIT.json,root,17,S1905M,True,0,7,34,True,"[""logs"", ""messages"", ""name"", ""orders"", ""results"", ""state""]"
25,data/cicero_redacted_games/game_443777_ENGLAND_AIT.json,root,18,S1905R,False,0,1,1,True,"[""logs"", ""messages"", ""name"", ""orders"", ""results"", ""state""]"
25,data/cicero_redacted_games/game_443777_ENGLAND_AIT.json,root,19,F1905M,True,0,7,34,True,"[""logs"", ""messages"", ""name"", ""orders"", ""results"", ""state""]"
25,data/cicero_redacted_games/game_443777_ENGLAND_AIT.json,root,20,F1905R,False,0,3,3,True,"[""logs"", ""messages"", ""name"", ""orders"", ""results"", ""state""]"
25,data/cicero_redacted_games/game_443777_ENGLAND_AIT.json,root,21,W1905A,False,0,3,4,True,"[""logs"", ""messages"", ""name"", ""orders"", ""results"", ""state""]"
25,data/cicero_redacted_games/game_443777_ENGLAND_AIT.json,root,22,S1906M,True,13,7,34,True,"[""logs"", ""messages"", ""name"", ""orders"", ""results"", ""state""]"
25,data/cicero_redacted_games/game_443777_ENGLAND_AIT.json,root,23,S1906R,False,0,2,2,True,"[""logs"", ""messages"", ""name"", ""orders"", ""results"", ""state""]"
25,data/cicero_redacted_games/game_443777_ENGLAND_AIT.json,root,24,F1906M,True,15,7,34,True,"[""logs"", ""messages"", ""name"", ""orders"", ""results"", ""state""]"
25,data/cicero_redacted_games/game_443777_ENGLAND_AIT.json,root,25,F1906R,False,0,2,2,True,"[""logs"", ""messages"", ""name"", ""orders"", ""results"", ""state""]"
25,data/cicero_redacted_games/game_443777_ENGLAND_AIT.json,root,26,W1906A,False,0,5,7,True,"[""logs"", ""messages"", ""name"", ""orders"", ""results"", ""state""]"
25,data/cicero_redacted_games/game_443777_ENGLAND_AIT.json,root,27,S1907M,True,7,7,34,True,"[""logs"", ""messages"", ""name"", ""orders"", ""results"", ""state""]"
25,data/cicero_redacted_games/game_443777_ENGLAND_AIT.json,root,28,S1907R,False,0,1,1,True,"[""logs"", ""messages"", ""name"", ""orders"", ""results"", ""state""]"
25,data/cicero_redacted_games/game_443777_ENGLAND_AIT.json,root,29,F1907M,True,7,7,34,True,"[""logs"", ""messages"", ""name"", ""orders"", ""results"", ""state""]"
25,data/cicero_redacted_games/game_443777_ENGLAND_AIT.json,root,30,F1907R,False,0,4,4,True,"[""logs"", ""messages"", ""name"", ""orders"", ""results"", ""state""]"
25,data/cicero_redacted_games/game_443777_ENGLAND_AIT.json,root,31,W1907A,False,0,4,5,True,"[""logs"", ""messages"", ""name"", ""orders"", ""results"", ""state""]"
25,data/cicero_redacted_games/game_443777_ENGLAND_AIT.json,root,32,S1908M,True,13,6,34,True,"[""logs"", ""messages"", ""name"", ""orders"", ""results"", ""state""]"
25,data/cicero_redacted_games/game_443777_ENGLAND_AIT.json,root,33,S1908R,False,0,2,2,True,"[""logs"", ""messages"", ""name"", ""orders"", ""results"", ""state""]"
25,data/cicero_redacted_games/game_443777_ENGLAND_AIT.json,root,34,F1908M,True,21,6,33,True,"[""logs"", ""messages"", ""name"", ""orders"", ""results"", ""state""]"
25,data/cicero_redacted_games/game_443777_ENGLAND_AIT.json,root,35,F1908R,False,0,2,2,True,"[""logs"", ""messages"", ""name"", ""orders"", ""results"", ""state""]"
25,data/cicero_redacted_games/game_443777_ENGLAND_AIT.json,root,36,W1908A,False,0,0,0,True,"[""logs"", ""messages"", ""name"", ""orders"", ""results"", ""state""]"
25,data/cicero_redacted_games/game_443777_ENGLAND_AIT.json,root,37,S1909M,True,0,0,0,True,"[""logs"", ""messages"", ""name"", ""orders"", ""results"", ""state""]"
26,data/cicero_redacted_games/game_443831_GERMANY_EI.json,root,0,S1901M,True,17,7,22,True,"[""logs"", ""messages"", ""name"", ""orders"", ""results"", ""state""]"
26,data/cicero_redacted_games/game_443831_GERMANY_EI.json,root,1,F1901M,True,8,7,22,True,"[""logs"", ""messages"", ""name"", ""orders"", ""results"", ""state""]"
26,data/cicero_redacted_games/game_443831_GERMANY_EI.json,root,2,W1901A,False,0,7,10,True,"[""logs"", ""messages"", ""name"", ""orders"", ""results"", ""state""]"
26,data/cicero_redacted_games/game_443831_GERMANY_EI.json,root,3,S1902M,True,9,7,32,True,"[""logs"", ""messages"", ""name"", ""orders"", ""results"", ""state""]"
26,data/cicero_redacted_games/game_443831_GERMANY_EI.json,root,4,S1902R,False,0,2,2,True,"[""logs"", ""messages"", ""name"", ""orders"", ""results"", ""state""]"
26,data/cicero_redacted_games/game_443831_GERMANY_EI.json,root,5,F1902M,True,0,7,32,True,"[""logs"", ""messages"", ""name"", ""orders"", ""results"", ""state""]"
26,data/cicero_redacted_games/game_443831_GERMANY_EI.json,root,6,F1902R,False,0,3,4,True,"[""logs"", ""messages"", ""name"", ""orders"", ""results"", ""state""]"
26,data/cicero_redacted_games/game_443831_GERMANY_EI.json,root,7,W1902A,False,0,5,7,True,"[""logs"", ""messages"", ""name"", ""orders"", ""results"", ""state""]"
26,data/cicero_redacted_games/game_443831_GERMANY_EI.json,root,8,S1903M,True,0,7,34,True,"[""logs"", ""messages"", ""name"", ""orders"", ""results"", ""state""]"
26,data/cicero_redacted_games/game_443831_GERMANY_EI.json,root,9,S1903R,False,0,2,3,True,"[""logs"", ""messages"", ""name"", ""orders"", ""results"", ""state""]"
26,data/cicero_redacted_games/game_443831_GERMANY_EI.json,root,10,F1903M,True,0,7,34,True,"[""logs"", ""messages"", ""name"", ""orders"", ""results"", ""state""]"
26,data/cicero_redacted_games/game_443831_GERMANY_EI.json,root,11,F1903R,False,0,3,3,True,"[""logs"", ""messages"", ""name"", ""orders"", ""results"", ""state""]"
26,data/cicero_redacted_games/game_443831_GERMANY_EI.json,root,12,W1903A,False,0,6,9,True,"[""logs"", ""messages"", ""name"", ""orders"", ""results"", ""state""]"
26,data/cicero_redacted_games/game_443831_GERMANY_EI.json,root,13,S1904M,True,0,7,34,True,"[""logs"", ""messages"", ""name"", ""orders"", ""results"", ""state""]"
26,data/cicero_redacted_games/game_443831_GERMANY_EI.json,root,14,S1904R,False,0,1,2,True,"[""logs"", ""messages"", ""name"", ""orders"", ""results"", ""state""]"
26,data/cicero_redacted_games/game_443831_GERMANY_EI.json,root,15,F1904M,True,2,7,33,True,"[""logs"", ""messages"", ""name"", ""orders"", ""results"", ""state""]"
26,data/cicero_redacted_games/game_443831_GERMANY_EI.json,root,16,F1904R,False,0,2,2,True,"[""logs"", ""messages"", ""name"", ""orders"", ""results"", ""state""]"
26,data/cicero_redacted_games/game_443831_GERMANY_EI.json,root,17,W1904A,False,0,5,6,True,"[""logs"", ""messages"", ""name"", ""orders"", ""results"", ""state""]"
26,data/cicero_redacted_games/game_443831_GERMANY_EI.json,root,18,S1905M,True,0,7,34,True,"[""logs"", ""messages"", ""name"", ""orders"", ""results"", ""state""]"
26,data/cicero_redacted_games/game_443831_GERMANY_EI.json,root,19,F1905M,True,1,7,34,True,"[""logs"", ""messages"", ""name"", ""orders"", ""results"", ""state""]"
26,data/cicero_redacted_games/game_443831_GERMANY_EI.json,root,20,F1905R,False,0,3,3,True,"[""logs"", ""messages"", ""name"", ""orders"", ""results"", ""state""]"
26,data/cicero_redacted_games/game_443831_GERMANY_EI.json,root,21,W1905A,False,0,2,2,True,"[""logs"", ""messages"", ""name"", ""orders"", ""results"", ""state""]"
26,data/cicero_redacted_games/game_443831_GERMANY_EI.json,root,22,S1906M,True,0,6,34,True,"[""logs"", ""messages"", ""name"", ""orders"", ""results"", ""state""]"
26,data/cicero_redacted_games/game_443831_GERMANY_EI.json,root,23,S1906R,False,0,1,1,True,"[""logs"", ""messages"", ""name"", ""orders"", ""results"", ""state""]"
26,data/cicero_redacted_games/game_443831_GERMANY_EI.json,root,24,F1906M,True,1,6,34,True,"[""logs"", ""messages"", ""name"", ""orders"", ""results"", ""state""]"
26,data/cicero_redacted_games/game_443831_GERMANY_EI.json,root,25,F1906R,False,0,3,3,True,"[""logs"", ""messages"", ""name"", ""orders"", ""results"", ""state""]"
26,data/cicero_redacted_games/game_443831_GERMANY_EI.json,root,26,W1906A,False,0,3,4,True,"[""logs"", ""messages"", ""name"", ""orders"", ""results"", ""state""]"
26,data/cicero_redacted_games/game_443831_GERMANY_EI.json,root,27,S1907M,True,2,6,34,True,"[""logs"", ""messages"", ""name"", ""orders"", ""results"", ""state""]"
26,data/cicero_redacted_games/game_443831_GERMANY_EI.json,root,28,S1907R,False,0,2,2,True,"[""logs"", ""messages"", ""name"", ""orders"", ""results"", ""state""]"
26,data/cicero_redacted_games/game_443831_GERMANY_EI.json,root,29,F1907M,True,1,6,33,True,"[""logs"", ""messages"", ""name"", ""orders"", ""results"", ""state""]"
26,data/cicero_redacted_games/game_443831_GERMANY_EI.json,root,30,F1907R,False,0,1,1,True,"[""logs"", ""messages"", ""name"", ""orders"", ""results"", ""state""]"
26,data/cicero_redacted_games/game_443831_GERMANY_EI.json,root,31,W1907A,False,0,3,6,True,"[""logs"", ""messages"", ""name"", ""orders"", ""results"", ""state""]"
26,data/cicero_redacted_games/game_443831_GERMANY_EI.json,root,32,S1908M,True,0,4,34,True,"[""logs"", ""messages"", ""name"", ""orders"", ""results"", ""state""]"
26,data/cicero_redacted_games/game_443831_GERMANY_EI.json,root,33,S1908R,False,0,1,1,True,"[""logs"", ""messages"", ""name"", ""orders"", ""results"", ""state""]"
26,data/cicero_redacted_games/game_443831_GERMANY_EI.json,root,34,F1908M,True,0,4,34,True,"[""logs"", ""messages"", ""name"", ""orders"", ""results"", ""state""]"
26,data/cicero_redacted_games/game_443831_GERMANY_EI.json,root,35,F1908R,False,0,1,1,True,"[""logs"", ""messages"", ""name"", ""orders"", ""results"", ""state""]"
26,data/cicero_redacted_games/game_443831_GERMANY_EI.json,root,36,W1908A,False,0,0,0,True,"[""logs"", ""messages"", ""name"", ""orders"", ""results"", ""state""]"
26,data/cicero_redacted_games/game_443831_GERMANY_EI.json,root,37,S1909M,True,0,0,0,True,"[""logs"", ""messages"", ""name"", ""orders"", ""results"", ""state""]"
27,data/cicero_redacted_games/game_444322_AUSTRIA_ER.json,root,0,S1901M,True,11,7,22,True,"[""logs"", ""messages"", ""name"", ""orders"", ""results"", ""state""]"
27,data/cicero_redacted_games/game_444322_AUSTRIA_ER.json,root,1,F1901M,True,8,7,22,True,"[""logs"", ""messages"", ""name"", ""orders"", ""results"", ""state""]"
27,data/cicero_redacted_games/game_444322_AUSTRIA_ER.json,root,2,W1901A,False,0,6,8,True,"[""logs"", ""messages"", ""name"", ""orders"", ""results"", ""state""]"
27,data/cicero_redacted_games/game_444322_AUSTRIA_ER.json,root,3,S1902M,True,19,7,30,True,"[""logs"", ""messages"", ""name"", ""orders"", ""results"", ""state""]"
27,data/cicero_redacted_games/game_444322_AUSTRIA_ER.json,root,4,S1902R,False,0,1,1,True,"[""logs"", ""messages"", ""name"", ""orders"", ""results"", ""state""]"
27,data/cicero_redacted_games/game_444322_AUSTRIA_ER.json,root,5,F1902M,True,17,7,29,True,"[""logs"", ""messages"", ""name"", ""orders"", ""results"", ""state""]"
27,data/cicero_redacted_games/game_444322_AUSTRIA_ER.json,root,6,W1902A,False,0,3,4,True,"[""logs"", ""messages"", ""name"", ""orders"", ""results"", ""state""]"
27,data/cicero_redacted_games/game_444322_AUSTRIA_ER.json,root,7,S1903M,True,8,7,33,True,"[""logs"", ""messages"", ""name"", ""orders"", ""results"", ""state""]"
27,data/cicero_redacted_games/game_444322_AUSTRIA_ER.json,root,8,S1903R,False,0,1,1,True,"[""logs"", ""messages"", ""name"", ""orders"", ""results"", ""state""]"
27,data/cicero_redacted_games/game_444322_AUSTRIA_ER.json,root,9,F1903M,True,7,7,32,True,"[""logs"", ""messages"", ""name"", ""orders"", ""results"", ""state""]"
27,data/cicero_redacted_games/game_444322_AUSTRIA_ER.json,root,10,F1903R,False,0,1,1,True,"[""logs"", ""messages"", ""name"", ""orders"", ""results"", ""state""]"
27,data/cicero_redacted_games/game_444322_AUSTRIA_ER.json,root,11,W1903A,False,0,6,7,True,"[""logs"", ""messages"", ""name"", ""orders"", ""results"", ""state""]"
27,data/cicero_redacted_games/game_444322_AUSTRIA_ER.json,root,12,S1904M,True,9,7,34,True,"[""logs"", ""messages"", ""name"", ""orders"", ""results"", ""state""]"
27,data/cicero_redacted_games/game_444322_AUSTRIA_ER.json,root,13,S1904R,False,0,1,1,True,"[""logs"", ""messages"", ""name"", ""orders"", ""results"", ""state""]"
27,data/cicero_redacted_games/game_444322_AUSTRIA_ER.json,root,14,F1904M,True,9,7,34,True,"[""logs"", ""messages"", ""name"", ""orders"", ""results"", ""state""]"
27,data/cicero_redacted_games/game_444322_AUSTRIA_ER.json,root,15,F1904R,False,0,3,3,True,"[""logs"", ""messages"", ""name"", ""orders"", ""results"", ""state""]"
27,data/cicero_redacted_games/game_444322_AUSTRIA_ER.json,root,16,W1904A,False,0,3,3,True,"[""logs"", ""messages"", ""name"", ""orders"", ""results"", ""state""]"
27,data/cicero_redacted_games/game_444322_AUSTRIA_ER.json,root,17,S1905M,True,0,6,34,True,"[""logs"", ""messages"", ""name"", ""orders"", ""results"", ""state""]"
27,data/cicero_redacted_games/game_444322_AUSTRIA_ER.json,root,18,S1905R,False,0,2,2,True,"[""logs"", ""messages"", ""name"", ""orders"", ""results"", ""state""]"
27,data/cicero_redacted_games/game_444322_AUSTRIA_ER.json,root,19,F1905M,True,3,6,33,True,"[""logs"", ""messages"", ""name"", ""orders"", ""results"", ""state""]"
27,data/cicero_redacted_games/game_444322_AUSTRIA_ER.json,root,20,F1905R,False,0,2,2,True,"[""logs"", ""messages"", ""name"", ""orders"", ""results"", ""state""]"
27,data/cicero_redacted_games/game_444322_AUSTRIA_ER.json,root,21,W1905A,False,0,5,9,True,"[""logs"", ""messages"", ""name"", ""orders"", ""results"", ""state""]"
27,data/cicero_redacted_games/game_444322_AUSTRIA_ER.json,root,22,S1906M,True,8,6,34,True,"[""logs"", ""messages"", ""name"", ""orders"", ""results"", ""state""]"
27,data/cicero_redacted_games/game_444322_AUSTRIA_ER.json,root,23,F1906M,True,8,6,34,True,"[""logs"", ""messages"", ""name"", ""orders"", ""results"", ""state""]"
27,data/cicero_redacted_games/game_444322_AUSTRIA_ER.json,root,24,F1906R,False,0,2,2,True,"[""logs"", ""messages"", ""name"", ""orders"", ""results"", ""state""]"
27,data/cicero_redacted_games/game_444322_AUSTRIA_ER.json,root,25,W1906A,False,0,5,5,True,"[""logs"", ""messages"", ""name"", ""orders"", ""results"", ""state""]"
27,data/cicero_redacted_games/game_444322_AUSTRIA_ER.json,root,26,S1907M,True,7,5,33,True,"[""logs"", ""messages"", ""name"", ""orders"", ""results"", ""state""]"
27,data/cicero_redacted_games/game_444322_AUSTRIA_ER.json,root,27,S1907R,False,0,2,2,True,"[""logs"", ""messages"", ""name"", ""orders"", ""results"", ""state""]"
27,data/cicero_redacted_games/game_444322_AUSTRIA_ER.json,root,28,F1907M,True,8,5,33,True,"[""logs"", ""messages"", ""name"", ""orders"", ""results"", ""state""]"
27,data/cicero_redacted_games/game_444322_AUSTRIA_ER.json,root,29,F1907R,False,0,2,2,True,"[""logs"", ""messages"", ""name"", ""orders"", ""results"", ""state""]"
27,data/cicero_redacted_games/game_444322_AUSTRIA_ER.json,root,30,W1907A,False,0,4,7,True,"[""logs"", ""messages"", ""name"", ""orders"", ""results"", ""state""]"
27,data/cicero_redacted_games/game_444322_AUSTRIA_ER.json,root,31,S1908M,True,5,5,34,True,"[""logs"", ""messages"", ""name"", ""orders"", ""results"", ""state""]"
27,data/cicero_redacted_games/game_444322_AUSTRIA_ER.json,root,32,S1908R,False,0,1,1,True,"[""logs"", ""messages"", ""name"", ""orders"", ""results"", ""state""]"
27,data/cicero_redacted_games/game_444322_AUSTRIA_ER.json,root,33,F1908M,True,0,5,34,True,"[""logs"", ""messages"", ""name"", ""orders"", ""results"", ""state""]"
27,data/cicero_redacted_games/game_444322_AUSTRIA_ER.json,root,34,W1908A,False,0,0,0,True,"[""logs"", ""messages"", ""name"", ""orders"", ""results"", ""state""]"
27,data/cicero_redacted_games/game_444322_AUSTRIA_ER.json,root,35,S1909M,True,0,0,0,True,"[""logs"", ""messages"", ""name"", ""orders"", ""results"", ""state""]"
28,data/cicero_redacted_games/game_444400_TURKEY_G.json,root,0,S1901M,True,3,7,22,True,"[""logs"", ""messages"", ""name"", ""orders"", ""results"", ""state""]"
28,data/cicero_redacted_games/game_444400_TURKEY_G.json,root,1,F1901M,True,9,7,22,True,"[""logs"", ""messages"", ""name"", ""orders"", ""results"", ""state""]"
28,data/cicero_redacted_games/game_444400_TURKEY_G.json,root,2,W1901A,False,0,7,11,True,"[""logs"", ""messages"", ""name"", ""orders"", ""results"", ""state""]"
28,data/cicero_redacted_games/game_444400_TURKEY_G.json,root,3,S1902M,True,11,7,33,True,"[""logs"", ""messages"", ""name"", ""orders"", ""results"", ""state""]"
28,data/cicero_redacted_games/game_444400_TURKEY_G.json,root,4,S1902R,False,0,1,2,True,"[""logs"", ""messages"", ""name"", ""orders"", ""results"", ""state""]"
28,data/cicero_redacted_games/game_444400_TURKEY_G.json,root,5,F1902M,True,11,7,32,True,"[""logs"", ""messages"", ""name"", ""orders"", ""results"", ""state""]"
28,data/cicero_redacted_games/game_444400_TURKEY_G.json,root,6,F1902R,False,0,3,3,True,"[""logs"", ""messages"", ""name"", ""orders"", ""results"", ""state""]"
28,data/cicero_redacted_games/game_444400_TURKEY_G.json,root,7,W1902A,False,0,5,7,True,"[""logs"", ""messages"", ""name"", ""orders"", ""results"", ""state""]"
28,data/cicero_redacted_games/game_444400_TURKEY_G.json,root,8,S1903M,True,3,7,34,True,"[""logs"", ""messages"", ""name"", ""orders"", ""results"", ""state""]"
28,data/cicero_redacted_games/game_444400_TURKEY_G.json,root,9,F1903M,True,6,7,34,True,"[""logs"", ""messages"", ""name"", ""orders"", ""results"", ""state""]"
28,data/cicero_redacted_games/game_444400_TURKEY_G.json,root,10,F1903R,False,0,1,1,True,"[""logs"", ""messages"", ""name"", ""orders"", ""results"", ""state""]"
28,data/cicero_redacted_games/game_444400_TURKEY_G.json,root,11,W1903A,False,5,6,7,True,"[""logs"", ""messages"", ""name"", ""orders"", ""results"", ""state""]"
28,data/cicero_redacted_games/game_444400_TURKEY_G.json,root,12,S1904M,True,3,7,34,True,"[""logs"", ""messages"", ""name"", ""orders"", ""results"", ""state""]"
28,data/cicero_redacted_games/game_444400_TURKEY_G.json,root,13,S1904R,False,0,2,2,True,"[""logs"", ""messages"", ""name"", ""orders"", ""results"", ""state""]"
28,data/cicero_redacted_games/game_444400_TURKEY_G.json,root,14,F1904M,True,7,7,33,True,"[""logs"", ""messages"", ""name"", ""orders"", ""results"", ""state""]"
28,data/cicero_redacted_games/game_444400_TURKEY_G.json,root,15,F1904R,False,0,2,2,True,"[""logs"", ""messages"", ""name"", ""orders"", ""results"", ""state""]"
28,data/cicero_redacted_games/game_444400_TURKEY_G.json,root,16,W1904A,False,0,5,7,True,"[""logs"", ""messages"", ""name"", ""orders"", ""results"", ""state""]"
28,data/cicero_redacted_games/game_444400_TURKEY_G.json,root,17,S1905M,True,5,6,34,True,"[""logs"", ""messages"", ""name"", ""orders"", ""results"", ""state""]"
28,data/cicero_redacted_games/game_444400_TURKEY_G.json,root,18,S1905R,False,0,2,2,True,"[""logs"", ""messages"", ""name"", ""orders"", ""results"", ""state""]"
28,data/cicero_redacted_games/game_444400_TURKEY_G.json,root,19,F1905M,True,8,6,33,True,"[""logs"", ""messages"", ""name"", ""orders"", ""results"", ""state""]"
28,data/cicero_redacted_games/game_444400_TURKEY_G.json,root,20,F1905R,False,0,2,2,True,"[""logs"", ""messages"", ""name"", ""orders"", ""results"", ""state""]"
28,data/cicero_redacted_games/game_444400_TURKEY_G.json,root,21,W1905A,False,0,4,7,True,"[""logs"", ""messages"", ""name"", ""orders"", ""results"", ""state""]"
28,data/cicero_redacted_games/game_444400_TURKEY_G.json,root,22,S1906M,True,1,5,34,True,"[""logs"", ""messages"", ""name"", ""orders"", ""results"", ""state""]"
28,data/cicero_redacted_games/game_444400_TURKEY_G.json,root,23,S1906R,False,0,1,1,True,"[""logs"", ""messages"", ""name"", ""orders"", ""results"", ""state""]"
28,data/cicero_redacted_games/game_444400_TURKEY_G.json,root,24,F1906M,True,0,5,33,True,"[""logs"", ""messages"", ""name"", ""orders"", ""results"", ""state""]"
28,data/cicero_redacted_games/game_444400_TURKEY_G.json,root,25,F1906R,False,0,1,1,True,"[""logs"", ""messages"", ""name"", ""orders"", ""results"", ""state""]"
28,data/cicero_redacted_games/game_444400_TURKEY_G.json,root,26,W1906A,False,0,3,4,True,"[""logs"", ""messages"", ""name"", ""orders"", ""results"", ""state""]"
28,data/cicero_redacted_games/game_444400_TURKEY_G.json,root,27,S1907M,True,6,5,34,True,"[""logs"", ""messages"", ""name"", ""orders"", ""results"", ""state""]"
28,data/cicero_redacted_games/game_444400_TURKEY_G.json,root,28,S1907R,False,0,2,2,True,"[""logs"", ""messages"", ""name"", ""orders"", ""results"", ""state""]"
28,data/cicero_redacted_games/game_444400_TURKEY_G.json,root,29,F1907M,True,4,5,34,True,"[""logs"", ""messages"", ""name"", ""orders"", ""results"", ""state""]"
28,data/cicero_redacted_games/game_444400_TURKEY_G.json,root,30,F1907R,False,0,4,5,True,"[""logs"", ""messages"", ""name"", ""orders"", ""results"", ""state""]"
28,data/cicero_redacted_games/game_444400_TURKEY_G.json,root,31,W1907A,False,0,4,5,True,"[""logs"", ""messages"", ""name"", ""orders"", ""results"", ""state""]"
28,data/cicero_redacted_games/game_444400_TURKEY_G.json,root,32,S1908M,True,0,5,34,True,"[""logs"", ""messages"", ""name"", ""orders"", ""results"", ""state""]"
28,data/cicero_redacted_games/game_444400_TURKEY_G.json,root,33,S1908R,False,0,3,3,True,"[""logs"", ""messages"", ""name"", ""orders"", ""results"", ""state""]"
28,data/cicero_redacted_games/game_444400_TURKEY_G.json,root,34,F1908M,True,0,5,33,True,"[""logs"", ""messages"", ""name"", ""orders"", ""results"", ""state""]"
28,data/cicero_redacted_games/game_444400_TURKEY_G.json,root,35,F1908R,False,0,2,3,True,"[""logs"", ""messages"", ""name"", ""orders"", ""results"", ""state""]"
28,data/cicero_redacted_games/game_444400_TURKEY_G.json,root,36,W1908A,False,0,0,0,True,"[""logs"", ""messages"", ""name"", ""orders"", ""results"", ""state""]"
28,data/cicero_redacted_games/game_444400_TURKEY_G.json,root,37,S1909M,True,0,0,0,True,"[""logs"", ""messages"", ""name"", ""orders"", ""results"", ""state""]"
29,data/cicero_redacted_games/game_444641_RUSSIA_AFI.json,root,0,S1901M,True,13,7,22,True,"[""logs"", ""messages"", ""name"", ""orders"", ""results"", ""state""]"
29,data/cicero_redacted_games/game_444641_RUSSIA_AFI.json,root,1,F1901M,True,15,7,22,True,"[""logs"", ""messages"", ""name"", ""orders"", ""results"", ""state""]"
29,data/cicero_redacted_games/game_444641_RUSSIA_AFI.json,root,2,W1901A,False,0,7,12,True,"[""logs"", ""messages"", ""name"", ""orders"", ""results"", ""state""]"
29,data/cicero_redacted_games/game_444641_RUSSIA_AFI.json,root,3,S1902M,True,9,7,34,True,"[""logs"", ""messages"", ""name"", ""orders"", ""results"", ""state""]"
29,data/cicero_redacted_games/game_444641_RUSSIA_AFI.json,root,4,S1902R,False,0,2,3,True,"[""logs"", ""messages"", ""name"", ""orders"", ""results"", ""state""]"
29,data/cicero_redacted_games/game_444641_RUSSIA_AFI.json,root,5,F1902M,True,18,7,34,True,"[""logs"", ""messages"", ""name"", ""orders"", ""results"", ""state""]"
29,data/cicero_redacted_games/game_444641_RUSSIA_AFI.json,root,6,F1902R,False,0,1,1,True,"[""logs"", ""messages"", ""name"", ""orders"", ""results"", ""state""]"
29,data/cicero_redacted_games/game_444641_RUSSIA_AFI.json,root,7,W1902A,False,0,2,2,True,"[""logs"", ""messages"", ""name"", ""orders"", ""results"", ""state""]"
29,data/cicero_redacted_games/game_444641_RUSSIA_AFI.json,root,8,S1903M,True,0,7,34,True,"[""logs"", ""messages"", ""name"", ""orders"", ""results"", ""state""]"
29,data/cicero_redacted_games/game_444641_RUSSIA_AFI.json,root,9,S1903R,False,0,2,2,True,"[""logs"", ""messages"", ""name"", ""orders"", ""results"", ""state""]"
29,data/cicero_redacted_games/game_444641_RUSSIA_AFI.json,root,10,F1903M,True,6,7,32,True,"[""logs"", ""messages"", ""name"", ""orders"", ""results"", ""state""]"
29,data/cicero_redacted_games/game_444641_RUSSIA_AFI.json,root,11,F1903R,False,0,2,2,True,"[""logs"", ""messages"", ""name"", ""orders"", ""results"", ""state""]"
29,data/cicero_redacted_games/game_444641_RUSSIA_AFI.json,root,12,W1903A,False,0,3,5,True,"[""logs"", ""messages"", ""name"", ""orders"", ""results"", ""state""]"
29,data/cicero_redacted_games/game_444641_RUSSIA_AFI.json,root,13,S1904M,True,12,7,32,True,"[""logs"", ""messages"", ""name"", ""orders"", ""results"", ""state""]"
29,data/cicero_redacted_games/game_444641_RUSSIA_AFI.json,root,14,S1904R,False,0,3,3,True,"[""logs"", ""messages"", ""name"", ""orders"", ""results"", ""state""]"
29,data/cicero_redacted_games/game_444641_RUSSIA_AFI.json,root,15,F1904M,True,10,7,31,True,"[""logs"", ""messages"", ""name"", ""orders"", ""results"", ""state""]"
29,data/cicero_redacted_games/game_444641_RUSSIA_AFI.json,root,16,F1904R,False,0,3,3,True,"[""logs"", ""messages"", ""name"", ""orders"", ""results"", ""state""]"
29,data/cicero_redacted_games/game_444641_RUSSIA_AFI.json,root,17,W1904A,False,0,4,6,True,"[""logs"", ""messages"", ""name"", ""orders"", ""results"", ""state""]"
29,data/cicero_redacted_games/game_444641_RUSSIA_AFI.json,root,18,S1905M,True,26,7,34,True,"[""logs"", ""messages"", ""name"", ""orders"", ""results"", ""state""]"
29,data/cicero_redacted_games/game_444641_RUSSIA_AFI.json,root,19,F1905M,True,19,7,34,True,"[""logs"", ""messages"", ""name"", ""orders"", ""results"", ""state""]"
29,data/cicero_redacted_games/game_444641_RUSSIA_AFI.json,root,20,F1905R,False,0,2,2,True,"[""logs"", ""messages"", ""name"", ""orders"", ""results"", ""state""]"
29,data/cicero_redacted_games/game_444641_RUSSIA_AFI.json,root,21,W1905A,False,0,3,5,True,"[""logs"", ""messages"", ""name"", ""orders"", ""results"", ""state""]"
29,data/cicero_redacted_games/game_444641_RUSSIA_AFI.json,root,22,S1906M,True,17,7,34,True,"[""logs"", ""messages"", ""name"", ""orders"", ""results"", ""state""]"
29,data/cicero_redacted_games/game_444641_RUSSIA_AFI.json,root,23,S1906R,False,0,1,1,True,"[""logs"", ""messages"", ""name"", ""orders"", ""results"", ""state""]"
29,data/cicero_redacted_games/game_444641_RUSSIA_AFI.json,root,24,F1906M,True,22,7,34,True,"[""logs"", ""messages"", ""name"", ""orders"", ""results"", ""state""]"
29,data/cicero_redacted_games/game_444641_RUSSIA_AFI.json,root,25,F1906R,False,0,2,3,True,"[""logs"", ""messages"", ""name"", ""orders"", ""results"", ""state""]"
29,data/cicero_redacted_games/game_444641_RUSSIA_AFI.json,root,26,W1906A,False,0,6,10,True,"[""logs"", ""messages"", ""name"", ""orders"", ""results"", ""state""]"
29,data/cicero_redacted_games/game_444641_RUSSIA_AFI.json,root,27,S1907M,True,6,7,34,True,"[""logs"", ""messages"", ""name"", ""orders"", ""results"", ""state""]"
29,data/cicero_redacted_games/game_444641_RUSSIA_AFI.json,root,28,S1907R,False,0,2,2,True,"[""logs"", ""messages"", ""name"", ""orders"", ""results"", ""state""]"
29,data/cicero_redacted_games/game_444641_RUSSIA_AFI.json,root,29,F1907M,True,12,7,34,True,"[""logs"", ""messages"", ""name"", ""orders"", ""results"", ""state""]"
29,data/cicero_redacted_games/game_444641_RUSSIA_AFI.json,root,30,F1907R,False,0,2,2,True,"[""logs"", ""messages"", ""name"", ""orders"", ""results"", ""state""]"
29,data/cicero_redacted_games/game_444641_RUSSIA_AFI.json,root,31,W1907A,False,0,6,6,True,"[""logs"", ""messages"", ""name"", ""orders"", ""results"", ""state""]"
29,data/cicero_redacted_games/game_444641_RUSSIA_AFI.json,root,32,S1908M,True,8,6,34,True,"[""logs"", ""messages"", ""name"", ""orders"", ""results"", ""state""]"
29,data/cicero_redacted_games/game_444641_RUSSIA_AFI.json,root,33,S1908R,False,0,1,1,True,"[""logs"", ""messages"", ""name"", ""orders"", ""results"", ""state""]"
29,data/cicero_redacted_games/game_444641_RUSSIA_AFI.json,root,34,F1908M,True,13,6,34,True,"[""logs"", ""messages"", ""name"", ""orders"", ""results"", ""state""]"
29,data/cicero_redacted_games/game_444641_RUSSIA_AFI.json,root,35,F1908R,False,0,4,5,True,"[""logs"", ""messages"", ""name"", ""orders"", ""results"", ""state""]"
29,data/cicero_redacted_games/game_444641_RUSSIA_AFI.json,root,36,W1908A,False,0,1,1,True,"[""logs"", ""messages"", ""name"", ""orders"", ""results"", ""state""]"
29,data/cicero_redacted_games/game_444641_RUSSIA_AFI.json,root,37,S1909M,True,5,0,0,True,"[""logs"", ""messages"", ""name"", ""orders"", ""results"", ""state""]"
29,data/cicero_redacted_games/game_444641_RUSSIA_AFI.json,root,38,F1909M,True,0,0,0,True,"[""logs"", ""messages"", ""name"", ""orders"", ""results"", ""state""]"
30,data/cicero_redacted_games/game_445034_RUSSIA_AFGIT.json,root,0,S1901M,True,47,7,22,True,"[""logs"", ""messages"", ""name"", ""orders"", ""results"", ""state""]"
30,data/cicero_redacted_games/game_445034_RUSSIA_AFGIT.json,root,1,F1901M,True,51,7,22,True,"[""logs"", ""messages"", ""name"", ""orders"", ""results"", ""state""]"
30,data/cicero_redacted_games/game_445034_RUSSIA_AFGIT.json,root,2,W1901A,False,0,7,12,True,"[""logs"", ""messages"", ""name"", ""orders"", ""results"", ""state""]"
30,data/cicero_redacted_games/game_445034_RUSSIA_AFGIT.json,root,3,S1902M,True,39,7,34,True,"[""logs"", ""messages"", ""name"", ""orders"", ""results"", ""state""]"
30,data/cicero_redacted_games/game_445034_RUSSIA_AFGIT.json,root,4,S1902R,False,0,2,2,True,"[""logs"", ""messages"", ""name"", ""orders"", ""results"", ""state""]"
30,data/cicero_redacted_games/game_445034_RUSSIA_AFGIT.json,root,5,F1902M,True,49,7,33,True,"[""logs"", ""messages"", ""name"", ""orders"", ""results"", ""state""]"
30,data/cicero_redacted_games/game_445034_RUSSIA_AFGIT.json,root,6,F1902R,False,0,2,2,True,"[""logs"", ""messages"", ""name"", ""orders"", ""results"", ""state""]"
30,data/cicero_redacted_games/game_445034_RUSSIA_AFGIT.json,root,7,W1902A,False,0,3,4,True,"[""logs"", ""messages"", ""name"", ""orders"", ""results"", ""state""]"
30,data/cicero_redacted_games/game_445034_RUSSIA_AFGIT.json,root,8,S1903M,True,34,7,34,True,"[""logs"", ""messages"", ""name"", ""orders"", ""results"", ""state""]"
30,data/cicero_redacted_games/game_445034_RUSSIA_AFGIT.json,root,9,S1903R,False,0,1,1,True,"[""logs"", ""messages"", ""name"", ""orders"", ""results"", ""state""]"
30,data/cicero_redacted_games/game_445034_RUSSIA_AFGIT.json,root,10,F1903M,True,21,7,33,True,"[""logs"", ""messages"", ""name"", ""orders"", ""results"", ""state""]"
30,data/cicero_redacted_games/game_445034_RUSSIA_AFGIT.json,root,11,F1903R,False,0,1,1,True,"[""logs"", ""messages"", ""name"", ""orders"", ""results"", ""state""]"
30,data/cicero_redacted_games/game_445034_RUSSIA_AFGIT.json,root,12,W1903A,False,0,5,7,True,"[""logs"", ""messages"", ""name"", ""orders"", ""results"", ""state""]"
30,data/cicero_redacted_games/game_445034_RUSSIA_AFGIT.json,root,13,S1904M,True,26,7,34,True,"[""logs"", ""messages"", ""name"", ""orders"", ""results"", ""state""]"
30,data/cicero_redacted_games/game_445034_RUSSIA_AFGIT.json,root,14,F1904M,True,25,7,34,True,"[""logs"", ""messages"", ""name"", ""orders"", ""results"", ""state""]"
30,data/cicero_redacted_games/game_445034_RUSSIA_AFGIT.json,root,15,F1904R,False,0,3,4,True,"[""logs"", ""messages"", ""name"", ""orders"", ""results"", ""state""]"
30,data/cicero_redacted_games/game_445034_RUSSIA_AFGIT.json,root,16,W1904A,False,0,3,3,True,"[""logs"", ""messages"", ""name"", ""orders"", ""results"", ""state""]"
30,data/cicero_redacted_games/game_445034_RUSSIA_AFGIT.json,root,17,S1905M,True,19,7,34,True,"[""logs"", ""messages"", ""name"", ""orders"", ""results"", ""state""]"
30,data/cicero_redacted_games/game_445034_RUSSIA_AFGIT.json,root,18,S1905R,False,0,1,1,True,"[""logs"", ""messages"", ""name"", ""orders"", ""results"", ""state""]"
30,data/cicero_redacted_games/game_445034_RUSSIA_AFGIT.json,root,19,F1905M,True,26,7,34,True,"[""logs"", ""messages"", ""name"", ""orders"", ""results"", ""state""]"
30,data/cicero_redacted_games/game_445034_RUSSIA_AFGIT.json,root,20,F1905R,False,0,2,2,True,"[""logs"", ""messages"", ""name"", ""orders"", ""results"", ""state""]"
30,data/cicero_redacted_games/game_445034_RUSSIA_AFGIT.json,root,21,W1905A,False,0,4,4,True,"[""logs"", ""messages"", ""name"", ""orders"", ""results"", ""state""]"
30,data/cicero_redacted_games/game_445034_RUSSIA_AFGIT.json,root,22,S1906M,True,32,6,34,True,"[""logs"", ""messages"", ""name"", ""orders"", ""results"", ""state""]"
30,data/cicero_redacted_games/game_445034_RUSSIA_AFGIT.json,root,23,F1906M,True,22,6,34,True,"[""logs"", ""messages"", ""name"", ""orders"", ""results"", ""state""]"
30,data/cicero_redacted_games/game_445034_RUSSIA_AFGIT.json,root,24,F1906R,False,0,2,4,True,"[""logs"", ""messages"", ""name"", ""orders"", ""results"", ""state""]"
30,data/cicero_redacted_games/game_445034_RUSSIA_AFGIT.json,root,25,W1906A,False,0,2,2,True,"[""logs"", ""messages"", ""name"", ""orders"", ""results"", ""state""]"
30,data/cicero_redacted_games/game_445034_RUSSIA_AFGIT.json,root,26,S1907M,True,20,6,33,True,"[""logs"", ""messages"", ""name"", ""orders"", ""results"", ""state""]"
30,data/cicero_redacted_games/game_445034_RUSSIA_AFGIT.json,root,27,S1907R,False,0,1,1,True,"[""logs"", ""messages"", ""name"", ""orders"", ""results"", ""state""]"
30,data/cicero_redacted_games/game_445034_RUSSIA_AFGIT.json,root,28,F1907M,True,9,6,33,True,"[""logs"", ""messages"", ""name"", ""orders"", ""results"", ""state""]"
30,data/cicero_redacted_games/game_445034_RUSSIA_AFGIT.json,root,29,F1907R,False,0,2,3,True,"[""logs"", ""messages"", ""name"", ""orders"", ""results"", ""state""]"
30,data/cicero_redacted_games/game_445034_RUSSIA_AFGIT.json,root,30,W1907A,False,0,2,2,True,"[""logs"", ""messages"", ""name"", ""orders"", ""results"", ""state""]"
30,data/cicero_redacted_games/game_445034_RUSSIA_AFGIT.json,root,31,S1908M,True,29,6,34,True,"[""logs"", ""messages"", ""name"", ""orders"", ""results"", ""state""]"
30,data/cicero_redacted_games/game_445034_RUSSIA_AFGIT.json,root,32,S1908R,False,0,3,3,True,"[""logs"", ""messages"", ""name"", ""orders"", ""results"", ""state""]"
30,data/cicero_redacted_games/game_445034_RUSSIA_AFGIT.json,root,33,F1908M,True,5,6,33,True,"[""logs"", ""messages"", ""name"", ""orders"", ""results"", ""state""]"
30,data/cicero_redacted_games/game_445034_RUSSIA_AFGIT.json,root,34,W1908A,False,0,0,0,True,"[""logs"", ""messages"", ""name"", ""orders"", ""results"", ""state""]"
30,data/cicero_redacted_games/game_445034_RUSSIA_AFGIT.json,root,35,S1909M,True,0,0,0,True,"[""logs"", ""messages"", ""name"", ""orders"", ""results"", ""state""]"
31,data/cicero_redacted_games/game_445608_FRANCE_R.json,root,0,S1901M,True,4,7,22,True,"[""logs"", ""messages"", ""name"", ""orders"", ""results"", ""state""]"
31,data/cicero_redacted_games/game_445608_FRANCE_R.json,root,1,F1901M,True,2,7,22,True,"[""logs"", ""messages"", ""name"", ""orders"", ""results"", ""state""]"
31,data/cicero_redacted_games/game_445608_FRANCE_R.json,root,2,W1901A,False,0,7,10,True,"[""logs"", ""messages"", ""name"", ""orders"", ""results"", ""state""]"
31,data/cicero_redacted_games/game_445608_FRANCE_R.json,root,3,S1902M,True,1,7,32,True,"[""logs"", ""messages"", ""name"", ""orders"", ""results"", ""state""]"
31,data/cicero_redacted_games/game_445608_FRANCE_R.json,root,4,F1902M,True,0,7,32,True,"[""logs"", ""messages"", ""name"", ""orders"", ""results"", ""state""]"
31,data/cicero_redacted_games/game_445608_FRANCE_R.json,root,5,F1902R,False,0,1,1,True,"[""logs"", ""messages"", ""name"", ""orders"", ""results"", ""state""]"
31,data/cicero_redacted_games/game_445608_FRANCE_R.json,root,6,W1902A,False,0,5,6,True,"[""logs"", ""messages"", ""name"", ""orders"", ""results"", ""state""]"
31,data/cicero_redacted_games/game_445608_FRANCE_R.json,root,7,S1903M,True,0,7,33,True,"[""logs"", ""messages"", ""name"", ""orders"", ""results"", ""state""]"
31,data/cicero_redacted_games/game_445608_FRANCE_R.json,root,8,S1903R,False,0,1,1,True,"[""logs"", ""messages"", ""name"", ""orders"", ""results"", ""state""]"
31,data/cicero_redacted_games/game_445608_FRANCE_R.json,root,9,F1903M,True,2,7,33,True,"[""logs"", ""messages"", ""name"", ""orders"", ""results"", ""state""]"
31,data/cicero_redacted_games/game_445608_FRANCE_R.json,root,10,F1903R,False,0,2,2,True,"[""logs"", ""messages"", ""name"", ""orders"", ""results"", ""state""]"
31,data/cicero_redacted_games/game_445608_FRANCE_R.json,root,11,W1903A,False,0,7,10,True,"[""logs"", ""messages"", ""name"", ""orders"", ""results"", ""state""]"
31,data/cicero_redacted_games/game_445608_FRANCE_R.json,root,12,S1904M,True,5,7,34,True,"[""logs"", ""messages"", ""name"", ""orders"", ""results"", ""state""]"
31,data/cicero_redacted_games/game_445608_FRANCE_R.json,root,13,F1904M,True,3,7,34,True,"[""logs"", ""messages"", ""name"", ""orders"", ""results"", ""state""]"
31,data/cicero_redacted_games/game_445608_FRANCE_R.json,root,14,F1904R,False,0,3,3,True,"[""logs"", ""messages"", ""name"", ""orders"", ""results"", ""state""]"
31,data/cicero_redacted_games/game_445608_FRANCE_R.json,root,15,W1904A,False,0,3,5,True,"[""logs"", ""messages"", ""name"", ""orders"", ""results"", ""state""]"
31,data/cicero_redacted_games/game_445608_FRANCE_R.json,root,16,S1905M,True,1,6,34,True,"[""logs"", ""messages"", ""name"", ""orders"", ""results"", ""state""]"
31,data/cicero_redacted_games/game_445608_FRANCE_R.json,root,17,S1905R,False,0,1,1,True,"[""logs"", ""messages"", ""name"", ""orders"", ""results"", ""state""]"
31,data/cicero_redacted_games/game_445608_FRANCE_R.json,root,18,F1905M,True,0,6,34,True,"[""logs"", ""messages"", ""name"", ""orders"", ""results"", ""state""]"
31,data/cicero_redacted_games/game_445608_FRANCE_R.json,root,19,S1906M,True,1,6,34,True,"[""logs"", ""messages"", ""name"", ""orders"", ""results"", ""state""]"
31,data/cicero_redacted_games/game_445608_FRANCE_R.json,root,20,S1906R,False,0,1,2,True,"[""logs"", ""messages"", ""name"", ""orders"", ""results"", ""state""]"
31,data/cicero_redacted_games/game_445608_FRANCE_R.json,root,21,F1906M,True,4,6,34,True,"[""logs"", ""messages"", ""name"", ""orders"", ""results"", ""state""]"
31,data/cicero_redacted_games/game_445608_FRANCE_R.json,root,22,W1906A,False,0,2,2,True,"[""logs"", ""messages"", ""name"", ""orders"", ""results"", ""state""]"
31,data/cicero_redacted_games/game_445608_FRANCE_R.json,root,23,S1907M,True,2,6,34,True,"[""logs"", ""messages"", ""name"", ""orders"", ""results"", ""state""]"
31,data/cicero_redacted_games/game_445608_FRANCE_R.json,root,24,F1907M,True,0,6,34,True,"[""logs"", ""messages"", ""name"", ""orders"", ""results"", ""state""]"
31,data/cicero_redacted_games/game_445608_FRANCE_R.json,root,25,F1907R,False,0,2,2,True,"[""logs"", ""messages"", ""name"", ""orders"", ""results"", ""state""]"
31,data/cicero_redacted_games/game_445608_FRANCE_R.json,root,26,W1907A,False,0,3,3,True,"[""logs"", ""messages"", ""name"", ""orders"", ""results"", ""state""]"
31,data/cicero_redacted_games/game_445608_FRANCE_R.json,root,27,S1908M,True,3,6,34,True,"[""logs"", ""messages"", ""name"", ""orders"", ""results"", ""state""]"
31,data/cicero_redacted_games/game_445608_FRANCE_R.json,root,28,S1908R,False,0,1,1,True,"[""logs"", ""messages"", ""name"", ""orders"", ""results"", ""state""]"
31,data/cicero_redacted_games/game_445608_FRANCE_R.json,root,29,F1908M,True,1,6,34,True,"[""logs"", ""messages"", ""name"", ""orders"", ""results"", ""state""]"
31,data/cicero_redacted_games/game_445608_FRANCE_R.json,root,30,F1908R,False,0,3,4,True,"[""logs"", ""messages"", ""name"", ""orders"", ""results"", ""state""]"
31,data/cicero_redacted_games/game_445608_FRANCE_R.json,root,31,W1908A,False,0,0,0,True,"[""logs"", ""messages"", ""name"", ""orders"", ""results"", ""state""]"
31,data/cicero_redacted_games/game_445608_FRANCE_R.json,root,32,S1909M,True,0,0,0,True,"[""logs"", ""messages"", ""name"", ""orders"", ""results"", ""state""]"
32,data/cicero_redacted_games/game_445663_RUSSIA_A.json,root,0,S1901M,True,7,7,22,True,"[""logs"", ""messages"", ""name"", ""orders"", ""results"", ""state""]"
32,data/cicero_redacted_games/game_445663_RUSSIA_A.json,root,1,F1901M,True,12,7,22,True,"[""logs"", ""messages"", ""name"", ""orders"", ""results"", ""state""]"
32,data/cicero_redacted_games/game_445663_RUSSIA_A.json,root,2,W1901A,False,0,7,9,True,"[""logs"", ""messages"", ""name"", ""orders"", ""results"", ""state""]"
32,data/cicero_redacted_games/game_445663_RUSSIA_A.json,root,3,S1902M,True,13,7,31,True,"[""logs"", ""messages"", ""name"", ""orders"", ""results"", ""state""]"
32,data/cicero_redacted_games/game_445663_RUSSIA_A.json,root,4,F1902M,True,10,7,31,True,"[""logs"", ""messages"", ""name"", ""orders"", ""results"", ""state""]"
32,data/cicero_redacted_games/game_445663_RUSSIA_A.json,root,5,F1902R,False,0,3,3,True,"[""logs"", ""messages"", ""name"", ""orders"", ""results"", ""state""]"
32,data/cicero_redacted_games/game_445663_RUSSIA_A.json,root,6,W1902A,False,0,5,6,True,"[""logs"", ""messages"", ""name"", ""orders"", ""results"", ""state""]"
32,data/cicero_redacted_games/game_445663_RUSSIA_A.json,root,7,S1903M,True,7,7,34,True,"[""logs"", ""messages"", ""name"", ""orders"", ""results"", ""state""]"
32,data/cicero_redacted_games/game_445663_RUSSIA_A.json,root,8,S1903R,False,0,1,1,True,"[""logs"", ""messages"", ""name"", ""orders"", ""results"", ""state""]"
32,data/cicero_redacted_games/game_445663_RUSSIA_A.json,root,9,F1903M,True,6,7,33,True,"[""logs"", ""messages"", ""name"", ""orders"", ""results"", ""state""]"
32,data/cicero_redacted_games/game_445663_RUSSIA_A.json,root,10,W1903A,False,0,3,5,True,"[""logs"", ""messages"", ""name"", ""orders"", ""results"", ""state""]"
32,data/cicero_redacted_games/game_445663_RUSSIA_A.json,root,11,S1904M,True,0,7,34,True,"[""logs"", ""messages"", ""name"", ""orders"", ""results"", ""state""]"
32,data/cicero_redacted_games/game_445663_RUSSIA_A.json,root,12,S1904R,False,0,2,2,True,"[""logs"", ""messages"", ""name"", ""orders"", ""results"", ""state""]"
32,data/cicero_redacted_games/game_445663_RUSSIA_A.json,root,13,F1904M,True,0,7,34,True,"[""logs"", ""messages"", ""name"", ""orders"", ""results"", ""state""]"
32,data/cicero_redacted_games/game_445663_RUSSIA_A.json,root,14,F1904R,False,0,2,2,True,"[""logs"", ""messages"", ""name"", ""orders"", ""results"", ""state""]"
32,data/cicero_redacted_games/game_445663_RUSSIA_A.json,root,15,W1904A,False,0,4,4,True,"[""logs"", ""messages"", ""name"", ""orders"", ""results"", ""state""]"
32,data/cicero_redacted_games/game_445663_RUSSIA_A.json,root,16,S1905M,True,0,7,34,True,"[""logs"", ""messages"", ""name"", ""orders"", ""results"", ""state""]"
32,data/cicero_redacted_games/game_445663_RUSSIA_A.json,root,17,S1905R,False,0,1,1,True,"[""logs"", ""messages"", ""name"", ""orders"", ""results"", ""state""]"
32,data/cicero_redacted_games/game_445663_RUSSIA_A.json,root,18,F1905M,True,0,7,34,True,"[""logs"", ""messages"", ""name"", ""orders"", ""results"", ""state""]"
32,data/cicero_redacted_games/game_445663_RUSSIA_A.json,root,19,F1905R,False,0,1,1,True,"[""logs"", ""messages"", ""name"", ""orders"", ""results"", ""state""]"
32,data/cicero_redacted_games/game_445663_RUSSIA_A.json,root,20,W1905A,False,0,2,2,True,"[""logs"", ""messages"", ""name"", ""orders"", ""results"", ""state""]"
32,data/cicero_redacted_games/game_445663_RUSSIA_A.json,root,21,S1906M,True,0,7,34,True,"[""logs"", ""messages"", ""name"", ""orders"", ""results"", ""state""]"
32,data/cicero_redacted_games/game_445663_RUSSIA_A.json,root,22,S1906R,False,0,1,1,True,"[""logs"", ""messages"", ""name"", ""orders"", ""results"", ""state""]"
32,data/cicero_redacted_games/game_445663_RUSSIA_A.json,root,23,F1906M,True,0,7,33,True,"[""logs"", ""messages"", ""name"", ""orders"", ""results"", ""state""]"
32,data/cicero_redacted_games/game_445663_RUSSIA_A.json,root,24,F1906R,False,0,1,2,True,"[""logs"", ""messages"", ""name"", ""orders"", ""results"", ""state""]"
32,data/cicero_redacted_games/game_445663_RUSSIA_A.json,root,25,W1906A,False,0,4,5,True,"[""logs"", ""messages"", ""name"", ""orders"", ""results"", ""state""]"
32,data/cicero_redacted_games/game_445663_RUSSIA_A.json,root,26,S1907M,True,3,7,34,True,"[""logs"", ""messages"", ""name"", ""orders"", ""results"", ""state""]"
32,data/cicero_redacted_games/game_445663_RUSSIA_A.json,root,27,F1907M,True,0,7,34,True,"[""logs"", ""messages"", ""name"", ""orders"", ""results"", ""state""]"
32,data/cicero_redacted_games/game_445663_RUSSIA_A.json,root,28,F1907R,False,0,1,1,True,"[""logs"", ""messages"", ""name"", ""orders"", ""results"", ""state""]"
32,data/cicero_redacted_games/game_445663_RUSSIA_A.json,root,29,W1907A,False,0,5,6,True,"[""logs"", ""messages"", ""name"", ""orders"", ""results"", ""state""]"
32,data/cicero_redacted_games/game_445663_RUSSIA_A.json,root,30,S1908M,True,0,7,34,True,"[""logs"", ""messages"", ""name"", ""orders"", ""results"", ""state""]"
32,data/cicero_redacted_games/game_445663_RUSSIA_A.json,root,31,S1908R,False,0,2,3,True,"[""logs"", ""messages"", ""name"", ""orders"", ""results"", ""state""]"
32,data/cicero_redacted_games/game_445663_RUSSIA_A.json,root,32,F1908M,True,0,7,33,True,"[""logs"", ""messages"", ""name"", ""orders"", ""results"", ""state""]"
32,data/cicero_redacted_games/game_445663_RUSSIA_A.json,root,33,F1908R,False,0,2,3,True,"[""logs"", ""messages"", ""name"", ""orders"", ""results"", ""state""]"
32,data/cicero_redacted_games/game_445663_RUSSIA_A.json,root,34,W1908A,False,0,0,0,True,"[""logs"", ""messages"", ""name"", ""orders"", ""results"", ""state""]"
32,data/cicero_redacted_games/game_445663_RUSSIA_A.json,root,35,S1909M,True,0,0,0,True,"[""logs"", ""messages"", ""name"", ""orders"", ""results"", ""state""]"
33,data/cicero_redacted_games/game_446643_AUSTRIA_GR.json,root,0,S1901M,True,5,7,22,True,"[""logs"", ""messages"", ""name"", ""orders"", ""results"", ""state""]"
33,data/cicero_redacted_games/game_446643_AUSTRIA_GR.json,root,1,F1901M,True,11,7,22,True,"[""logs"", ""messages"", ""name"", ""orders"", ""results"", ""state""]"
33,data/cicero_redacted_games/game_446643_AUSTRIA_GR.json,root,2,W1901A,False,0,7,11,True,"[""logs"", ""messages"", ""name"", ""orders"", ""results"", ""state""]"
33,data/cicero_redacted_games/game_446643_AUSTRIA_GR.json,root,3,S1902M,True,9,7,33,True,"[""logs"", ""messages"", ""name"", ""orders"", ""results"", ""state""]"
33,data/cicero_redacted_games/game_446643_AUSTRIA_GR.json,root,4,F1902M,True,8,7,33,True,"[""logs"", ""messages"", ""name"", ""orders"", ""results"", ""state""]"
33,data/cicero_redacted_games/game_446643_AUSTRIA_GR.json,root,5,F1902R,False,0,3,3,True,"[""logs"", ""messages"", ""name"", ""orders"", ""results"", ""state""]"
33,data/cicero_redacted_games/game_446643_AUSTRIA_GR.json,root,6,W1902A,False,0,4,4,True,"[""logs"", ""messages"", ""name"", ""orders"", ""results"", ""state""]"
33,data/cicero_redacted_games/game_446643_AUSTRIA_GR.json,root,7,S1903M,True,9,7,34,True,"[""logs"", ""messages"", ""name"", ""orders"", ""results"", ""state""]"
33,data/cicero_redacted_games/game_446643_AUSTRIA_GR.json,root,8,S1903R,False,0,1,1,True,"[""logs"", ""messages"", ""name"", ""orders"", ""results"", ""state""]"
33,data/cicero_redacted_games/game_446643_AUSTRIA_GR.json,root,9,F1903M,True,13,7,34,True,"[""logs"", ""messages"", ""name"", ""orders"", ""results"", ""state""]"
33,data/cicero_redacted_games/game_446643_AUSTRIA_GR.json,root,10,W1903A,False,0,2,2,True,"[""logs"", ""messages"", ""name"", ""orders"", ""results"", ""state""]"
33,data/cicero_redacted_games/game_446643_AUSTRIA_GR.json,root,11,S1904M,True,11,7,34,True,"[""logs"", ""messages"", ""name"", ""orders"", ""results"", ""state""]"
33,data/cicero_redacted_games/game_446643_AUSTRIA_GR.json,root,12,S1904R,False,0,1,1,True,"[""logs"", ""messages"", ""name"", ""orders"", ""results"", ""state""]"
33,data/cicero_redacted_games/game_446643_AUSTRIA_GR.json,root,13,F1904M,True,13,7,33,True,"[""logs"", ""messages"", ""name"", ""orders"", ""results"", ""state""]"
33,data/cicero_redacted_games/game_446643_AUSTRIA_GR.json,root,14,F1904R,False,0,2,3,True,"[""logs"", ""messages"", ""name"", ""orders"", ""results"", ""state""]"
33,data/cicero_redacted_games/game_446643_AUSTRIA_GR.json,root,15,W1904A,False,0,4,8,True,"[""logs"", ""messages"", ""name"", ""orders"", ""results"", ""state""]"
33,data/cicero_redacted_games/game_446643_AUSTRIA_GR.json,root,16,S1905M,True,11,7,34,True,"[""logs"", ""messages"", ""name"", ""orders"", ""results"", ""state""]"
33,data/cicero_redacted_games/game_446643_AUSTRIA_GR.json,root,17,S1905R,False,0,2,2,True,"[""logs"", ""messages"", ""name"", ""orders"", ""results"", ""state""]"
33,data/cicero_redacted_games/game_446643_AUSTRIA_GR.json,root,18,F1905M,True,8,7,33,True,"[""logs"", ""messages"", ""name"", ""orders"", ""results"", ""state""]"
33,data/cicero_redacted_games/game_446643_AUSTRIA_GR.json,root,19,F1905R,False,0,2,2,True,"[""logs"", ""messages"", ""name"", ""orders"", ""results"", ""state""]"
33,data/cicero_redacted_games/game_446643_AUSTRIA_GR.json,root,20,W1905A,False,0,5,6,True,"[""logs"", ""messages"", ""name"", ""orders"", ""results"", ""state""]"
33,data/cicero_redacted_games/game_446643_AUSTRIA_GR.json,root,21,S1906M,True,0,4,34,True,"[""logs"", ""messages"", ""name"", ""orders"", ""results"", ""state""]"
33,data/cicero_redacted_games/game_446643_AUSTRIA_GR.json,root,22,S1906R,False,0,1,1,True,"[""logs"", ""messages"", ""name"", ""orders"", ""results"", ""state""]"
33,data/cicero_redacted_games/game_446643_AUSTRIA_GR.json,root,23,F1906M,True,5,4,34,True,"[""logs"", ""messages"", ""name"", ""orders"", ""results"", ""state""]"
33,data/cicero_redacted_games/game_446643_AUSTRIA_GR.json,root,24,F1906R,False,0,1,2,True,"[""logs"", ""messages"", ""name"", ""orders"", ""results"", ""state""]"
33,data/cicero_redacted_games/game_446643_AUSTRIA_GR.json,root,25,W1906A,False,0,4,6,True,"[""logs"", ""messages"", ""name"", ""orders"", ""results"", ""state""]"
33,data/cicero_redacted_games/game_446643_AUSTRIA_GR.json,root,26,S1907M,True,6,4,34,True,"[""logs"", ""messages"", ""name"", ""orders"", ""results"", ""state""]"
33,data/cicero_redacted_games/game_446643_AUSTRIA_GR.json,root,27,S1907R,False,0,3,4,True,"[""logs"", ""messages"", ""name"", ""orders"", ""results"", ""state""]"
33,data/cicero_redacted_games/game_446643_AUSTRIA_GR.json,root,28,F1907M,True,5,4,32,True,"[""logs"", ""messages"", ""name"", ""orders"", ""results"", ""state""]"
33,data/cicero_redacted_games/game_446643_AUSTRIA_GR.json,root,29,F1907R,False,0,2,2,True,"[""logs"", ""messages"", ""name"", ""orders"", ""results"", ""state""]"
33,data/cicero_redacted_games/game_446643_AUSTRIA_GR.json,root,30,W1907A,False,0,4,6,True,"[""logs"", ""messages"", ""name"", ""orders"", ""results"", ""state""]"
33,data/cicero_redacted_games/game_446643_AUSTRIA_GR.json,root,31,S1908M,True,4,4,34,True,"[""logs"", ""messages"", ""name"", ""orders"", ""results"", ""state""]"
33,data/cicero_redacted_games/game_446643_AUSTRIA_GR.json,root,32,S1908R,False,0,3,4,True,"[""logs"", ""messages"", ""name"", ""orders"", ""results"", ""state""]"
33,data/cicero_redacted_games/game_446643_AUSTRIA_GR.json,root,33,F1908M,True,2,4,32,True,"[""logs"", ""messages"", ""name"", ""orders"", ""results"", ""state""]"
33,data/cicero_redacted_games/game_446643_AUSTRIA_GR.json,root,34,F1908R,False,0,2,3,True,"[""logs"", ""messages"", ""name"", ""orders"", ""results"", ""state""]"
33,data/cicero_redacted_games/game_446643_AUSTRIA_GR.json,root,35,W1908A,False,0,0,0,True,"[""logs"", ""messages"", ""name"", ""orders"", ""results"", ""state""]"
33,data/cicero_redacted_games/game_446643_AUSTRIA_GR.json,root,36,S1909M,True,0,0,0,True,"[""logs"", ""messages"", ""name"", ""orders"", ""results"", ""state""]"
34,data/cicero_redacted_games/game_447229_ENGLAND_GI.json,root,0,S1901M,True,5,7,22,True,"[""logs"", ""messages"", ""name"", ""orders"", ""results"", ""state""]"
34,data/cicero_redacted_games/game_447229_ENGLAND_GI.json,root,1,F1901M,True,13,7,22,True,"[""logs"", ""messages"", ""name"", ""orders"", ""results"", ""state""]"
34,data/cicero_redacted_games/game_447229_ENGLAND_GI.json,root,2,F1901R,False,0,1,1,True,"[""logs"", ""messages"", ""name"", ""orders"", ""results"", ""state""]"
34,data/cicero_redacted_games/game_447229_ENGLAND_GI.json,root,3,W1901A,False,0,7,9,True,"[""logs"", ""messages"", ""name"", ""orders"", ""results"", ""state""]"
34,data/cicero_redacted_games/game_447229_ENGLAND_GI.json,root,4,S1902M,True,16,7,31,True,"[""logs"", ""messages"", ""name"", ""orders"", ""results"", ""state""]"
34,data/cicero_redacted_games/game_447229_ENGLAND_GI.json,root,5,F1902M,True,12,7,31,True,"[""logs"", ""messages"", ""name"", ""orders"", ""results"", ""state""]"
34,data/cicero_redacted_games/game_447229_ENGLAND_GI.json,root,6,F1902R,False,0,1,1,True,"[""logs"", ""messages"", ""name"", ""orders"", ""results"", ""state""]"
34,data/cicero_redacted_games/game_447229_ENGLAND_GI.json,root,7,W1902A,False,0,2,2,True,"[""logs"", ""messages"", ""name"", ""orders"", ""results"", ""state""]"
34,data/cicero_redacted_games/game_447229_ENGLAND_GI.json,root,8,S1903M,True,12,7,33,True,"[""logs"", ""messages"", ""name"", ""orders"", ""results"", ""state""]"
34,data/cicero_redacted_games/game_447229_ENGLAND_GI.json,root,9,S1903R,False,0,2,3,True,"[""logs"", ""messages"", ""name"", ""orders"", ""results"", ""state""]"
34,data/cicero_redacted_games/game_447229_ENGLAND_GI.json,root,10,F1903M,True,7,7,32,True,"[""logs"", ""messages"", ""name"", ""orders"", ""results"", ""state""]"
34,data/cicero_redacted_games/game_447229_ENGLAND_GI.json,root,11,F1903R,False,0,2,2,True,"[""logs"", ""messages"", ""name"", ""orders"", ""results"", ""state""]"
34,data/cicero_redacted_games/game_447229_ENGLAND_GI.json,root,12,W1903A,False,0,4,6,True,"[""logs"", ""messages"", ""name"", ""orders"", ""results"", ""state""]"
34,data/cicero_redacted_games/game_447229_ENGLAND_GI.json,root,13,S1904M,True,1,7,34,True,"[""logs"", ""messages"", ""name"", ""orders"", ""results"", ""state""]"
34,data/cicero_redacted_games/game_447229_ENGLAND_GI.json,root,14,S1904R,False,0,1,1,True,"[""logs"", ""messages"", ""name"", ""orders"", ""results"", ""state""]"
34,data/cicero_redacted_games/game_447229_ENGLAND_GI.json,root,15,F1904M,True,9,7,34,True,"[""logs"", ""messages"", ""name"", ""orders"", ""results"", ""state""]"
34,data/cicero_redacted_games/game_447229_ENGLAND_GI.json,root,16,F1904R,False,0,1,1,True,"[""logs"", ""messages"", ""name"", ""orders"", ""results"", ""state""]"
34,data/cicero_redacted_games/game_447229_ENGLAND_GI.json,root,17,W1904A,False,0,5,6,True,"[""logs"", ""messages"", ""name"", ""orders"", ""results"", ""state""]"
34,data/cicero_redacted_games/game_447229_ENGLAND_GI.json,root,18,S1905M,True,16,6,34,True,"[""logs"", ""messages"", ""name"", ""orders"", ""results"", ""state""]"
34,data/cicero_redacted_games/game_447229_ENGLAND_GI.json,root,19,S1905R,False,0,1,1,True,"[""logs"", ""messages"", ""name"", ""orders"", ""results"", ""state""]"
34,data/cicero_redacted_games/game_447229_ENGLAND_GI.json,root,20,F1905M,True,10,6,34,True,"[""logs"", ""messages"", ""name"", ""orders"", ""results"", ""state""]"
34,data/cicero_redacted_games/game_447229_ENGLAND_GI.json,root,21,F1905R,False,0,2,3,True,"[""logs"", ""messages"", ""name"", ""orders"", ""results"", ""state""]"
34,data/cicero_redacted_games/game_447229_ENGLAND_GI.json,root,22,W1905A,False,0,2,3,True,"[""logs"", ""messages"", ""name"", ""orders"", ""results"", ""state""]"
34,data/cicero_redacted_games/game_447229_ENGLAND_GI.json,root,23,S1906M,True,9,6,34,True,"[""logs"", ""messages"", ""name"", ""orders"", ""results"", ""state""]"
34,data/cicero_redacted_games/game_447229_ENGLAND_GI.json,root,24,S1906R,False,0,2,3,True,"[""logs"", ""messages"", ""name"", ""orders"", ""results"", ""state""]"
34,data/cicero_redacted_games/game_447229_ENGLAND_GI.json,root,25,F1906M,True,17,6,32,True,"[""logs"", ""messages"", ""name"", ""orders"", ""results"", ""state""]"
34,data/cicero_redacted_games/game_447229_ENGLAND_GI.json,root,26,F1906R,False,0,1,2,True,"[""logs"", ""messages"", ""name"", ""orders"", ""results"", ""state""]"
34,data/cicero_redacted_games/game_447229_ENGLAND_GI.json,root,27,W1906A,False,0,3,3,True,"[""logs"", ""messages"", ""name"", ""orders"", ""results"", ""state""]"
34,data/cicero_redacted_games/game_447229_ENGLAND_GI.json,root,28,S1907M,True,13,6,34,True,"[""logs"", ""messages"", ""name"", ""orders"", ""results"", ""state""]"
34,data/cicero_redacted_games/game_447229_ENGLAND_GI.json,root,29,S1907R,False,0,1,2,True,"[""logs"", ""messages"", ""name"", ""orders"", ""results"", ""state""]"
34,data/cicero_redacted_games/game_447229_ENGLAND_GI.json,root,30,F1907M,True,1,6,33,True,"[""logs"", ""messages"", ""name"", ""orders"", ""results"", ""state""]"
34,data/cicero_redacted_games/game_447229_ENGLAND_GI.json,root,31,F1907R,False,0,1,1,True,"[""logs"", ""messages"", ""name"", ""orders"", ""results"", ""state""]"
34,data/cicero_redacted_games/game_447229_ENGLAND_GI.json,root,32,W1907A,False,0,3,6,True,"[""logs"", ""messages"", ""name"", ""orders"", ""results"", ""state""]"
34,data/cicero_redacted_games/game_447229_ENGLAND_GI.json,root,33,S1908M,True,11,6,33,True,"[""logs"", ""messages"", ""name"", ""orders"", ""results"", ""state""]"
34,data/cicero_redacted_games/game_447229_ENGLAND_GI.json,root,34,S1908R,False,0,1,2,True,"[""logs"", ""messages"", ""name"", ""orders"", ""results"", ""state""]"
34,data/cicero_redacted_games/game_447229_ENGLAND_GI.json,root,35,F1908M,True,1,6,33,True,"[""logs"", ""messages"", ""name"", ""orders"", ""results"", ""state""]"
34,data/cicero_redacted_games/game_447229_ENGLAND_GI.json,root,36,F1908R,False,0,3,4,True,"[""logs"", ""messages"", ""name"", ""orders"", ""results"", ""state""]"
34,data/cicero_redacted_games/game_447229_ENGLAND_GI.json,root,37,W1908A,False,0,0,0,True,"[""logs"", ""messages"", ""name"", ""orders"", ""results"", ""state""]"
34,data/cicero_redacted_games/game_447229_ENGLAND_GI.json,root,38,S1909M,True,0,0,0,True,"[""logs"", ""messages"", ""name"", ""orders"", ""results"", ""state""]"
35,data/cicero_redacted_games/game_447784_ITALY_RT.json,root,0,S1901M,True,13,7,22,True,"[""logs"", ""messages"", ""name"", ""orders"", ""results"", ""state""]"
35,data/cicero_redacted_games/game_447784_ITALY_RT.json,root,1,F1901M,True,6,7,22,True,"[""logs"", ""messages"", ""name"", ""orders"", ""results"", ""state""]"
35,data/cicero_redacted_games/game_447784_ITALY_RT.json,root,2,W1901A,False,0,7,11,True,"[""logs"", ""messages"", ""name"", ""orders"", ""results"", ""state""]"
35,data/cicero_redacted_games/game_447784_ITALY_RT.json,root,3,S1902M,True,19,7,33,True,"[""logs"", ""messages"", ""name"", ""orders"", ""results"", ""state""]"
35,data/cicero_redacted_games/game_447784_ITALY_RT.json,root,4,S1902R,False,0,1,1,True,"[""logs"", ""messages"", ""name"", ""orders"", ""results"", ""state""]"
35,data/cicero_redacted_games/game_447784_ITALY_RT.json,root,5,F1902M,True,11,7,32,True,"[""logs"", ""messages"", ""name"", ""orders"", ""results"", ""state""]"
35,data/cicero_redacted_games/game_447784_ITALY_RT.json,root,6,F1902R,False,0,1,1,True,"[""logs"", ""messages"", ""name"", ""orders"", ""results"", ""state""]"
35,data/cicero_redacted_games/game_447784_ITALY_RT.json,root,7,W1902A,False,0,3,3,True,"[""logs"", ""messages"", ""name"", ""orders"", ""results"", ""state""]"
35,data/cicero_redacted_games/game_447784_ITALY_RT.json,root,8,S1903M,True,6,7,34,True,"[""logs"", ""messages"", ""name"", ""orders"", ""results"", ""state""]"
35,data/cicero_redacted_games/game_447784_ITALY_RT.json,root,9,S1903R,False,0,1,1,True,"[""logs"", ""messages"", ""name"", ""orders"", ""results"", ""state""]"
35,data/cicero_redacted_games/game_447784_ITALY_RT.json,root,10,F1903M,True,13,7,33,True,"[""logs"", ""messages"", ""name"", ""orders"", ""results"", ""state""]"
35,data/cicero_redacted_games/game_447784_ITALY_RT.json,root,11,F1903R,False,0,2,3,True,"[""logs"", ""messages"", ""name"", ""orders"", ""results"", ""state""]"
35,data/cicero_redacted_games/game_447784_ITALY_RT.json,root,12,W1903A,False,0,2,2,True,"[""logs"", ""messages"", ""name"", ""orders"", ""results"", ""state""]"
35,data/cicero_redacted_games/game_447784_ITALY_RT.json,root,13,S1904M,True,9,6,33,True,"[""logs"", ""messages"", ""name"", ""orders"", ""results"", ""state""]"
35,data/cicero_redacted_games/game_447784_ITALY_RT.json,root,14,S1904R,False,0,2,2,True,"[""logs"", ""messages"", ""name"", ""orders"", ""results"", ""state""]"
35,data/cicero_redacted_games/game_447784_ITALY_RT.json,root,15,F1904M,True,8,6,33,True,"[""logs"", ""messages"", ""name"", ""orders"", ""results"", ""state""]"
35,data/cicero_redacted_games/game_447784_ITALY_RT.json,root,16,F1904R,False,0,3,3,True,"[""logs"", ""messages"", ""name"", ""orders"", ""results"", ""state""]"
35,data/cicero_redacted_games/game_447784_ITALY_RT.json,root,17,W1904A,False,0,2,2,True,"[""logs"", ""messages"", ""name"", ""orders"", ""results"", ""state""]"
35,data/cicero_redacted_games/game_447784_ITALY_RT.json,root,18,S1905M,True,11,6,34,True,"[""logs"", ""messages"", ""name"", ""orders"", ""results"", ""state""]"
35,data/cicero_redacted_games/game_447784_ITALY_RT.json,root,19,S1905R,False,0,1,1,True,"[""logs"", ""messages"", ""name"", ""orders"", ""results"", ""state""]"
35,data/cicero_redacted_games/game_447784_ITALY_RT.json,root,20,F1905M,True,10,6,33,True,"[""logs"", ""messages"", ""name"", ""orders"", ""results"", ""state""]"
35,data/cicero_redacted_games/game_447784_ITALY_RT.json,root,21,F1905R,False,0,2,3,True,"[""logs"", ""messages"", ""name"", ""orders"", ""results"", ""state""]"
35,data/cicero_redacted_games/game_447784_ITALY_RT.json,root,22,W1905A,False,0,2,3,True,"[""logs"", ""messages"", ""name"", ""orders"", ""results"", ""state""]"
35,data/cicero_redacted_games/game_447784_ITALY_RT.json,root,23,S1906M,True,12,6,34,True,"[""logs"", ""messages"", ""name"", ""orders"", ""results"", ""state""]"
35,data/cicero_redacted_games/game_447784_ITALY_RT.json,root,24,S1906R,False,0,1,2,True,"[""logs"", ""messages"", ""name"", ""orders"", ""results"", ""state""]"
35,data/cicero_redacted_games/game_447784_ITALY_RT.json,root,25,F1906M,True,7,6,34,True,"[""logs"", ""messages"", ""name"", ""orders"", ""results"", ""state""]"
35,data/cicero_redacted_games/game_447784_ITALY_RT.json,root,26,F1906R,False,0,3,3,True,"[""logs"", ""messages"", ""name"", ""orders"", ""results"", ""state""]"
35,data/cicero_redacted_games/game_447784_ITALY_RT.json,root,27,W1906A,False,0,4,6,True,"[""logs"", ""messages"", ""name"", ""orders"", ""results"", ""state""]"
35,data/cicero_redacted_games/game_447784_ITALY_RT.json,root,28,S1907M,True,3,6,34,True,"[""logs"", ""messages"", ""name"", ""orders"", ""results"", ""state""]"
35,data/cicero_redacted_games/game_447784_ITALY_RT.json,root,29,S1907R,False,0,1,1,True,"[""logs"", ""messages"", ""name"", ""orders"", ""results"", ""state""]"
35,data/cicero_redacted_games/game_447784_ITALY_RT.json,root,30,F1907M,True,0,6,34,True,"[""logs"", ""messages"", ""name"", ""orders"", ""results"", ""state""]"
35,data/cicero_redacted_games/game_447784_ITALY_RT.json,root,31,F1907R,False,0,3,3,True,"[""logs"", ""messages"", ""name"", ""orders"", ""results"", ""state""]"
35,data/cicero_redacted_games/game_447784_ITALY_RT.json,root,32,W1907A,False,0,1,1,True,"[""logs"", ""messages"", ""name"", ""orders"", ""results"", ""state""]"
35,data/cicero_redacted_games/game_447784_ITALY_RT.json,root,33,S1908M,True,0,6,34,True,"[""logs"", ""messages"", ""name"", ""orders"", ""results"", ""state""]"
35,data/cicero_redacted_games/game_447784_ITALY_RT.json,root,34,S1908R,False,0,3,3,True,"[""logs"", ""messages"", ""name"", ""orders"", ""results"", ""state""]"
35,data/cicero_redacted_games/game_447784_ITALY_RT.json,root,35,F1908M,True,0,6,32,True,"[""logs"", ""messages"", ""name"", ""orders"", ""results"", ""state""]"
35,data/cicero_redacted_games/game_447784_ITALY_RT.json,root,36,F1908R,False,0,3,5,True,"[""logs"", ""messages"", ""name"", ""orders"", ""results"", ""state""]"
35,data/cicero_redacted_games/game_447784_ITALY_RT.json,root,37,W1908A,False,0,0,0,True,"[""logs"", ""messages"", ""name"", ""orders"", ""results"", ""state""]"
35,data/cicero_redacted_games/game_447784_ITALY_RT.json,root,38,S1909M,True,0,0,0,True,"[""logs"", ""messages"", ""name"", ""orders"", ""results"", ""state""]"
36,data/cicero_redacted_games/game_448105_ENGLAND_AG.json,root,0,S1901M,True,17,7,22,True,"[""logs"", ""messages"", ""name"", ""orders"", ""results"", ""state""]"
36,data/cicero_redacted_games/game_448105_ENGLAND_AG.json,root,1,F1901M,True,9,7,22,True,"[""logs"", ""messages"", ""name"", ""orders"", ""results"", ""state""]"
36,data/cicero_redacted_games/game_448105_ENGLAND_AG.json,root,2,W1901A,False,0,7,11,True,"[""logs"", ""messages"", ""name"", ""orders"", ""results"", ""state""]"
36,data/cicero_redacted_games/game_448105_ENGLAND_AG.json,root,3,S1902M,True,0,7,33,True,"[""logs"", ""messages"", ""name"", ""orders"", ""results"", ""state""]"
36,data/cicero_redacted_games/game_448105_ENGLAND_AG.json,root,4,F1902M,True,0,7,33,True,"[""logs"", ""messages"", ""name"", ""orders"", ""results"", ""state""]"
36,data/cicero_redacted_games/game_448105_ENGLAND_AG.json,root,5,F1902R,False,0,3,3,True,"[""logs"", ""messages"", ""name"", ""orders"", ""results"", ""state""]"
36,data/cicero_redacted_games/game_448105_ENGLAND_AG.json,root,6,W1902A,False,0,3,3,True,"[""logs"", ""messages"", ""name"", ""orders"", ""results"", ""state""]"
36,data/cicero_redacted_games/game_448105_ENGLAND_AG.json,root,7,S1903M,True,0,7,33,True,"[""logs"", ""messages"", ""name"", ""orders"", ""results"", ""state""]"
36,data/cicero_redacted_games/game_448105_ENGLAND_AG.json,root,8,F1903M,True,1,7,33,True,"[""logs"", ""messages"", ""name"", ""orders"", ""results"", ""state""]"
36,data/cicero_redacted_games/game_448105_ENGLAND_AG.json,root,9,F1903R,False,0,2,2,True,"[""logs"", ""messages"", ""name"", ""orders"", ""results"", ""state""]"
36,data/cicero_redacted_games/game_448105_ENGLAND_AG.json,root,10,W1903A,False,0,4,4,True,"[""logs"", ""messages"", ""name"", ""orders"", ""results"", ""state""]"
36,data/cicero_redacted_games/game_448105_ENGLAND_AG.json,root,11,S1904M,True,0,7,34,True,"[""logs"", ""messages"", ""name"", ""orders"", ""results"", ""state""]"
36,data/cicero_redacted_games/game_448105_ENGLAND_AG.json,root,12,F1904M,True,1,7,34,True,"[""logs"", ""messages"", ""name"", ""orders"", ""results"", ""state""]"
36,data/cicero_redacted_games/game_448105_ENGLAND_AG.json,root,13,F1904R,False,0,3,3,True,"[""logs"", ""messages"", ""name"", ""orders"", ""results"", ""state""]"
36,data/cicero_redacted_games/game_448105_ENGLAND_AG.json,root,14,W1904A,False,0,5,8,True,"[""logs"", ""messages"", ""name"", ""orders"", ""results"", ""state""]"
36,data/cicero_redacted_games/game_448105_ENGLAND_AG.json,root,15,S1905M,True,1,7,34,True,"[""logs"", ""messages"", ""name"", ""orders"", ""results"", ""state""]"
36,data/cicero_redacted_games/game_448105_ENGLAND_AG.json,root,16,S1905R,False,0,3,3,True,"[""logs"", ""messages"", ""name"", ""orders"", ""results"", ""state""]"
36,data/cicero_redacted_games/game_448105_ENGLAND_AG.json,root,17,F1905M,True,0,7,33,True,"[""logs"", ""messages"", ""name"", ""orders"", ""results"", ""state""]"
36,data/cicero_redacted_games/game_448105_ENGLAND_AG.json,root,18,F1905R,False,0,2,2,True,"[""logs"", ""messages"", ""name"", ""orders"", ""results"", ""state""]"
36,data/cicero_redacted_games/game_448105_ENGLAND_AG.json,root,19,W1905A,False,0,3,4,True,"[""logs"", ""messages"", ""name"", ""orders"", ""results"", ""state""]"
36,data/cicero_redacted_games/game_448105_ENGLAND_AG.json,root,20,S1906M,True,0,7,34,True,"[""logs"", ""messages"", ""name"", ""orders"", ""results"", ""state""]"
36,data/cicero_redacted_games/game_448105_ENGLAND_AG.json,root,21,S1906R,False,0,1,1,True,"[""logs"", ""messages"", ""name"", ""orders"", ""results"", ""state""]"
36,data/cicero_redacted_games/game_448105_ENGLAND_AG.json,root,22,F1906M,True,0,7,34,True,"[""logs"", ""messages"", ""name"", ""orders"", ""results"", ""state""]"
36,data/cicero_redacted_games/game_448105_ENGLAND_AG.json,root,23,F1906R,False,0,2,2,True,"[""logs"", ""messages"", ""name"", ""orders"", ""results"", ""state""]"
36,data/cicero_redacted_games/game_448105_ENGLAND_AG.json,root,24,W1906A,False,0,5,5,True,"[""logs"", ""messages"", ""name"", ""orders"", ""results"", ""state""]"
36,data/cicero_redacted_games/game_448105_ENGLAND_AG.json,root,25,S1907M,True,3,7,33,True,"[""logs"", ""messages"", ""name"", ""orders"", ""results"", ""state""]"
36,data/cicero_redacted_games/game_448105_ENGLAND_AG.json,root,26,S1907R,False,0,4,4,True,"[""logs"", ""messages"", ""name"", ""orders"", ""results"", ""state""]"
36,data/cicero_redacted_games/game_448105_ENGLAND_AG.json,root,27,F1907M,True,0,7,33,True,"[""logs"", ""messages"", ""name"", ""orders"", ""results"", ""state""]"
36,data/cicero_redacted_games/game_448105_ENGLAND_AG.json,root,28,F1907R,False,0,3,3,True,"[""logs"", ""messages"", ""name"", ""orders"", ""results"", ""state""]"
36,data/cicero_redacted_games/game_448105_ENGLAND_AG.json,root,29,W1907A,False,0,4,5,True,"[""logs"", ""messages"", ""name"", ""orders"", ""results"", ""state""]"
36,data/cicero_redacted_games/game_448105_ENGLAND_AG.json,root,30,S1908M,True,0,6,34,True,"[""logs"", ""messages"", ""name"", ""orders"", ""results"", ""state""]"
36,data/cicero_redacted_games/game_448105_ENGLAND_AG.json,root,31,S1908R,False,0,1,2,True,"[""logs"", ""messages"", ""name"", ""orders"", ""results"", ""state""]"
36,data/cicero_redacted_games/game_448105_ENGLAND_AG.json,root,32,F1908M,True,0,6,34,True,"[""logs"", ""messages"", ""name"", ""orders"", ""results"", ""state""]"
36,data/cicero_redacted_games/game_448105_ENGLAND_AG.json,root,33,F1908R,False,0,1,1,True,"[""logs"", ""messages"", ""name"", ""orders"", ""results"", ""state""]"
36,data/cicero_redacted_games/game_448105_ENGLAND_AG.json,root,34,W1908A,False,0,0,0,True,"[""logs"", ""messages"", ""name"", ""orders"", ""results"", ""state""]"
36,data/cicero_redacted_games/game_448105_ENGLAND_AG.json,root,35,S1909M,True,0,0,0,True,"[""logs"", ""messages"", ""name"", ""orders"", ""results"", ""state""]"
37,data/cicero_redacted_games/game_448741_ITALY_ERT.json,root,0,S1901M,True,14,7,22,True,"[""logs"", ""messages"", ""name"", ""orders"", ""results"", ""state""]"
37,data/cicero_redacted_games/game_448741_ITALY_ERT.json,root,1,F1901M,True,22,7,22,True,"[""logs"", ""messages"", ""name"", ""orders"", ""results"", ""state""]"
37,data/cicero_redacted_games/game_448741_ITALY_ERT.json,root,2,W1901A,False,0,7,10,True,"[""logs"", ""messages"", ""name"", ""orders"", ""results"", ""state""]"
37,data/cicero_redacted_games/game_448741_ITALY_ERT.json,root,3,S1902M,True,14,7,32,True,"[""logs"", ""messages"", ""name"", ""orders"", ""results"", ""state""]"
37,data/cicero_redacted_games/game_448741_ITALY_ERT.json,root,4,F1902M,True,20,7,32,True,"[""logs"", ""messages"", ""name"", ""orders"", ""results"", ""state""]"
37,data/cicero_redacted_games/game_448741_ITALY_ERT.json,root,5,F1902R,False,0,2,2,True,"[""logs"", ""messages"", ""name"", ""orders"", ""results"", ""state""]"
37,data/cicero_redacted_games/game_448741_ITALY_ERT.json,root,6,W1902A,False,0,1,1,True,"[""logs"", ""messages"", ""name"", ""orders"", ""results"", ""state""]"
37,data/cicero_redacted_games/game_448741_ITALY_ERT.json,root,7,S1903M,True,14,7,33,True,"[""logs"", ""messages"", ""name"", ""orders"", ""results"", ""state""]"
37,data/cicero_redacted_games/game_448741_ITALY_ERT.json,root,8,S1903R,False,0,1,1,True,"[""logs"", ""messages"", ""name"", ""orders"", ""results"", ""state""]"
37,data/cicero_redacted_games/game_448741_ITALY_ERT.json,root,9,F1903M,True,27,7,33,True,"[""logs"", ""messages"", ""name"", ""orders"", ""results"", ""state""]"
37,data/cicero_redacted_games/game_448741_ITALY_ERT.json,root,10,F1903R,False,0,4,4,True,"[""logs"", ""messages"", ""name"", ""orders"", ""results"", ""state""]"
37,data/cicero_redacted_games/game_448741_ITALY_ERT.json,root,11,W1903A,False,0,2,2,True,"[""logs"", ""messages"", ""name"", ""orders"", ""results"", ""state""]"
37,data/cicero_redacted_games/game_448741_ITALY_ERT.json,root,12,S1904M,True,19,7,34,True,"[""logs"", ""messages"", ""name"", ""orders"", ""results"", ""state""]"
37,data/cicero_redacted_games/game_448741_ITALY_ERT.json,root,13,S1904R,False,0,1,1,True,"[""logs"", ""messages"", ""name"", ""orders"", ""results"", ""state""]"
37,data/cicero_redacted_games/game_448741_ITALY_ERT.json,root,14,F1904M,True,7,7,34,True,"[""logs"", ""messages"", ""name"", ""orders"", ""results"", ""state""]"
37,data/cicero_redacted_games/game_448741_ITALY_ERT.json,root,15,F1904R,False,0,3,4,True,"[""logs"", ""messages"", ""name"", ""orders"", ""results"", ""state""]"
37,data/cicero_redacted_games/game_448741_ITALY_ERT.json,root,16,W1904A,False,0,4,5,True,"[""logs"", ""messages"", ""name"", ""orders"", ""results"", ""state""]"
37,data/cicero_redacted_games/game_448741_ITALY_ERT.json,root,17,S1905M,True,10,7,34,True,"[""logs"", ""messages"", ""name"", ""orders"", ""results"", ""state""]"
37,data/cicero_redacted_games/game_448741_ITALY_ERT.json,root,18,S1905R,False,0,1,1,True,"[""logs"", ""messages"", ""name"", ""orders"", ""results"", ""state""]"
37,data/cicero_redacted_games/game_448741_ITALY_ERT.json,root,19,F1905M,True,4,7,34,True,"[""logs"", ""messages"", ""name"", ""orders"", ""results"", ""state""]"
37,data/cicero_redacted_games/game_448741_ITALY_ERT.json,root,20,F1905R,False,0,3,4,True,"[""logs"", ""messages"", ""name"", ""orders"", ""results"", ""state""]"
37,data/cicero_redacted_games/game_448741_ITALY_ERT.json,root,21,W1905A,False,0,3,3,True,"[""logs"", ""messages"", ""name"", ""orders"", ""results"", ""state""]"
37,data/cicero_redacted_games/game_448741_ITALY_ERT.json,root,22,S1906M,True,2,7,34,True,"[""logs"", ""messages"", ""name"", ""orders"", ""results"", ""state""]"
37,data/cicero_redacted_games/game_448741_ITALY_ERT.json,root,23,F1906M,True,12,7,34,True,"[""logs"", ""messages"", ""name"", ""orders"", ""results"", ""state""]"
37,data/cicero_redacted_games/game_448741_ITALY_ERT.json,root,24,F1906R,False,0,4,4,True,"[""logs"", ""messages"", ""name"", ""orders"", ""results"", ""state""]"
37,data/cicero_redacted_games/game_448741_ITALY_ERT.json,root,25,W1906A,False,0,4,4,True,"[""logs"", ""messages"", ""name"", ""orders"", ""results"", ""state""]"
37,data/cicero_redacted_games/game_448741_ITALY_ERT.json,root,26,S1907M,True,17,7,34,True,"[""logs"", ""messages"", ""name"", ""orders"", ""results"", ""state""]"
37,data/cicero_redacted_games/game_448741_ITALY_ERT.json,root,27,F1907M,True,14,7,34,True,"[""logs"", ""messages"", ""name"", ""orders"", ""results"", ""state""]"
37,data/cicero_redacted_games/game_448741_ITALY_ERT.json,root,28,F1907R,False,0,1,1,True,"[""logs"", ""messages"", ""name"", ""orders"", ""results"", ""state""]"
37,data/cicero_redacted_games/game_448741_ITALY_ERT.json,root,29,W1907A,False,0,4,4,True,"[""logs"", ""messages"", ""name"", ""orders"", ""results"", ""state""]"
37,data/cicero_redacted_games/game_448741_ITALY_ERT.json,root,30,S1908M,True,6,7,34,True,"[""logs"", ""messages"", ""name"", ""orders"", ""results"", ""state""]"
37,data/cicero_redacted_games/game_448741_ITALY_ERT.json,root,31,S1908R,False,0,2,3,True,"[""logs"", ""messages"", ""name"", ""orders"", ""results"", ""state""]"
37,data/cicero_redacted_games/game_448741_ITALY_ERT.json,root,32,F1908M,True,7,7,33,True,"[""logs"", ""messages"", ""name"", ""orders"", ""results"", ""state""]"
37,data/cicero_redacted_games/game_448741_ITALY_ERT.json,root,33,F1908R,False,0,2,3,True,"[""logs"", ""messages"", ""name"", ""orders"", ""results"", ""state""]"
37,data/cicero_redacted_games/game_448741_ITALY_ERT.json,root,34,W1908A,False,0,0,0,True,"[""logs"", ""messages"", ""name"", ""orders"", ""results"", ""state""]"
37,data/cicero_redacted_games/game_448741_ITALY_ERT.json,root,35,S1909M,True,0,0,0,True,"[""logs"", ""messages"", ""name"", ""orders"", ""results"", ""state""]"
38,data/cicero_redacted_games/game_449062_TURKEY_AFI.json,root,0,S1901M,True,19,7,22,True,"[""logs"", ""messages"", ""name"", ""orders"", ""results"", ""state""]"
38,data/cicero_redacted_games/game_449062_TURKEY_AFI.json,root,1,F1901M,True,14,7,22,True,"[""logs"", ""messages"", ""name"", ""orders"", ""results"", ""state""]"
38,data/cicero_redacted_games/game_449062_TURKEY_AFI.json,root,2,W1901A,False,0,7,12,True,"[""logs"", ""messages"", ""name"", ""orders"", ""results"", ""state""]"
38,data/cicero_redacted_games/game_449062_TURKEY_AFI.json,root,3,S1902M,True,13,7,32,True,"[""logs"", ""messages"", ""name"", ""orders"", ""results"", ""state""]"
38,data/cicero_redacted_games/game_449062_TURKEY_AFI.json,root,4,S1902R,False,0,1,1,True,"[""logs"", ""messages"", ""name"", ""orders"", ""results"", ""state""]"
38,data/cicero_redacted_games/game_449062_TURKEY_AFI.json,root,5,F1902M,True,9,7,31,True,"[""logs"", ""messages"", ""name"", ""orders"", ""results"", ""state""]"
38,data/cicero_redacted_games/game_449062_TURKEY_AFI.json,root,6,W1902A,False,0,4,5,True,"[""logs"", ""messages"", ""name"", ""orders"", ""results"", ""state""]"
38,data/cicero_redacted_games/game_449062_TURKEY_AFI.json,root,7,S1903M,True,19,7,32,True,"[""logs"", ""messages"", ""name"", ""orders"", ""results"", ""state""]"
38,data/cicero_redacted_games/game_449062_TURKEY_AFI.json,root,8,S1903R,False,0,1,1,True,"[""logs"", ""messages"", ""name"", ""orders"", ""results"", ""state""]"
38,data/cicero_redacted_games/game_449062_TURKEY_AFI.json,root,9,F1903M,True,9,7,32,True,"[""logs"", ""messages"", ""name"", ""orders"", ""results"", ""state""]"
38,data/cicero_redacted_games/game_449062_TURKEY_AFI.json,root,10,F1903R,False,0,2,2,True,"[""logs"", ""messages"", ""name"", ""orders"", ""results"", ""state""]"
38,data/cicero_redacted_games/game_449062_TURKEY_AFI.json,root,11,W1903A,False,0,6,7,True,"[""logs"", ""messages"", ""name"", ""orders"", ""results"", ""state""]"
38,data/cicero_redacted_games/game_449062_TURKEY_AFI.json,root,12,S1904M,True,8,6,33,True,"[""logs"", ""messages"", ""name"", ""orders"", ""results"", ""state""]"
38,data/cicero_redacted_games/game_449062_TURKEY_AFI.json,root,13,F1904M,True,10,6,33,True,"[""logs"", ""messages"", ""name"", ""orders"", ""results"", ""state""]"
38,data/cicero_redacted_games/game_449062_TURKEY_AFI.json,root,14,F1904R,False,0,3,3,True,"[""logs"", ""messages"", ""name"", ""orders"", ""results"", ""state""]"
38,data/cicero_redacted_games/game_449062_TURKEY_AFI.json,root,15,W1904A,False,0,4,7,True,"[""logs"", ""messages"", ""name"", ""orders"", ""results"", ""state""]"
38,data/cicero_redacted_games/game_449062_TURKEY_AFI.json,root,16,S1905M,True,5,6,32,True,"[""logs"", ""messages"", ""name"", ""orders"", ""results"", ""state""]"
38,data/cicero_redacted_games/game_449062_TURKEY_AFI.json,root,17,S1905R,False,0,1,2,True,"[""logs"", ""messages"", ""name"", ""orders"", ""results"", ""state""]"
38,data/cicero_redacted_games/game_449062_TURKEY_AFI.json,root,18,F1905M,True,5,6,32,True,"[""logs"", ""messages"", ""name"", ""orders"", ""results"", ""state""]"
38,data/cicero_redacted_games/game_449062_TURKEY_AFI.json,root,19,F1905R,False,0,2,2,True,"[""logs"", ""messages"", ""name"", ""orders"", ""results"", ""state""]"
38,data/cicero_redacted_games/game_449062_TURKEY_AFI.json,root,20,W1905A,False,0,4,5,True,"[""logs"", ""messages"", ""name"", ""orders"", ""results"", ""state""]"
38,data/cicero_redacted_games/game_449062_TURKEY_AFI.json,root,21,S1906M,True,1,5,32,True,"[""logs"", ""messages"", ""name"", ""orders"", ""results"", ""state""]"
38,data/cicero_redacted_games/game_449062_TURKEY_AFI.json,root,22,S1906R,False,0,2,2,True,"[""logs"", ""messages"", ""name"", ""orders"", ""results"", ""state""]"
38,data/cicero_redacted_games/game_449062_TURKEY_AFI.json,root,23,F1906M,True,0,5,31,True,"[""logs"", ""messages"", ""name"", ""orders"", ""results"", ""state""]"
38,data/cicero_redacted_games/game_449062_TURKEY_AFI.json,root,24,F1906R,False,0,2,2,True,"[""logs"", ""messages"", ""name"", ""orders"", ""results"", ""state""]"
38,data/cicero_redacted_games/game_449062_TURKEY_AFI.json,root,25,W1906A,False,0,4,6,True,"[""logs"", ""messages"", ""name"", ""orders"", ""results"", ""state""]"
38,data/cicero_redacted_games/game_449062_TURKEY_AFI.json,root,26,S1907M,True,0,5,33,True,"[""logs"", ""messages"", ""name"", ""orders"", ""results"", ""state""]"
38,data/cicero_redacted_games/game_449062_TURKEY_AFI.json,root,27,S1907R,False,0,1,1,True,"[""logs"", ""messages"", ""name"", ""orders"", ""results"", ""state""]"
38,data/cicero_redacted_games/game_449062_TURKEY_AFI.json,root,28,F1907M,True,5,5,33,True,"[""logs"", ""messages"", ""name"", ""orders"", ""results"", ""state""]"
38,data/cicero_redacted_games/game_449062_TURKEY_AFI.json,root,29,F1907R,False,0,2,2,True,"[""logs"", ""messages"", ""name"", ""orders"", ""results"", ""state""]"
38,data/cicero_redacted_games/game_449062_TURKEY_AFI.json,root,30,W1907A,False,0,4,7,True,"[""logs"", ""messages"", ""name"", ""orders"", ""results"", ""state""]"
38,data/cicero_redacted_games/game_449062_TURKEY_AFI.json,root,31,S1908M,True,0,5,34,True,"[""logs"", ""messages"", ""name"", ""orders"", ""results"", ""state""]"
38,data/cicero_redacted_games/game_449062_TURKEY_AFI.json,root,32,S1908R,False,0,1,2,True,"[""logs"", ""messages"", ""name"", ""orders"", ""results"", ""state""]"
38,data/cicero_redacted_games/game_449062_TURKEY_AFI.json,root,33,F1908M,True,2,5,33,True,"[""logs"", ""messages"", ""name"", ""orders"", ""results"", ""state""]"
38,data/cicero_redacted_games/game_449062_TURKEY_AFI.json,root,34,F1908R,False,0,2,3,True,"[""logs"", ""messages"", ""name"", ""orders"", ""results"", ""state""]"
38,data/cicero_redacted_games/game_449062_TURKEY_AFI.json,root,35,COMPLETED,False,0,0,0,True,"[""logs"", ""messages"", ""name"", ""orders"", ""results"", ""state""]"
39,data/cicero_redacted_games/game_449418_ENGLAND_GRT.json,root,0,S1901M,True,24,7,22,True,"[""logs"", ""messages"", ""name"", ""orders"", ""results"", ""state""]"
39,data/cicero_redacted_games/game_449418_ENGLAND_GRT.json,root,1,F1901M,True,23,7,22,True,"[""logs"", ""messages"", ""name"", ""orders"", ""results"", ""state""]"
39,data/cicero_redacted_games/game_449418_ENGLAND_GRT.json,root,2,F1901R,False,0,1,1,True,"[""logs"", ""messages"", ""name"", ""orders"", ""results"", ""state""]"
39,data/cicero_redacted_games/game_449418_ENGLAND_GRT.json,root,3,W1901A,False,0,7,12,True,"[""logs"", ""messages"", ""name"", ""orders"", ""results"", ""state""]"
39,data/cicero_redacted_games/game_449418_ENGLAND_GRT.json,root,4,S1902M,True,36,7,34,True,"[""logs"", ""messages"", ""name"", ""orders"", ""results"", ""state""]"
39,data/cicero_redacted_games/game_449418_ENGLAND_GRT.json,root,5,S1902R,False,0,2,2,True,"[""logs"", ""messages"", ""name"", ""orders"", ""results"", ""state""]"
39,data/cicero_redacted_games/game_449418_ENGLAND_GRT.json,root,6,F1902M,True,22,7,33,True,"[""logs"", ""messages"", ""name"", ""orders"", ""results"", ""state""]"
39,data/cicero_redacted_games/game_449418_ENGLAND_GRT.json,root,7,F1902R,False,0,1,1,True,"[""logs"", ""messages"", ""name"", ""orders"", ""results"", ""state""]"
39,data/cicero_redacted_games/game_449418_ENGLAND_GRT.json,root,8,W1902A,False,0,4,5,True,"[""logs"", ""messages"", ""name"", ""orders"", ""results"", ""state""]"
39,data/cicero_redacted_games/game_449418_ENGLAND_GRT.json,root,9,S1903M,True,16,7,34,True,"[""logs"", ""messages"", ""name"", ""orders"", ""results"", ""state""]"
39,data/cicero_redacted_games/game_449418_ENGLAND_GRT.json,root,10,S1903R,False,0,1,1,True,"[""logs"", ""messages"", ""name"", ""orders"", ""results"", ""state""]"
39,data/cicero_redacted_games/game_449418_ENGLAND_GRT.json,root,11,F1903M,True,1,7,33,True,"[""logs"", ""messages"", ""name"", ""orders"", ""results"", ""state""]"
39,data/cicero_redacted_games/game_449418_ENGLAND_GRT.json,root,12,F1903R,False,0,2,2,True,"[""logs"", ""messages"", ""name"", ""orders"", ""results"", ""state""]"
39,data/cicero_redacted_games/game_449418_ENGLAND_GRT.json,root,13,W1903A,False,0,4,5,True,"[""logs"", ""messages"", ""name"", ""orders"", ""results"", ""state""]"
39,data/cicero_redacted_games/game_449418_ENGLAND_GRT.json,root,14,S1904M,True,0,7,34,True,"[""logs"", ""messages"", ""name"", ""orders"", ""results"", ""state""]"
39,data/cicero_redacted_games/game_449418_ENGLAND_GRT.json,root,15,S1904R,False,0,2,2,True,"[""logs"", ""messages"", ""name"", ""orders"", ""results"", ""state""]"
39,data/cicero_redacted_games/game_449418_ENGLAND_GRT.json,root,16,F1904M,True,22,7,34,True,"[""logs"", ""messages"", ""name"", ""orders"", ""results"", ""state""]"
39,data/cicero_redacted_games/game_449418_ENGLAND_GRT.json,root,17,W1904A,False,0,2,2,True,"[""logs"", ""messages"", ""name"", ""orders"", ""results"", ""state""]"
39,data/cicero_redacted_games/game_449418_ENGLAND_GRT.json,root,18,S1905M,True,16,7,34,True,"[""logs"", ""messages"", ""name"", ""orders"", ""results"", ""state""]"
39,data/cicero_redacted_games/game_449418_ENGLAND_GRT.json,root,19,F1905M,True,3,7,34,True,"[""logs"", ""messages"", ""name"", ""orders"", ""results"", ""state""]"
39,data/cicero_redacted_games/game_449418_ENGLAND_GRT.json,root,20,F1905R,False,0,2,2,True,"[""logs"", ""messages"", ""name"", ""orders"", ""results"", ""state""]"
39,data/cicero_redacted_games/game_449418_ENGLAND_GRT.json,root,21,W1905A,False,0,5,6,True,"[""logs"", ""messages"", ""name"", ""orders"", ""results"", ""state""]"
39,data/cicero_redacted_games/game_449418_ENGLAND_GRT.json,root,22,S1906M,True,11,7,34,True,"[""logs"", ""messages"", ""name"", ""orders"", ""results"", ""state""]"
39,data/cicero_redacted_games/game_449418_ENGLAND_GRT.json,root,23,S1906R,False,0,2,2,True,"[""logs"", ""messages"", ""name"", ""orders"", ""results"", ""state""]"
39,data/cicero_redacted_games/game_449418_ENGLAND_GRT.json,root,24,F1906M,True,14,7,34,True,"[""logs"", ""messages"", ""name"", ""orders"", ""results"", ""state""]"
39,data/cicero_redacted_games/game_449418_ENGLAND_GRT.json,root,25,F1906R,False,0,2,2,True,"[""logs"", ""messages"", ""name"", ""orders"", ""results"", ""state""]"
39,data/cicero_redacted_games/game_449418_ENGLAND_GRT.json,root,26,W1906A,False,0,3,3,True,"[""logs"", ""messages"", ""name"", ""orders"", ""results"", ""state""]"
39,data/cicero_redacted_games/game_449418_ENGLAND_GRT.json,root,27,S1907M,True,8,7,34,True,"[""logs"", ""messages"", ""name"", ""orders"", ""results"", ""state""]"
39,data/cicero_redacted_games/game_449418_ENGLAND_GRT.json,root,28,S1907R,False,0,2,2,True,"[""logs"", ""messages"", ""name"", ""orders"", ""results"", ""state""]"
39,data/cicero_redacted_games/game_449418_ENGLAND_GRT.json,root,29,F1907M,True,11,7,34,True,"[""logs"", ""messages"", ""name"", ""orders"", ""results"", ""state""]"
39,data/cicero_redacted_games/game_449418_ENGLAND_GRT.json,root,30,F1907R,False,0,4,4,True,"[""logs"", ""messages"", ""name"", ""orders"", ""results"", ""state""]"
39,data/cicero_redacted_games/game_449418_ENGLAND_GRT.json,root,31,W1907A,False,0,6,9,True,"[""logs"", ""messages"", ""name"", ""orders"", ""results"", ""state""]"
39,data/cicero_redacted_games/game_449418_ENGLAND_GRT.json,root,32,S1908M,True,8,6,33,True,"[""logs"", ""messages"", ""name"", ""orders"", ""results"", ""state""]"
39,data/cicero_redacted_games/game_449418_ENGLAND_GRT.json,root,33,S1908R,False,0,1,1,True,"[""logs"", ""messages"", ""name"", ""orders"", ""results"", ""state""]"
39,data/cicero_redacted_games/game_449418_ENGLAND_GRT.json,root,34,F1908M,True,2,6,32,True,"[""logs"", ""messages"", ""name"", ""orders"", ""results"", ""state""]"
39,data/cicero_redacted_games/game_449418_ENGLAND_GRT.json,root,35,F1908R,False,0,2,4,True,"[""logs"", ""messages"", ""name"", ""orders"", ""results"", ""state""]"
39,data/cicero_redacted_games/game_449418_ENGLAND_GRT.json,root,36,W1908A,False,0,0,0,True,"[""logs"", ""messages"", ""name"", ""orders"", ""results"", ""state""]"
39,data/cicero_redacted_games/game_449418_ENGLAND_GRT.json,root,37,S1909M,True,0,0,0,True,"[""logs"", ""messages"", ""name"", ""orders"", ""results"", ""state""]"
